case_id,question_id,student_id,language,candidate_id,temperature,prompt_bug_type,prompt,raw_feedback,json_parse_status,diagnosis,hints,target_function,replace_block,with_block
126,19_20-2-1-java,VJM7JEP4,java,1,0.0,runtime_error,"You are a programming tutor.

A student's solution failed tests. Your task is to identify ONE local bug and propose ONE small fix.

Attempt: 1
Approach: Choose the single most likely minimal fix.

Programming language: java
Guessed bug type: runtime_error


    For runtime-error bugs:
    - Check the error message to identify the exact failing access or operation.
    - Check for missing base cases, null checks, invalid parent-child references, and bad index updates.
    - Prioritize fixing the root cause inside one method instead of adding code everywhere to fix it.
    - If the task is a list, tree or array structure then preserve structure invariants after the change.
    

Task title: Queue (Java)
Task description:
Implement a class ""Queue"" that works like a queue (as described in the
the lecture). The class should have at least the
methods emptyqueue(), head(), enqueue(x) and dequeue(). The
queue does not need to hold more than 100 elements.

Note 1: In the Java test, the stack is expected to store ""strings"".
Since Python is dynamically typed, this does not apply.

Note 2: It is not allowed to use ""import""!

Student code currently passes 0/11 tests and fails 11/11 tests.

Student code:
```java
public class Queue {
    QueueItem head;
    QueueItem last;
    
    public Queue() {
        
    }
    
    
    public boolean emptyqueue() {
        return head == null;
    }
    
    public String head() {
        return head.value;
    }
    
    public void enqueue(String s) {
        if(head == null) {
            head = new QueueItem(s);
            last = head;
        } else {
            last.nextItem = new QueueItem(s);
            last = last.nextItem;
        }
    }
    
    public String dequeue() {
        String res = head.value;
        head = head.nextItem;
        return res;
    }
}

public class QueueItem {
    QueueItem nextItem;
    String value;
    
    public QueueItem(String value) {
        this.value = value;
    }
}

Task skeleton (if present):
public class Queue {
    
    public boolean emptyqueue() {
        return false;
    }
    
    public String head() {
        return """";
    }
    
    public void enqueue(String s) {
    }
    
    public String dequeue() {
        return """";
    }
}

Reference answer (for understanding intent only; do not copy whole program unless the whole student solution is only one function/method):
public class Queue {
    private int start = 0;
    private int end = 0;
    private String[] buffer = new String[100];
    
    public boolean emptyqueue() {
        return start == end;
    }
    
    public String head() {
        return buffer[start];
    }
    
    public void enqueue(String s) {
        buffer[end] = s;
        end++;
        if(end == 100) {
            end = 0;
        }
    }
    
    public String dequeue() {
        String s = buffer[start];
        start++;
        if(start == 100) {
            start = 0;
        }
        return s;
    }
}

First failed test:

- test number: 1.0
- expected output: -1
- actual output: 
- error message: /var/folders/f2/p7mgl7_s7719pq33zs5dcrh00000gn/T/tmpaqbfg7nl/Queue.java:35: error: class QueueItem is public, should be declared in a file named QueueItem.java
public class QueueItem {
       ^
1 error

Rules:

1. Focus on exactly ONE method or function if possible.
2. The ""replace"" content must be the complete original buggy function or method copied exactly from the student code.
3. The ""with"" content must be the corrected complete version of that same function/method.
4. Do not include main code, test code, markdown, prose inside JSON values.
5. Do not return just a code fragment like a loop, an if block, statement or expression.
6. If you are unable to identify one exact full function/method to replace, then set:
    - ""target_function"" : ""UNKNOWN""
    - ""replace"" : """"
    - ""with"" : """"

Return valid JSON only with exactly these keys:
{
""diagnosis"": ""1-3 short sentences"",
""hints"": [""hint 1"", ""hint 2"", ""hint 3""],
""target_function"": ""function name or UNKNOWN"",
""replace"": ""exact original full function/method or empty string"",
""with"": ""corrected full function/method or empty string""
}","{
""diagnosis"": ""The error is due to declaring QueueItem as a public class inside the same file as Queue. In Java, only one public class per file is allowed, and its name must match the filename. QueueItem should not be public."",
""hints"": [""In Java, only one public class is allowed per file."", ""Helper classes should be package-private (no modifier) if defined in the same file."", ""Remove 'public' from the QueueItem class declaration.""],
""target_function"": ""QueueItem class declaration"",
""replace"": ""public class QueueItem {\n    QueueItem nextItem;\n    String value;\n    \n    public QueueItem(String value) {\n        this.value = value;\n    }\n}"",
""with"": ""class QueueItem {\n    QueueItem nextItem;\n    String value;\n    \n    public QueueItem(String value) {\n        this.value = value;\n    }\n}""
}",direct_json,"The error is due to declaring QueueItem as a public class inside the same file as Queue. In Java, only one public class per file is allowed, and its name must match the filename. QueueItem should not be public.","['In Java, only one public class is allowed per file.', 'Helper classes should be package-private (no modifier) if defined in the same file.', ""Remove 'public' from the QueueItem class declaration.""]",QueueItem class declaration,"public class QueueItem {
    QueueItem nextItem;
    String value;
    
    public QueueItem(String value) {
        this.value = value;
    }
}","class QueueItem {
    QueueItem nextItem;
    String value;
    
    public QueueItem(String value) {
        this.value = value;
    }
}"
126,19_20-2-1-java,VJM7JEP4,java,2,0.2,runtime_error,"You are a programming tutor.

A student's solution failed tests. Your task is to identify ONE local bug and propose ONE small fix.

Attempt: 2
Approach: Choose a different localized fix, prioritizing null checks, state updates, index updates, or base-case errors when relevant.

Programming language: java
Guessed bug type: runtime_error


    For runtime-error bugs:
    - Check the error message to identify the exact failing access or operation.
    - Check for missing base cases, null checks, invalid parent-child references, and bad index updates.
    - Prioritize fixing the root cause inside one method instead of adding code everywhere to fix it.
    - If the task is a list, tree or array structure then preserve structure invariants after the change.
    

Task title: Queue (Java)
Task description:
Implement a class ""Queue"" that works like a queue (as described in the
the lecture). The class should have at least the
methods emptyqueue(), head(), enqueue(x) and dequeue(). The
queue does not need to hold more than 100 elements.

Note 1: In the Java test, the stack is expected to store ""strings"".
Since Python is dynamically typed, this does not apply.

Note 2: It is not allowed to use ""import""!

Student code currently passes 0/11 tests and fails 11/11 tests.

Student code:
```java
public class Queue {
    QueueItem head;
    QueueItem last;
    
    public Queue() {
        
    }
    
    
    public boolean emptyqueue() {
        return head == null;
    }
    
    public String head() {
        return head.value;
    }
    
    public void enqueue(String s) {
        if(head == null) {
            head = new QueueItem(s);
            last = head;
        } else {
            last.nextItem = new QueueItem(s);
            last = last.nextItem;
        }
    }
    
    public String dequeue() {
        String res = head.value;
        head = head.nextItem;
        return res;
    }
}

public class QueueItem {
    QueueItem nextItem;
    String value;
    
    public QueueItem(String value) {
        this.value = value;
    }
}

Task skeleton (if present):
public class Queue {
    
    public boolean emptyqueue() {
        return false;
    }
    
    public String head() {
        return """";
    }
    
    public void enqueue(String s) {
    }
    
    public String dequeue() {
        return """";
    }
}

Reference answer (for understanding intent only; do not copy whole program unless the whole student solution is only one function/method):
public class Queue {
    private int start = 0;
    private int end = 0;
    private String[] buffer = new String[100];
    
    public boolean emptyqueue() {
        return start == end;
    }
    
    public String head() {
        return buffer[start];
    }
    
    public void enqueue(String s) {
        buffer[end] = s;
        end++;
        if(end == 100) {
            end = 0;
        }
    }
    
    public String dequeue() {
        String s = buffer[start];
        start++;
        if(start == 100) {
            start = 0;
        }
        return s;
    }
}

First failed test:

- test number: 1.0
- expected output: -1
- actual output: 
- error message: /var/folders/f2/p7mgl7_s7719pq33zs5dcrh00000gn/T/tmpaqbfg7nl/Queue.java:35: error: class QueueItem is public, should be declared in a file named QueueItem.java
public class QueueItem {
       ^
1 error

Rules:

1. Focus on exactly ONE method or function if possible.
2. The ""replace"" content must be the complete original buggy function or method copied exactly from the student code.
3. The ""with"" content must be the corrected complete version of that same function/method.
4. Do not include main code, test code, markdown, prose inside JSON values.
5. Do not return just a code fragment like a loop, an if block, statement or expression.
6. If you are unable to identify one exact full function/method to replace, then set:
    - ""target_function"" : ""UNKNOWN""
    - ""replace"" : """"
    - ""with"" : """"

Return valid JSON only with exactly these keys:
{
""diagnosis"": ""1-3 short sentences"",
""hints"": [""hint 1"", ""hint 2"", ""hint 3""],
""target_function"": ""function name or UNKNOWN"",
""replace"": ""exact original full function/method or empty string"",
""with"": ""corrected full function/method or empty string""
}","{
""diagnosis"": ""The error is due to declaring 'QueueItem' as a public class in the same file as 'Queue', which is not allowed in Java. Only one public class per file is permitted. Make 'QueueItem' a package-private (default) class by removing 'public'."",
""hints"": [
""Java only allows one public class per file, and its name must match the filename."",
""Remove 'public' from the 'QueueItem' class declaration."",
""Class 'QueueItem' should be package-private if it's an inner helper class.""
],
""target_function"": ""QueueItem"",
""replace"": ""public class QueueItem {\n    QueueItem nextItem;\n    String value;\n    \n    public QueueItem(String value) {\n        this.value = value;\n    }\n}"",
""with"": ""class QueueItem {\n    QueueItem nextItem;\n    String value;\n    \n    public QueueItem(String value) {\n        this.value = value;\n    }\n}""
}",direct_json,"The error is due to declaring 'QueueItem' as a public class in the same file as 'Queue', which is not allowed in Java. Only one public class per file is permitted. Make 'QueueItem' a package-private (default) class by removing 'public'.","['Java only allows one public class per file, and its name must match the filename.', ""Remove 'public' from the 'QueueItem' class declaration."", ""Class 'QueueItem' should be package-private if it's an inner helper class.""]",QueueItem,"public class QueueItem {
    QueueItem nextItem;
    String value;
    
    public QueueItem(String value) {
        this.value = value;
    }
}","class QueueItem {
    QueueItem nextItem;
    String value;
    
    public QueueItem(String value) {
        this.value = value;
    }
}"
222,19_20-2-2-python,OMREAFIQ,python,1,0.0,wrong_output,"You are a programming tutor.

A student's solution failed tests. Your task is to identify ONE local bug and propose ONE small fix.

Attempt: 1
Approach: Choose the single most likely minimal fix.

Programming language: python
Guessed bug type: wrong_output


    For wrong-output bugs:
    - Check for edge cases such as empty input or first/last element.
    - Check for off-by-one errors.
    - Verify that comparison operators are correct (>, >=, <, <=).
    - Ensure return values and update steps.
    

Task title: Stack (Python)
Task description:
The Reverse Polish Notation / Postfix Notation is a special notation for
for mathematical expressions, where the numbers are given first, followed by the
operators. The expression (1 * 2)+(3 * 4) would be 1 2 * 3 4 * + in this notation.

A calculator for this notation can be represented well with the help of a stack.
The notation is processed from left to right.
If a number is processed, it is put on the stack.
If an operator is encountered, then the uppermost two numbers are taken from the stack,
the operator is executed and the result is put back on the stack.
After the calculation, the result is the only number on the stack.

In this task you are asked to implement such a calculator in a method.
It should be able to process the operators plus (+), minus (-), times (*)
and division (/, rounded down). You will receive a stack with the following
known methods, which you have to use in your implementation:

* emptystack()
* head()
* push(int i)
* pop()

The method receives as input a list of strings in which the
numbers and operators are already separated (e.g..: input =
[""1"", ""2"", ""*"", ""3"", ""4"", ""*"", ""+""]). Strings can be converted with ""int(myString)"".
You will also get a stack, which you should use.
The method should return the correct result as an integer.

You can assume that the input is a correct formula.


Student code currently passes 12/13 tests and fails 1/13 tests.

Student code:
```python
def Calculator(inputarray, stack):
  for x in inputarray:
    if x == '+':
      stack.push(stack.pop() + stack.pop())
    elif x == '-':
      stack.push(-stack.pop() + stack.pop())
    elif x == '*':
      stack.push(stack.pop() * stack.pop())
    elif x == '/':
      stack.push((1/stack.pop()) * stack.pop())
    else:
      stack.push(x)
  return stack.pop()

Task skeleton (if present):
def Calculator(inputarray, stack):
    return 0

Reference answer (for understanding intent only; do not copy whole program unless the whole student solution is only one function/method):
# This implementation assumes input is a correct formula
def Calculator(inputarray, stack):
    for i in inputarray:
        try:
            stack.push({
                ""+"": lambda x, y: y+x,
                ""-"": lambda x, y: y-x,
                ""*"": lambda x, y: y*x,
                ""/"": lambda x, y: y/x,}[i](stack.pop(), stack.pop()))
        except KeyError:
            stack.push(int(i))
    return stack.pop()

First failed test:

- test number: 12.0
- expected output: 3
- actual output: 2
- error message: 

Rules:

1. Focus on exactly ONE method or function if possible.
2. The ""replace"" content must be the complete original buggy function or method copied exactly from the student code.
3. The ""with"" content must be the corrected complete version of that same function/method.
4. Do not include main code, test code, markdown, prose inside JSON values.
5. Do not return just a code fragment like a loop, an if block, statement or expression.
6. If you are unable to identify one exact full function/method to replace, then set:
    - ""target_function"" : ""UNKNOWN""
    - ""replace"" : """"
    - ""with"" : """"

Return valid JSON only with exactly these keys:
{
""diagnosis"": ""1-3 short sentences"",
""hints"": [""hint 1"", ""hint 2"", ""hint 3""],
""target_function"": ""function name or UNKNOWN"",
""replace"": ""exact original full function/method or empty string"",
""with"": ""corrected full function/method or empty string""
}","{
""diagnosis"": ""The division operator is implemented incorrectly: it uses (1/stack.pop()) * stack.pop(), which does not perform integer division and reverses operand order. The correct approach is to pop the right operand first, then the left, and use integer division (//)."",
""hints"": [
""Check how operands are popped for the division operator."",
""Remember that in stack-based evaluation, the first pop is the right operand."",
""Use integer division (//) for '/' as specified in the task.""
],
""target_function"": ""Calculator"",
""replace"": ""def Calculator(inputarray, stack):\n  for x in inputarray:\n    if x == '+':\n      stack.push(stack.pop() + stack.pop())\n    elif x == '-':\n      stack.push(-stack.pop() + stack.pop())\n    elif x == '*':\n      stack.push(stack.pop() * stack.pop())\n    elif x == '/':\n      stack.push((1/stack.pop()) * stack.pop())\n    else:\n      stack.push(x)\n  return stack.pop()"",
""with"": ""def Calculator(inputarray, stack):\n  for x in inputarray:\n    if x == '+':\n      stack.push(stack.pop() + stack.pop())\n    elif x == '-':\n      stack.push(-stack.pop() + stack.pop())\n    elif x == '*':\n      stack.push(stack.pop() * stack.pop())\n    elif x == '/':\n      right = stack.pop()\n      left = stack.pop()\n      stack.push(left // right)\n    else:\n      stack.push(x)\n  return stack.pop()""
}",direct_json,"The division operator is implemented incorrectly: it uses (1/stack.pop()) * stack.pop(), which does not perform integer division and reverses operand order. The correct approach is to pop the right operand first, then the left, and use integer division (//).","['Check how operands are popped for the division operator.', 'Remember that in stack-based evaluation, the first pop is the right operand.', ""Use integer division (//) for '/' as specified in the task.""]",Calculator,"def Calculator(inputarray, stack):
  for x in inputarray:
    if x == '+':
      stack.push(stack.pop() + stack.pop())
    elif x == '-':
      stack.push(-stack.pop() + stack.pop())
    elif x == '*':
      stack.push(stack.pop() * stack.pop())
    elif x == '/':
      stack.push((1/stack.pop()) * stack.pop())
    else:
      stack.push(x)
  return stack.pop()","def Calculator(inputarray, stack):
  for x in inputarray:
    if x == '+':
      stack.push(stack.pop() + stack.pop())
    elif x == '-':
      stack.push(-stack.pop() + stack.pop())
    elif x == '*':
      stack.push(stack.pop() * stack.pop())
    elif x == '/':
      right = stack.pop()
      left = stack.pop()
      stack.push(left // right)
    else:
      stack.push(x)
  return stack.pop()"
222,19_20-2-2-python,OMREAFIQ,python,2,0.2,wrong_output,"You are a programming tutor.

A student's solution failed tests. Your task is to identify ONE local bug and propose ONE small fix.

Attempt: 2
Approach: Choose a different localized fix, prioritizing null checks, state updates, index updates, or base-case errors when relevant.

Programming language: python
Guessed bug type: wrong_output


    For wrong-output bugs:
    - Check for edge cases such as empty input or first/last element.
    - Check for off-by-one errors.
    - Verify that comparison operators are correct (>, >=, <, <=).
    - Ensure return values and update steps.
    

Task title: Stack (Python)
Task description:
The Reverse Polish Notation / Postfix Notation is a special notation for
for mathematical expressions, where the numbers are given first, followed by the
operators. The expression (1 * 2)+(3 * 4) would be 1 2 * 3 4 * + in this notation.

A calculator for this notation can be represented well with the help of a stack.
The notation is processed from left to right.
If a number is processed, it is put on the stack.
If an operator is encountered, then the uppermost two numbers are taken from the stack,
the operator is executed and the result is put back on the stack.
After the calculation, the result is the only number on the stack.

In this task you are asked to implement such a calculator in a method.
It should be able to process the operators plus (+), minus (-), times (*)
and division (/, rounded down). You will receive a stack with the following
known methods, which you have to use in your implementation:

* emptystack()
* head()
* push(int i)
* pop()

The method receives as input a list of strings in which the
numbers and operators are already separated (e.g..: input =
[""1"", ""2"", ""*"", ""3"", ""4"", ""*"", ""+""]). Strings can be converted with ""int(myString)"".
You will also get a stack, which you should use.
The method should return the correct result as an integer.

You can assume that the input is a correct formula.


Student code currently passes 12/13 tests and fails 1/13 tests.

Student code:
```python
def Calculator(inputarray, stack):
  for x in inputarray:
    if x == '+':
      stack.push(stack.pop() + stack.pop())
    elif x == '-':
      stack.push(-stack.pop() + stack.pop())
    elif x == '*':
      stack.push(stack.pop() * stack.pop())
    elif x == '/':
      stack.push((1/stack.pop()) * stack.pop())
    else:
      stack.push(x)
  return stack.pop()

Task skeleton (if present):
def Calculator(inputarray, stack):
    return 0

Reference answer (for understanding intent only; do not copy whole program unless the whole student solution is only one function/method):
# This implementation assumes input is a correct formula
def Calculator(inputarray, stack):
    for i in inputarray:
        try:
            stack.push({
                ""+"": lambda x, y: y+x,
                ""-"": lambda x, y: y-x,
                ""*"": lambda x, y: y*x,
                ""/"": lambda x, y: y/x,}[i](stack.pop(), stack.pop()))
        except KeyError:
            stack.push(int(i))
    return stack.pop()

First failed test:

- test number: 12.0
- expected output: 3
- actual output: 2
- error message: 

Rules:

1. Focus on exactly ONE method or function if possible.
2. The ""replace"" content must be the complete original buggy function or method copied exactly from the student code.
3. The ""with"" content must be the corrected complete version of that same function/method.
4. Do not include main code, test code, markdown, prose inside JSON values.
5. Do not return just a code fragment like a loop, an if block, statement or expression.
6. If you are unable to identify one exact full function/method to replace, then set:
    - ""target_function"" : ""UNKNOWN""
    - ""replace"" : """"
    - ""with"" : """"

Return valid JSON only with exactly these keys:
{
""diagnosis"": ""1-3 short sentences"",
""hints"": [""hint 1"", ""hint 2"", ""hint 3""],
""target_function"": ""function name or UNKNOWN"",
""replace"": ""exact original full function/method or empty string"",
""with"": ""corrected full function/method or empty string""
}","{
""diagnosis"": ""The bug is in the division operator: (1/stack.pop()) * stack.pop() does not perform integer division and reverses operand order. For integer division with correct order, pop the right operand first, then the left, and use // for floor division."",
""hints"": [""Check the order in which operands are popped for division."", ""Use integer division (//) instead of floating point division."", ""Remember that stack.pop() gives the top value; for 'a / b', pop b first, then a.""],
""target_function"": ""Calculator"",
""replace"": ""def Calculator(inputarray, stack):\n  for x in inputarray:\n    if x == '+':\n      stack.push(stack.pop() + stack.pop())\n    elif x == '-':\n      stack.push(-stack.pop() + stack.pop())\n    elif x == '*':\n      stack.push(stack.pop() * stack.pop())\n    elif x == '/':\n      stack.push((1/stack.pop()) * stack.pop())\n    else:\n      stack.push(x)\n  return stack.pop()"",
""with"": ""def Calculator(inputarray, stack):\n  for x in inputarray:\n    if x == '+':\n      stack.push(stack.pop() + stack.pop())\n    elif x == '-':\n      stack.push(-stack.pop() + stack.pop())\n    elif x == '*':\n      stack.push(stack.pop() * stack.pop())\n    elif x == '/':\n      b = stack.pop()\n      a = stack.pop()\n      stack.push(a // b)\n    else:\n      stack.push(x)\n  return stack.pop()""
}",direct_json,"The bug is in the division operator: (1/stack.pop()) * stack.pop() does not perform integer division and reverses operand order. For integer division with correct order, pop the right operand first, then the left, and use // for floor division.","['Check the order in which operands are popped for division.', 'Use integer division (//) instead of floating point division.', ""Remember that stack.pop() gives the top value; for 'a / b', pop b first, then a.""]",Calculator,"def Calculator(inputarray, stack):
  for x in inputarray:
    if x == '+':
      stack.push(stack.pop() + stack.pop())
    elif x == '-':
      stack.push(-stack.pop() + stack.pop())
    elif x == '*':
      stack.push(stack.pop() * stack.pop())
    elif x == '/':
      stack.push((1/stack.pop()) * stack.pop())
    else:
      stack.push(x)
  return stack.pop()","def Calculator(inputarray, stack):
  for x in inputarray:
    if x == '+':
      stack.push(stack.pop() + stack.pop())
    elif x == '-':
      stack.push(-stack.pop() + stack.pop())
    elif x == '*':
      stack.push(stack.pop() * stack.pop())
    elif x == '/':
      b = stack.pop()
      a = stack.pop()
      stack.push(a // b)
    else:
      stack.push(x)
  return stack.pop()"
354,19_20-4-2-java,GVBWGUTT,java,1,0.0,wrong_output,"You are a programming tutor.

A student's solution failed tests. Your task is to identify ONE local bug and propose ONE small fix.

Attempt: 1
Approach: Choose the single most likely minimal fix.

Programming language: java
Guessed bug type: wrong_output


    For wrong-output bugs:
    - Check for edge cases such as empty input or first/last element.
    - Check for off-by-one errors.
    - Verify that comparison operators are correct (>, >=, <, <=).
    - Ensure return values and update steps.
    

Task title: Search trees: Removal (Java)
Task description:
These tasks will again be about search trees. Reminder:
Our search trees are built from ""nodes"", analogous to the lecture.
A node looks like this:

public class Node {
    public int key;
    public Node left;
    public Node right;
    public Node parent;
}

For this task, implement a method ""delete"" which deletes a
""Node"" in the search tree and returns the new search tree. Use the
the method from the lecture slides, i.e. the one with ""TREE-MINIMUM"".
The nodes can be reused as desired. The function gets the root
of the search tree and the node to be deleted.


Student code currently passes 9/10 tests and fails 1/10 tests.

Student code:
```java
// Node in parameter represents root of tree
/*
Implementieren Sie für diese Aufgabe eine Methode ""delete"", die eine ""Node"" 
im Suchbaum löscht und den neuen Suchbaum zurück gibt.

Methode nutzbar: TREE-MINIMUM(Node x)
*/
public Node delete(Node root, Node delete) {
    Node y;
    if (delete.left == null || delete.right == null) {
        y = delete;
    }
    else {
        Node k = delete.right;
        while (k.left != null) k = k.left;
        y = k;
    }
    
    Node x;
    if (y.left != null) {
        x = y.left;
    }
    else {
        x = y.right;
    }
    
    //boolean rootChanged = false;
    if (x != null) x.parent = y.parent;
    if (y.parent == null) {
        y = null;
        delete = null;
        return null;
        //x.parent = null; //root, vorsicht!
    }
    else {
        if (y == y.parent.left) {
            y.parent.left = x;
        }
        else {
            y.parent.right = x;
        }
    }
    
    if (y != delete) delete.key = y.key;
    y.parent = null;
    y.left = null;
    y.right = null;
    y = null;
    
    return root;
}

Task skeleton (if present):
// Node in parameter represents root of tree
public Node delete(Node root, Node delete) {
    return null;
}

Reference answer (for understanding intent only; do not copy whole program unless the whole student solution is only one function/method):
// Node in parameter represents root of tree
public Node delete(Node root, Node delete) {
    Node y = null; //y: node to delete (after swap)
    if (delete.left == null || delete.right == null) {
        y = delete;
    } else {
        y = treeMinimum(delete.right);
    }
    Node x = null; // non-null child of y
    if (y.left != null) {
        x = y.left;
    } else {
        x = y.right;
    }
    // now delete y
    if (x != null) {
        x.parent = y.parent;
    }
    if (y.parent == null) {
        root = x;
    } else {
        if (y == y.parent.left) {
            y.parent.left = x;
        } else {
            y.parent.right = x;
        }
    }
    // Copy data
    if (y != delete) {
        delete.key = y.key;
    }
    // y should have no reference and should be deleted by the java gc
    return root;
}
// Helper function
public Node treeMinimum(Node n) {
    while (n.left != null) {
        n = n.left;
    }
    return n;
}

First failed test:

- test number: 7.0
- expected output: true
- actual output: false
- error message: 

Rules:

1. Focus on exactly ONE method or function if possible.
2. The ""replace"" content must be the complete original buggy function or method copied exactly from the student code.
3. The ""with"" content must be the corrected complete version of that same function/method.
4. Do not include main code, test code, markdown, prose inside JSON values.
5. Do not return just a code fragment like a loop, an if block, statement or expression.
6. If you are unable to identify one exact full function/method to replace, then set:
    - ""target_function"" : ""UNKNOWN""
    - ""replace"" : """"
    - ""with"" : """"

Return valid JSON only with exactly these keys:
{
""diagnosis"": ""1-3 short sentences"",
""hints"": [""hint 1"", ""hint 2"", ""hint 3""],
""target_function"": ""function name or UNKNOWN"",
""replace"": ""exact original full function/method or empty string"",
""with"": ""corrected full function/method or empty string""
}","{
""diagnosis"": ""The bug is that when deleting the root node, the function always returns null instead of the new root. The line 'return null;' should return 'x' (the new root) instead. This causes the tree to be lost when the root is deleted."",
""hints"": [
""Check what happens when the node to delete is the root."",
""Look at the return value when y.parent == null."",
""Compare with the reference: root should be updated if the root is deleted.""
],
""target_function"": ""delete"",
""replace"": ""public Node delete(Node root, Node delete) {\n    Node y;\n    if (delete.left == null || delete.right == null) {\n        y = delete;\n    }\n    else {\n        Node k = delete.right;\n        while (k.left != null) k = k.left;\n        y = k;\n    }\n    \n    Node x;\n    if (y.left != null) {\n        x = y.left;\n    }\n    else {\n        x = y.right;\n    }\n    \n    //boolean rootChanged = false;\n    if (x != null) x.parent = y.parent;\n    if (y.parent == null) {\n        y = null;\n        delete = null;\n        return null;\n        //x.parent = null; //root, vorsicht!\n    }\n    else {\n        if (y == y.parent.left) {\n            y.parent.left = x;\n        }\n        else {\n            y.parent.right = x;\n        }\n    }\n    \n    if (y != delete) delete.key = y.key;\n    y.parent = null;\n    y.left = null;\n    y.right = null;\n    y = null;\n    \n    return root;\n}"",
""with"": ""public Node delete(Node root, Node delete) {\n    Node y;\n    if (delete.left == null || delete.right == null) {\n        y = delete;\n    }\n    else {\n        Node k = delete.right;\n        while (k.left != null) k = k.left;\n        y = k;\n    }\n    \n    Node x;\n    if (y.left != null) {\n        x = y.left;\n    }\n    else {\n        x = y.right;\n    }\n    \n    if (x != null) x.parent = y.parent;\n    if (y.parent == null) {\n        // root is being deleted, return new root\n        if (y != delete) delete.key = y.key;\n        return x;\n    }\n    else {\n        if (y == y.parent.left) {\n            y.parent.left = x;\n        }\n        else {\n            y.parent.right = x;\n        }\n    }\n    \n    if (y != delete) delete.key = y.key;\n    y.parent = null;\n    y.left = null;\n    y.right = null;\n    y = null;\n    \n    return root;\n}""
}",direct_json,"The bug is that when deleting the root node, the function always returns null instead of the new root. The line 'return null;' should return 'x' (the new root) instead. This causes the tree to be lost when the root is deleted.","['Check what happens when the node to delete is the root.', 'Look at the return value when y.parent == null.', 'Compare with the reference: root should be updated if the root is deleted.']",delete,"public Node delete(Node root, Node delete) {
    Node y;
    if (delete.left == null || delete.right == null) {
        y = delete;
    }
    else {
        Node k = delete.right;
        while (k.left != null) k = k.left;
        y = k;
    }
    
    Node x;
    if (y.left != null) {
        x = y.left;
    }
    else {
        x = y.right;
    }
    
    //boolean rootChanged = false;
    if (x != null) x.parent = y.parent;
    if (y.parent == null) {
        y = null;
        delete = null;
        return null;
        //x.parent = null; //root, vorsicht!
    }
    else {
        if (y == y.parent.left) {
            y.parent.left = x;
        }
        else {
            y.parent.right = x;
        }
    }
    
    if (y != delete) delete.key = y.key;
    y.parent = null;
    y.left = null;
    y.right = null;
    y = null;
    
    return root;
}","public Node delete(Node root, Node delete) {
    Node y;
    if (delete.left == null || delete.right == null) {
        y = delete;
    }
    else {
        Node k = delete.right;
        while (k.left != null) k = k.left;
        y = k;
    }
    
    Node x;
    if (y.left != null) {
        x = y.left;
    }
    else {
        x = y.right;
    }
    
    if (x != null) x.parent = y.parent;
    if (y.parent == null) {
        // root is being deleted, return new root
        if (y != delete) delete.key = y.key;
        return x;
    }
    else {
        if (y == y.parent.left) {
            y.parent.left = x;
        }
        else {
            y.parent.right = x;
        }
    }
    
    if (y != delete) delete.key = y.key;
    y.parent = null;
    y.left = null;
    y.right = null;
    y = null;
    
    return root;
}"
354,19_20-4-2-java,GVBWGUTT,java,2,0.2,wrong_output,"You are a programming tutor.

A student's solution failed tests. Your task is to identify ONE local bug and propose ONE small fix.

Attempt: 2
Approach: Choose a different localized fix, prioritizing null checks, state updates, index updates, or base-case errors when relevant.

Programming language: java
Guessed bug type: wrong_output


    For wrong-output bugs:
    - Check for edge cases such as empty input or first/last element.
    - Check for off-by-one errors.
    - Verify that comparison operators are correct (>, >=, <, <=).
    - Ensure return values and update steps.
    

Task title: Search trees: Removal (Java)
Task description:
These tasks will again be about search trees. Reminder:
Our search trees are built from ""nodes"", analogous to the lecture.
A node looks like this:

public class Node {
    public int key;
    public Node left;
    public Node right;
    public Node parent;
}

For this task, implement a method ""delete"" which deletes a
""Node"" in the search tree and returns the new search tree. Use the
the method from the lecture slides, i.e. the one with ""TREE-MINIMUM"".
The nodes can be reused as desired. The function gets the root
of the search tree and the node to be deleted.


Student code currently passes 9/10 tests and fails 1/10 tests.

Student code:
```java
// Node in parameter represents root of tree
/*
Implementieren Sie für diese Aufgabe eine Methode ""delete"", die eine ""Node"" 
im Suchbaum löscht und den neuen Suchbaum zurück gibt.

Methode nutzbar: TREE-MINIMUM(Node x)
*/
public Node delete(Node root, Node delete) {
    Node y;
    if (delete.left == null || delete.right == null) {
        y = delete;
    }
    else {
        Node k = delete.right;
        while (k.left != null) k = k.left;
        y = k;
    }
    
    Node x;
    if (y.left != null) {
        x = y.left;
    }
    else {
        x = y.right;
    }
    
    //boolean rootChanged = false;
    if (x != null) x.parent = y.parent;
    if (y.parent == null) {
        y = null;
        delete = null;
        return null;
        //x.parent = null; //root, vorsicht!
    }
    else {
        if (y == y.parent.left) {
            y.parent.left = x;
        }
        else {
            y.parent.right = x;
        }
    }
    
    if (y != delete) delete.key = y.key;
    y.parent = null;
    y.left = null;
    y.right = null;
    y = null;
    
    return root;
}

Task skeleton (if present):
// Node in parameter represents root of tree
public Node delete(Node root, Node delete) {
    return null;
}

Reference answer (for understanding intent only; do not copy whole program unless the whole student solution is only one function/method):
// Node in parameter represents root of tree
public Node delete(Node root, Node delete) {
    Node y = null; //y: node to delete (after swap)
    if (delete.left == null || delete.right == null) {
        y = delete;
    } else {
        y = treeMinimum(delete.right);
    }
    Node x = null; // non-null child of y
    if (y.left != null) {
        x = y.left;
    } else {
        x = y.right;
    }
    // now delete y
    if (x != null) {
        x.parent = y.parent;
    }
    if (y.parent == null) {
        root = x;
    } else {
        if (y == y.parent.left) {
            y.parent.left = x;
        } else {
            y.parent.right = x;
        }
    }
    // Copy data
    if (y != delete) {
        delete.key = y.key;
    }
    // y should have no reference and should be deleted by the java gc
    return root;
}
// Helper function
public Node treeMinimum(Node n) {
    while (n.left != null) {
        n = n.left;
    }
    return n;
}

First failed test:

- test number: 7.0
- expected output: true
- actual output: false
- error message: 

Rules:

1. Focus on exactly ONE method or function if possible.
2. The ""replace"" content must be the complete original buggy function or method copied exactly from the student code.
3. The ""with"" content must be the corrected complete version of that same function/method.
4. Do not include main code, test code, markdown, prose inside JSON values.
5. Do not return just a code fragment like a loop, an if block, statement or expression.
6. If you are unable to identify one exact full function/method to replace, then set:
    - ""target_function"" : ""UNKNOWN""
    - ""replace"" : """"
    - ""with"" : """"

Return valid JSON only with exactly these keys:
{
""diagnosis"": ""1-3 short sentences"",
""hints"": [""hint 1"", ""hint 2"", ""hint 3""],
""target_function"": ""function name or UNKNOWN"",
""replace"": ""exact original full function/method or empty string"",
""with"": ""corrected full function/method or empty string""
}","{
""diagnosis"": ""The bug is that when deleting the root node (i.e., y.parent == null), the code always returns null, even if the tree should not be empty. Instead, it should update and return the new root (x)."",
""hints"": [
""Check what happens when the node to be deleted is the root."",
""Returning null always in this case is incorrect unless the tree is empty."",
""Update root to x and return it if y.parent == null.""
],
""target_function"": ""delete"",
""replace"": ""public Node delete(Node root, Node delete) {\n    Node y;\n    if (delete.left == null || delete.right == null) {\n        y = delete;\n    }\n    else {\n        Node k = delete.right;\n        while (k.left != null) k = k.left;\n        y = k;\n    }\n    \n    Node x;\n    if (y.left != null) {\n        x = y.left;\n    }\n    else {\n        x = y.right;\n    }\n    \n    //boolean rootChanged = false;\n    if (x != null) x.parent = y.parent;\n    if (y.parent == null) {\n        y = null;\n        delete = null;\n        return null;\n        //x.parent = null; //root, vorsicht!\n    }\n    else {\n        if (y == y.parent.left) {\n            y.parent.left = x;\n        }\n        else {\n            y.parent.right = x;\n        }\n    }\n    \n    if (y != delete) delete.key = y.key;\n    y.parent = null;\n    y.left = null;\n    y.right = null;\n    y = null;\n    \n    return root;\n}"",
""with"": ""public Node delete(Node root, Node delete) {\n    Node y;\n    if (delete.left == null || delete.right == null) {\n        y = delete;\n    }\n    else {\n        Node k = delete.right;\n        while (k.left != null) k = k.left;\n        y = k;\n    }\n    \n    Node x;\n    if (y.left != null) {\n        x = y.left;\n    }\n    else {\n        x = y.right;\n    }\n    \n    if (x != null) x.parent = y.parent;\n    if (y.parent == null) {\n        root = x;\n    }\n    else {\n        if (y == y.parent.left) {\n            y.parent.left = x;\n        }\n        else {\n            y.parent.right = x;\n        }\n    }\n    \n    if (y != delete) delete.key = y.key;\n    y.parent = null;\n    y.left = null;\n    y.right = null;\n    y = null;\n    \n    return root;\n}""
}",direct_json,"The bug is that when deleting the root node (i.e., y.parent == null), the code always returns null, even if the tree should not be empty. Instead, it should update and return the new root (x).","['Check what happens when the node to be deleted is the root.', 'Returning null always in this case is incorrect unless the tree is empty.', 'Update root to x and return it if y.parent == null.']",delete,"public Node delete(Node root, Node delete) {
    Node y;
    if (delete.left == null || delete.right == null) {
        y = delete;
    }
    else {
        Node k = delete.right;
        while (k.left != null) k = k.left;
        y = k;
    }
    
    Node x;
    if (y.left != null) {
        x = y.left;
    }
    else {
        x = y.right;
    }
    
    //boolean rootChanged = false;
    if (x != null) x.parent = y.parent;
    if (y.parent == null) {
        y = null;
        delete = null;
        return null;
        //x.parent = null; //root, vorsicht!
    }
    else {
        if (y == y.parent.left) {
            y.parent.left = x;
        }
        else {
            y.parent.right = x;
        }
    }
    
    if (y != delete) delete.key = y.key;
    y.parent = null;
    y.left = null;
    y.right = null;
    y = null;
    
    return root;
}","public Node delete(Node root, Node delete) {
    Node y;
    if (delete.left == null || delete.right == null) {
        y = delete;
    }
    else {
        Node k = delete.right;
        while (k.left != null) k = k.left;
        y = k;
    }
    
    Node x;
    if (y.left != null) {
        x = y.left;
    }
    else {
        x = y.right;
    }
    
    if (x != null) x.parent = y.parent;
    if (y.parent == null) {
        root = x;
    }
    else {
        if (y == y.parent.left) {
            y.parent.left = x;
        }
        else {
            y.parent.right = x;
        }
    }
    
    if (y != delete) delete.key = y.key;
    y.parent = null;
    y.left = null;
    y.right = null;
    y = null;
    
    return root;
}"
357,19_20-4-2-java,LAEEVP2N,java,1,0.0,wrong_output,"You are a programming tutor.

A student's solution failed tests. Your task is to identify ONE local bug and propose ONE small fix.

Attempt: 1
Approach: Choose the single most likely minimal fix.

Programming language: java
Guessed bug type: wrong_output


    For wrong-output bugs:
    - Check for edge cases such as empty input or first/last element.
    - Check for off-by-one errors.
    - Verify that comparison operators are correct (>, >=, <, <=).
    - Ensure return values and update steps.
    

Task title: Search trees: Removal (Java)
Task description:
These tasks will again be about search trees. Reminder:
Our search trees are built from ""nodes"", analogous to the lecture.
A node looks like this:

public class Node {
    public int key;
    public Node left;
    public Node right;
    public Node parent;
}

For this task, implement a method ""delete"" which deletes a
""Node"" in the search tree and returns the new search tree. Use the
the method from the lecture slides, i.e. the one with ""TREE-MINIMUM"".
The nodes can be reused as desired. The function gets the root
of the search tree and the node to be deleted.


Student code currently passes 9/10 tests and fails 1/10 tests.

Student code:
```java
private static boolean isInTree(Node root, Node delete)
    {
        if(root == delete)
        {
            return true;
        }
        if(root.left != null && isInTree(root.left, delete))
        {
           return true; 
        }
        else if (root.right != null && isInTree(root.right, delete))
        {
            return true;
        }       
        else
        {
            return false;
        }
    }
    
    /********** Lösung ***********/
    // Node in parameter represents root of tree
    public static Node delete(Node root, Node delete) {
        if(!isInTree(root, delete))
        {
            return root;
        }
        
        
        //both branches
        if(delete.right != null && delete.left != null)
        {
            Node succ = delete.right;
            
            //find successor
            while(succ.left != null)
            {
                succ = succ.left;
            }
            //take care of child of successor
            //succ has right child, but is not delete.right
            if(succ.right != null && succ != delete.right)
            {
                succ.right.parent = succ.parent;
                succ.parent.left = succ.right;
            }
            //succ has no right child
            else if(succ.right == null && succ != delete.right)
            {   
                succ.parent.left = null;
            }
            
            succ.left = delete.left;
            if(delete.right != succ)
            {
                succ.right = delete.right;
                succ.right.parent = succ;
            }

            succ.parent = delete.parent;
            if(succ.parent != null)
            {
                if(succ.parent.left == delete)
                {
                    succ.parent.left = succ;
                }
                else
                {
                    succ.parent.right = succ;
                }
            }
            //fix left connection
            if(succ.left != null)
            {
                succ.left.parent = succ;
            }
        }
        else
        {
            Node nextNode = null;
            //check if delete has a leave
            if(delete.right == null && delete.left != null)
            {
                nextNode = delete.left;
            }
            else if(delete.right != null && delete.left == null)
            {
                nextNode = delete.right;
            }
            if(nextNode != null)
            {
                nextNode.parent = delete.parent;
            }
            
            // check if delete is root
            if (delete.parent == null)
            {
                return nextNode;
            }
       
            else if(delete.parent.left == delete)
            {
                delete.parent.left = nextNode;
            }
            else
            {
                delete.parent.right = nextNode;
            }
            
        }
        
        return root;
    }

Task skeleton (if present):
// Node in parameter represents root of tree
public Node delete(Node root, Node delete) {
    return null;
}

Reference answer (for understanding intent only; do not copy whole program unless the whole student solution is only one function/method):
// Node in parameter represents root of tree
public Node delete(Node root, Node delete) {
    Node y = null; //y: node to delete (after swap)
    if (delete.left == null || delete.right == null) {
        y = delete;
    } else {
        y = treeMinimum(delete.right);
    }
    Node x = null; // non-null child of y
    if (y.left != null) {
        x = y.left;
    } else {
        x = y.right;
    }
    // now delete y
    if (x != null) {
        x.parent = y.parent;
    }
    if (y.parent == null) {
        root = x;
    } else {
        if (y == y.parent.left) {
            y.parent.left = x;
        } else {
            y.parent.right = x;
        }
    }
    // Copy data
    if (y != delete) {
        delete.key = y.key;
    }
    // y should have no reference and should be deleted by the java gc
    return root;
}
// Helper function
public Node treeMinimum(Node n) {
    while (n.left != null) {
        n = n.left;
    }
    return n;
}

First failed test:

- test number: 7.0
- expected output: true
- actual output: false
- error message: 

Rules:

1. Focus on exactly ONE method or function if possible.
2. The ""replace"" content must be the complete original buggy function or method copied exactly from the student code.
3. The ""with"" content must be the corrected complete version of that same function/method.
4. Do not include main code, test code, markdown, prose inside JSON values.
5. Do not return just a code fragment like a loop, an if block, statement or expression.
6. If you are unable to identify one exact full function/method to replace, then set:
    - ""target_function"" : ""UNKNOWN""
    - ""replace"" : """"
    - ""with"" : """"

Return valid JSON only with exactly these keys:
{
""diagnosis"": ""1-3 short sentences"",
""hints"": [""hint 1"", ""hint 2"", ""hint 3""],
""target_function"": ""function name or UNKNOWN"",
""replace"": ""exact original full function/method or empty string"",
""with"": ""corrected full function/method or empty string""
}","{
""diagnosis"": ""When deleting the root node with two children, the code does not update the root reference to the successor node. This causes the old root to remain as the tree's root, leading to wrong output in such cases. The fix is to set root = succ when the deleted node is the root and has two children."",
""hints"": [
""Check what happens when the node to delete is the root and has two children."",
""After transplanting the successor, does the root reference need to be updated?"",
""Compare your handling of root replacement to the reference solution.""
],
""target_function"": ""delete"",
""replace"": ""public static Node delete(Node root, Node delete) {\n    if(!isInTree(root, delete))\n    {\n        return root;\n    }\n    \n    //both branches\n    if(delete.right != null && delete.left != null)\n    {\n        Node succ = delete.right;\n        \n        //find successor\n        while(succ.left != null)\n        {\n            succ = succ.left;\n        }\n        //take care of child of successor\n        //succ has right child, but is not delete.right\n        if(succ.right != null && succ != delete.right)\n        {\n            succ.right.parent = succ.parent;\n            succ.parent.left = succ.right;\n        }\n        //succ has no right child\n        else if(succ.right == null && succ != delete.right)\n        {   \n            succ.parent.left = null;\n        }\n        \n        succ.left = delete.left;\n        if(delete.right != succ)\n        {\n            succ.right = delete.right;\n            succ.right.parent = succ;\n        }\n\n        succ.parent = delete.parent;\n        if(succ.parent != null)\n        {\n            if(succ.parent.left == delete)\n            {\n                succ.parent.left = succ;\n            }\n            else\n            {\n                succ.parent.right = succ;\n            }\n        }\n        //fix left connection\n        if(succ.left != null)\n        {\n            succ.left.parent = succ;\n        }\n    }\n    else\n    {\n        Node nextNode = null;\n        //check if delete has a leave\n        if(delete.right == null && delete.left != null)\n        {\n            nextNode = delete.left;\n        }\n        else if(delete.right != null && delete.left == null)\n        {\n            nextNode = delete.right;\n        }\n        if(nextNode != null)\n        {\n            nextNode.parent = delete.parent;\n        }\n        \n        // check if delete is root\n        if (delete.parent == null)\n        {\n            return nextNode;\n        }\n   \n        else if(delete.parent.left == delete)\n        {\n            delete.parent.left = nextNode;\n        }\n        else\n        {\n            delete.parent.right = nextNode;\n        }\n        \n    }\n    \n    return root;\n}"",
""with"": ""public static Node delete(Node root, Node delete) {\n    if(!isInTree(root, delete))\n    {\n        return root;\n    }\n    \n    //both branches\n    if(delete.right != null && delete.left != null)\n    {\n        Node succ = delete.right;\n        \n        //find successor\n        while(succ.left != null)\n        {\n            succ = succ.left;\n        }\n        //take care of child of successor\n        //succ has right child, but is not delete.right\n        if(succ.right != null && succ != delete.right)\n        {\n            succ.right.parent = succ.parent;\n            succ.parent.left = succ.right;\n        }\n        //succ has no right child\n        else if(succ.right == null && succ != delete.right)\n        {   \n            succ.parent.left = null;\n        }\n        \n        succ.left = delete.left;\n        if(delete.right != succ)\n        {\n            succ.right = delete.right;\n            succ.right.parent = succ;\n        }\n\n        succ.parent = delete.parent;\n        if(succ.parent != null)\n        {\n            if(succ.parent.left == delete)\n            {\n                succ.parent.left = succ;\n            }\n            else\n            {\n                succ.parent.right = succ;\n            }\n        }\n        //fix left connection\n        if(succ.left != null)\n        {\n            succ.left.parent = succ;\n        }\n        // FIX: If deleting the root, update root reference\n        if(delete.parent == null) {\n            root = succ;\n        }\n    }\n    else\n    {\n        Node nextNode = null;\n        //check if delete has a leave\n        if(delete.right == null && delete.left != null)\n        {\n            nextNode = delete.left;\n        }\n        else if(delete.right != null && delete.left == null)\n        {\n            nextNode = delete.right;\n        }\n        if(nextNode != null)\n        {\n            nextNode.parent = delete.parent;\n        }\n        \n        // check if delete is root\n        if (delete.parent == null)\n        {\n            return nextNode;\n        }\n   \n        else if(delete.parent.left == delete)\n        {\n            delete.parent.left = nextNode;\n        }\n        else\n        {\n            delete.parent.right = nextNode;\n        }\n        \n    }\n    \n    return root;\n}""
}",direct_json,"When deleting the root node with two children, the code does not update the root reference to the successor node. This causes the old root to remain as the tree's root, leading to wrong output in such cases. The fix is to set root = succ when the deleted node is the root and has two children.","['Check what happens when the node to delete is the root and has two children.', 'After transplanting the successor, does the root reference need to be updated?', 'Compare your handling of root replacement to the reference solution.']",delete,"public static Node delete(Node root, Node delete) {
    if(!isInTree(root, delete))
    {
        return root;
    }
    
    //both branches
    if(delete.right != null && delete.left != null)
    {
        Node succ = delete.right;
        
        //find successor
        while(succ.left != null)
        {
            succ = succ.left;
        }
        //take care of child of successor
        //succ has right child, but is not delete.right
        if(succ.right != null && succ != delete.right)
        {
            succ.right.parent = succ.parent;
            succ.parent.left = succ.right;
        }
        //succ has no right child
        else if(succ.right == null && succ != delete.right)
        {   
            succ.parent.left = null;
        }
        
        succ.left = delete.left;
        if(delete.right != succ)
        {
            succ.right = delete.right;
            succ.right.parent = succ;
        }

        succ.parent = delete.parent;
        if(succ.parent != null)
        {
            if(succ.parent.left == delete)
            {
                succ.parent.left = succ;
            }
            else
            {
                succ.parent.right = succ;
            }
        }
        //fix left connection
        if(succ.left != null)
        {
            succ.left.parent = succ;
        }
    }
    else
    {
        Node nextNode = null;
        //check if delete has a leave
        if(delete.right == null && delete.left != null)
        {
            nextNode = delete.left;
        }
        else if(delete.right != null && delete.left == null)
        {
            nextNode = delete.right;
        }
        if(nextNode != null)
        {
            nextNode.parent = delete.parent;
        }
        
        // check if delete is root
        if (delete.parent == null)
        {
            return nextNode;
        }
   
        else if(delete.parent.left == delete)
        {
            delete.parent.left = nextNode;
        }
        else
        {
            delete.parent.right = nextNode;
        }
        
    }
    
    return root;
}","public static Node delete(Node root, Node delete) {
    if(!isInTree(root, delete))
    {
        return root;
    }
    
    //both branches
    if(delete.right != null && delete.left != null)
    {
        Node succ = delete.right;
        
        //find successor
        while(succ.left != null)
        {
            succ = succ.left;
        }
        //take care of child of successor
        //succ has right child, but is not delete.right
        if(succ.right != null && succ != delete.right)
        {
            succ.right.parent = succ.parent;
            succ.parent.left = succ.right;
        }
        //succ has no right child
        else if(succ.right == null && succ != delete.right)
        {   
            succ.parent.left = null;
        }
        
        succ.left = delete.left;
        if(delete.right != succ)
        {
            succ.right = delete.right;
            succ.right.parent = succ;
        }

        succ.parent = delete.parent;
        if(succ.parent != null)
        {
            if(succ.parent.left == delete)
            {
                succ.parent.left = succ;
            }
            else
            {
                succ.parent.right = succ;
            }
        }
        //fix left connection
        if(succ.left != null)
        {
            succ.left.parent = succ;
        }
        // FIX: If deleting the root, update root reference
        if(delete.parent == null) {
            root = succ;
        }
    }
    else
    {
        Node nextNode = null;
        //check if delete has a leave
        if(delete.right == null && delete.left != null)
        {
            nextNode = delete.left;
        }
        else if(delete.right != null && delete.left == null)
        {
            nextNode = delete.right;
        }
        if(nextNode != null)
        {
            nextNode.parent = delete.parent;
        }
        
        // check if delete is root
        if (delete.parent == null)
        {
            return nextNode;
        }
   
        else if(delete.parent.left == delete)
        {
            delete.parent.left = nextNode;
        }
        else
        {
            delete.parent.right = nextNode;
        }
        
    }
    
    return root;
}"
357,19_20-4-2-java,LAEEVP2N,java,2,0.2,wrong_output,"You are a programming tutor.

A student's solution failed tests. Your task is to identify ONE local bug and propose ONE small fix.

Attempt: 2
Approach: Choose a different localized fix, prioritizing null checks, state updates, index updates, or base-case errors when relevant.

Programming language: java
Guessed bug type: wrong_output


    For wrong-output bugs:
    - Check for edge cases such as empty input or first/last element.
    - Check for off-by-one errors.
    - Verify that comparison operators are correct (>, >=, <, <=).
    - Ensure return values and update steps.
    

Task title: Search trees: Removal (Java)
Task description:
These tasks will again be about search trees. Reminder:
Our search trees are built from ""nodes"", analogous to the lecture.
A node looks like this:

public class Node {
    public int key;
    public Node left;
    public Node right;
    public Node parent;
}

For this task, implement a method ""delete"" which deletes a
""Node"" in the search tree and returns the new search tree. Use the
the method from the lecture slides, i.e. the one with ""TREE-MINIMUM"".
The nodes can be reused as desired. The function gets the root
of the search tree and the node to be deleted.


Student code currently passes 9/10 tests and fails 1/10 tests.

Student code:
```java
private static boolean isInTree(Node root, Node delete)
    {
        if(root == delete)
        {
            return true;
        }
        if(root.left != null && isInTree(root.left, delete))
        {
           return true; 
        }
        else if (root.right != null && isInTree(root.right, delete))
        {
            return true;
        }       
        else
        {
            return false;
        }
    }
    
    /********** Lösung ***********/
    // Node in parameter represents root of tree
    public static Node delete(Node root, Node delete) {
        if(!isInTree(root, delete))
        {
            return root;
        }
        
        
        //both branches
        if(delete.right != null && delete.left != null)
        {
            Node succ = delete.right;
            
            //find successor
            while(succ.left != null)
            {
                succ = succ.left;
            }
            //take care of child of successor
            //succ has right child, but is not delete.right
            if(succ.right != null && succ != delete.right)
            {
                succ.right.parent = succ.parent;
                succ.parent.left = succ.right;
            }
            //succ has no right child
            else if(succ.right == null && succ != delete.right)
            {   
                succ.parent.left = null;
            }
            
            succ.left = delete.left;
            if(delete.right != succ)
            {
                succ.right = delete.right;
                succ.right.parent = succ;
            }

            succ.parent = delete.parent;
            if(succ.parent != null)
            {
                if(succ.parent.left == delete)
                {
                    succ.parent.left = succ;
                }
                else
                {
                    succ.parent.right = succ;
                }
            }
            //fix left connection
            if(succ.left != null)
            {
                succ.left.parent = succ;
            }
        }
        else
        {
            Node nextNode = null;
            //check if delete has a leave
            if(delete.right == null && delete.left != null)
            {
                nextNode = delete.left;
            }
            else if(delete.right != null && delete.left == null)
            {
                nextNode = delete.right;
            }
            if(nextNode != null)
            {
                nextNode.parent = delete.parent;
            }
            
            // check if delete is root
            if (delete.parent == null)
            {
                return nextNode;
            }
       
            else if(delete.parent.left == delete)
            {
                delete.parent.left = nextNode;
            }
            else
            {
                delete.parent.right = nextNode;
            }
            
        }
        
        return root;
    }

Task skeleton (if present):
// Node in parameter represents root of tree
public Node delete(Node root, Node delete) {
    return null;
}

Reference answer (for understanding intent only; do not copy whole program unless the whole student solution is only one function/method):
// Node in parameter represents root of tree
public Node delete(Node root, Node delete) {
    Node y = null; //y: node to delete (after swap)
    if (delete.left == null || delete.right == null) {
        y = delete;
    } else {
        y = treeMinimum(delete.right);
    }
    Node x = null; // non-null child of y
    if (y.left != null) {
        x = y.left;
    } else {
        x = y.right;
    }
    // now delete y
    if (x != null) {
        x.parent = y.parent;
    }
    if (y.parent == null) {
        root = x;
    } else {
        if (y == y.parent.left) {
            y.parent.left = x;
        } else {
            y.parent.right = x;
        }
    }
    // Copy data
    if (y != delete) {
        delete.key = y.key;
    }
    // y should have no reference and should be deleted by the java gc
    return root;
}
// Helper function
public Node treeMinimum(Node n) {
    while (n.left != null) {
        n = n.left;
    }
    return n;
}

First failed test:

- test number: 7.0
- expected output: true
- actual output: false
- error message: 

Rules:

1. Focus on exactly ONE method or function if possible.
2. The ""replace"" content must be the complete original buggy function or method copied exactly from the student code.
3. The ""with"" content must be the corrected complete version of that same function/method.
4. Do not include main code, test code, markdown, prose inside JSON values.
5. Do not return just a code fragment like a loop, an if block, statement or expression.
6. If you are unable to identify one exact full function/method to replace, then set:
    - ""target_function"" : ""UNKNOWN""
    - ""replace"" : """"
    - ""with"" : """"

Return valid JSON only with exactly these keys:
{
""diagnosis"": ""1-3 short sentences"",
""hints"": [""hint 1"", ""hint 2"", ""hint 3""],
""target_function"": ""function name or UNKNOWN"",
""replace"": ""exact original full function/method or empty string"",
""with"": ""corrected full function/method or empty string""
}","{
""diagnosis"": ""If the node to be deleted is the root and has two children, the function does not update the root reference to the successor node. This causes the old root to remain, leading to wrong output for root deletions. The fix is to update and return the new root when the root is replaced."",
""hints"": [
""Check what happens when the node to delete is the root and has two children."",
""After transplanting the successor, ensure the root reference is updated if necessary."",
""Returning the correct root is crucial for BST operations.""
],
""target_function"": ""delete"",
""replace"": ""public static Node delete(Node root, Node delete) {\n    if(!isInTree(root, delete))\n    {\n        return root;\n    }\n    \n    //both branches\n    if(delete.right != null && delete.left != null)\n    {\n        Node succ = delete.right;\n        \n        //find successor\n        while(succ.left != null)\n        {\n            succ = succ.left;\n        }\n        //take care of child of successor\n        //succ has right child, but is not delete.right\n        if(succ.right != null && succ != delete.right)\n        {\n            succ.right.parent = succ.parent;\n            succ.parent.left = succ.right;\n        }\n        //succ has no right child\n        else if(succ.right == null && succ != delete.right)\n        {   \n            succ.parent.left = null;\n        }\n        \n        succ.left = delete.left;\n        if(delete.right != succ)\n        {\n            succ.right = delete.right;\n            succ.right.parent = succ;\n        }\n\n        succ.parent = delete.parent;\n        if(succ.parent != null)\n        {\n            if(succ.parent.left == delete)\n            {\n                succ.parent.left = succ;\n            }\n            else\n            {\n                succ.parent.right = succ;\n            }\n        }\n        //fix left connection\n        if(succ.left != null)\n        {\n            succ.left.parent = succ;\n        }\n        // FIX: If delete is root, update root reference\n        if (delete.parent == null) {\n            root = succ;\n        }\n    }\n    else\n    {\n        Node nextNode = null;\n        //check if delete has a leave\n        if(delete.right == null && delete.left != null)\n        {\n            nextNode = delete.left;\n        }\n        else if(delete.right != null && delete.left == null)\n        {\n            nextNode = delete.right;\n        }\n        if(nextNode != null)\n        {\n            nextNode.parent = delete.parent;\n        }\n        \n        // check if delete is root\n        if (delete.parent == null)\n        {\n            return nextNode;\n        }\n   \n        else if(delete.parent.left == delete)\n        {\n            delete.parent.left = nextNode;\n        }\n        else\n        {\n            delete.parent.right = nextNode;\n        }\n        \n    }\n    \n    return root;\n}"",
""with"": ""public static Node delete(Node root, Node delete) {\n    if(!isInTree(root, delete))\n    {\n        return root;\n    }\n    \n    //both branches\n    if(delete.right != null && delete.left != null)\n    {\n        Node succ = delete.right;\n        \n        //find successor\n        while(succ.left != null)\n        {\n            succ = succ.left;\n        }\n        //take care of child of successor\n        //succ has right child, but is not delete.right\n        if(succ.right != null && succ != delete.right)\n        {\n            succ.right.parent = succ.parent;\n            succ.parent.left = succ.right;\n        }\n        //succ has no right child\n        else if(succ.right == null && succ != delete.right)\n        {   \n            succ.parent.left = null;\n        }\n        \n        succ.left = delete.left;\n        if(delete.right != succ)\n        {\n            succ.right = delete.right;\n            succ.right.parent = succ;\n        }\n\n        succ.parent = delete.parent;\n        if(succ.parent != null)\n        {\n            if(succ.parent.left == delete)\n            {\n                succ.parent.left = succ;\n            }\n            else\n            {\n                succ.parent.right = succ;\n            }\n        }\n        //fix left connection\n        if(succ.left != null)\n        {\n            succ.left.parent = succ;\n        }\n        // FIX: If delete is root, update root reference\n        if (delete.parent == null) {\n            root = succ;\n        }\n    }\n    else\n    {\n        Node nextNode = null;\n        //check if delete has a leave\n        if(delete.right == null && delete.left != null)\n        {\n            nextNode = delete.left;\n        }\n        else if(delete.right != null && delete.left == null)\n        {\n            nextNode = delete.right;\n        }\n        if(nextNode != null)\n        {\n            nextNode.parent = delete.parent;\n        }\n        \n        // check if delete is root\n        if (delete.parent == null)\n        {\n            return nextNode;\n        }\n   \n        else if(delete.parent.left == delete)\n        {\n            delete.parent.left = nextNode;\n        }\n        else\n        {\n            delete.parent.right = nextNode;\n        }\n        \n    }\n    \n    return root;\n}""
}",direct_json,"If the node to be deleted is the root and has two children, the function does not update the root reference to the successor node. This causes the old root to remain, leading to wrong output for root deletions. The fix is to update and return the new root when the root is replaced.","['Check what happens when the node to delete is the root and has two children.', 'After transplanting the successor, ensure the root reference is updated if necessary.', 'Returning the correct root is crucial for BST operations.']",delete,"public static Node delete(Node root, Node delete) {
    if(!isInTree(root, delete))
    {
        return root;
    }
    
    //both branches
    if(delete.right != null && delete.left != null)
    {
        Node succ = delete.right;
        
        //find successor
        while(succ.left != null)
        {
            succ = succ.left;
        }
        //take care of child of successor
        //succ has right child, but is not delete.right
        if(succ.right != null && succ != delete.right)
        {
            succ.right.parent = succ.parent;
            succ.parent.left = succ.right;
        }
        //succ has no right child
        else if(succ.right == null && succ != delete.right)
        {   
            succ.parent.left = null;
        }
        
        succ.left = delete.left;
        if(delete.right != succ)
        {
            succ.right = delete.right;
            succ.right.parent = succ;
        }

        succ.parent = delete.parent;
        if(succ.parent != null)
        {
            if(succ.parent.left == delete)
            {
                succ.parent.left = succ;
            }
            else
            {
                succ.parent.right = succ;
            }
        }
        //fix left connection
        if(succ.left != null)
        {
            succ.left.parent = succ;
        }
        // FIX: If delete is root, update root reference
        if (delete.parent == null) {
            root = succ;
        }
    }
    else
    {
        Node nextNode = null;
        //check if delete has a leave
        if(delete.right == null && delete.left != null)
        {
            nextNode = delete.left;
        }
        else if(delete.right != null && delete.left == null)
        {
            nextNode = delete.right;
        }
        if(nextNode != null)
        {
            nextNode.parent = delete.parent;
        }
        
        // check if delete is root
        if (delete.parent == null)
        {
            return nextNode;
        }
   
        else if(delete.parent.left == delete)
        {
            delete.parent.left = nextNode;
        }
        else
        {
            delete.parent.right = nextNode;
        }
        
    }
    
    return root;
}","public static Node delete(Node root, Node delete) {
    if(!isInTree(root, delete))
    {
        return root;
    }
    
    //both branches
    if(delete.right != null && delete.left != null)
    {
        Node succ = delete.right;
        
        //find successor
        while(succ.left != null)
        {
            succ = succ.left;
        }
        //take care of child of successor
        //succ has right child, but is not delete.right
        if(succ.right != null && succ != delete.right)
        {
            succ.right.parent = succ.parent;
            succ.parent.left = succ.right;
        }
        //succ has no right child
        else if(succ.right == null && succ != delete.right)
        {   
            succ.parent.left = null;
        }
        
        succ.left = delete.left;
        if(delete.right != succ)
        {
            succ.right = delete.right;
            succ.right.parent = succ;
        }

        succ.parent = delete.parent;
        if(succ.parent != null)
        {
            if(succ.parent.left == delete)
            {
                succ.parent.left = succ;
            }
            else
            {
                succ.parent.right = succ;
            }
        }
        //fix left connection
        if(succ.left != null)
        {
            succ.left.parent = succ;
        }
        // FIX: If delete is root, update root reference
        if (delete.parent == null) {
            root = succ;
        }
    }
    else
    {
        Node nextNode = null;
        //check if delete has a leave
        if(delete.right == null && delete.left != null)
        {
            nextNode = delete.left;
        }
        else if(delete.right != null && delete.left == null)
        {
            nextNode = delete.right;
        }
        if(nextNode != null)
        {
            nextNode.parent = delete.parent;
        }
        
        // check if delete is root
        if (delete.parent == null)
        {
            return nextNode;
        }
   
        else if(delete.parent.left == delete)
        {
            delete.parent.left = nextNode;
        }
        else
        {
            delete.parent.right = nextNode;
        }
        
    }
    
    return root;
}"
362,19_20-4-2-java,PVTZLAFP,java,1,0.0,wrong_output,"You are a programming tutor.

A student's solution failed tests. Your task is to identify ONE local bug and propose ONE small fix.

Attempt: 1
Approach: Choose the single most likely minimal fix.

Programming language: java
Guessed bug type: wrong_output


    For wrong-output bugs:
    - Check for edge cases such as empty input or first/last element.
    - Check for off-by-one errors.
    - Verify that comparison operators are correct (>, >=, <, <=).
    - Ensure return values and update steps.
    

Task title: Search trees: Removal (Java)
Task description:
These tasks will again be about search trees. Reminder:
Our search trees are built from ""nodes"", analogous to the lecture.
A node looks like this:

public class Node {
    public int key;
    public Node left;
    public Node right;
    public Node parent;
}

For this task, implement a method ""delete"" which deletes a
""Node"" in the search tree and returns the new search tree. Use the
the method from the lecture slides, i.e. the one with ""TREE-MINIMUM"".
The nodes can be reused as desired. The function gets the root
of the search tree and the node to be deleted.


Student code currently passes 9/10 tests and fails 1/10 tests.

Student code:
```java
// Node in parameter represents root of tree
public Node delete(Node root, Node delete) 
{
    if (delete.left == null & delete.right == null & root == delete)
    {
        return null;
    }
    Node y = new Node();
    Node x = new Node();
    if (delete.left == null || delete.right == null)
    {
        y = delete;
    }
    else
    {
        y = tree_minimum(delete.right);
    }
    if (y.left != null)
    {
        x = y.left;
    }
    else
    {
        x = y.right;
    }
    if (x != null)
    {
        x.parent = y.parent;
    }
    if (y.parent == null)
    {
        root = x;
    }
    else
    {
        if (y == y.parent.left)
        {
            y.parent.left = x;
        }
        else
        {
            y.parent.right = x;
        }
    }
    if (y != delete)
    {
        delete.key = y.key;
    }
    return search_root(delete);
}

public Node tree_minimum(Node node)
{
    while (node.left != null)
    {
        node = node.left;
    }
    return node;
}

public Node search_root(Node node)
{
    while (node.parent != null)
    {
        node = node.parent;
    }
    return node;
}

Task skeleton (if present):
// Node in parameter represents root of tree
public Node delete(Node root, Node delete) {
    return null;
}

Reference answer (for understanding intent only; do not copy whole program unless the whole student solution is only one function/method):
// Node in parameter represents root of tree
public Node delete(Node root, Node delete) {
    Node y = null; //y: node to delete (after swap)
    if (delete.left == null || delete.right == null) {
        y = delete;
    } else {
        y = treeMinimum(delete.right);
    }
    Node x = null; // non-null child of y
    if (y.left != null) {
        x = y.left;
    } else {
        x = y.right;
    }
    // now delete y
    if (x != null) {
        x.parent = y.parent;
    }
    if (y.parent == null) {
        root = x;
    } else {
        if (y == y.parent.left) {
            y.parent.left = x;
        } else {
            y.parent.right = x;
        }
    }
    // Copy data
    if (y != delete) {
        delete.key = y.key;
    }
    // y should have no reference and should be deleted by the java gc
    return root;
}
// Helper function
public Node treeMinimum(Node n) {
    while (n.left != null) {
        n = n.left;
    }
    return n;
}

First failed test:

- test number: 9.0
- expected output: true
- actual output: false
- error message: 

Rules:

1. Focus on exactly ONE method or function if possible.
2. The ""replace"" content must be the complete original buggy function or method copied exactly from the student code.
3. The ""with"" content must be the corrected complete version of that same function/method.
4. Do not include main code, test code, markdown, prose inside JSON values.
5. Do not return just a code fragment like a loop, an if block, statement or expression.
6. If you are unable to identify one exact full function/method to replace, then set:
    - ""target_function"" : ""UNKNOWN""
    - ""replace"" : """"
    - ""with"" : """"

Return valid JSON only with exactly these keys:
{
""diagnosis"": ""1-3 short sentences"",
""hints"": [""hint 1"", ""hint 2"", ""hint 3""],
""target_function"": ""function name or UNKNOWN"",
""replace"": ""exact original full function/method or empty string"",
""with"": ""corrected full function/method or empty string""
}","{
""diagnosis"": ""The bug is in the return value: after deletion, the code returns search_root(delete), but if the deleted node was the root and is removed, this can return a stale or null node. The correct return is the possibly updated root variable."",
""hints"": [
""Check what should be returned after deletion: is it always the root of the tree?"",
""Consider what happens if the root node is deleted."",
""Compare the return statement to the reference solution.""
],
""target_function"": ""delete"",
""replace"": ""// Node in parameter represents root of tree\npublic Node delete(Node root, Node delete) \n{\n    if (delete.left == null & delete.right == null & root == delete)\n    {\n        return null;\n    }\n    Node y = new Node();\n    Node x = new Node();\n    if (delete.left == null || delete.right == null)\n    {\n        y = delete;\n    }\n    else\n    {\n        y = tree_minimum(delete.right);\n    }\n    if (y.left != null)\n    {\n        x = y.left;\n    }\n    else\n    {\n        x = y.right;\n    }\n    if (x != null)\n    {\n        x.parent = y.parent;\n    }\n    if (y.parent == null)\n    {\n        root = x;\n    }\n    else\n    {\n        if (y == y.parent.left)\n        {\n            y.parent.left = x;\n        }\n        else\n        {\n            y.parent.right = x;\n        }\n    }\n    if (y != delete)\n    {\n        delete.key = y.key;\n    }\n    return search_root(delete);\n}"",
""with"": ""// Node in parameter represents root of tree\npublic Node delete(Node root, Node delete) \n{\n    if (delete.left == null & delete.right == null & root == delete)\n    {\n        return null;\n    }\n    Node y = new Node();\n    Node x = new Node();\n    if (delete.left == null || delete.right == null)\n    {\n        y = delete;\n    }\n    else\n    {\n        y = tree_minimum(delete.right);\n    }\n    if (y.left != null)\n    {\n        x = y.left;\n    }\n    else\n    {\n        x = y.right;\n    }\n    if (x != null)\n    {\n        x.parent = y.parent;\n    }\n    if (y.parent == null)\n    {\n        root = x;\n    }\n    else\n    {\n        if (y == y.parent.left)\n        {\n            y.parent.left = x;\n        }\n        else\n        {\n            y.parent.right = x;\n        }\n    }\n    if (y != delete)\n    {\n        delete.key = y.key;\n    }\n    return root;\n}""
}",direct_json,"The bug is in the return value: after deletion, the code returns search_root(delete), but if the deleted node was the root and is removed, this can return a stale or null node. The correct return is the possibly updated root variable.","['Check what should be returned after deletion: is it always the root of the tree?', 'Consider what happens if the root node is deleted.', 'Compare the return statement to the reference solution.']",delete,"// Node in parameter represents root of tree
public Node delete(Node root, Node delete) 
{
    if (delete.left == null & delete.right == null & root == delete)
    {
        return null;
    }
    Node y = new Node();
    Node x = new Node();
    if (delete.left == null || delete.right == null)
    {
        y = delete;
    }
    else
    {
        y = tree_minimum(delete.right);
    }
    if (y.left != null)
    {
        x = y.left;
    }
    else
    {
        x = y.right;
    }
    if (x != null)
    {
        x.parent = y.parent;
    }
    if (y.parent == null)
    {
        root = x;
    }
    else
    {
        if (y == y.parent.left)
        {
            y.parent.left = x;
        }
        else
        {
            y.parent.right = x;
        }
    }
    if (y != delete)
    {
        delete.key = y.key;
    }
    return search_root(delete);
}","// Node in parameter represents root of tree
public Node delete(Node root, Node delete) 
{
    if (delete.left == null & delete.right == null & root == delete)
    {
        return null;
    }
    Node y = new Node();
    Node x = new Node();
    if (delete.left == null || delete.right == null)
    {
        y = delete;
    }
    else
    {
        y = tree_minimum(delete.right);
    }
    if (y.left != null)
    {
        x = y.left;
    }
    else
    {
        x = y.right;
    }
    if (x != null)
    {
        x.parent = y.parent;
    }
    if (y.parent == null)
    {
        root = x;
    }
    else
    {
        if (y == y.parent.left)
        {
            y.parent.left = x;
        }
        else
        {
            y.parent.right = x;
        }
    }
    if (y != delete)
    {
        delete.key = y.key;
    }
    return root;
}"
362,19_20-4-2-java,PVTZLAFP,java,2,0.2,wrong_output,"You are a programming tutor.

A student's solution failed tests. Your task is to identify ONE local bug and propose ONE small fix.

Attempt: 2
Approach: Choose a different localized fix, prioritizing null checks, state updates, index updates, or base-case errors when relevant.

Programming language: java
Guessed bug type: wrong_output


    For wrong-output bugs:
    - Check for edge cases such as empty input or first/last element.
    - Check for off-by-one errors.
    - Verify that comparison operators are correct (>, >=, <, <=).
    - Ensure return values and update steps.
    

Task title: Search trees: Removal (Java)
Task description:
These tasks will again be about search trees. Reminder:
Our search trees are built from ""nodes"", analogous to the lecture.
A node looks like this:

public class Node {
    public int key;
    public Node left;
    public Node right;
    public Node parent;
}

For this task, implement a method ""delete"" which deletes a
""Node"" in the search tree and returns the new search tree. Use the
the method from the lecture slides, i.e. the one with ""TREE-MINIMUM"".
The nodes can be reused as desired. The function gets the root
of the search tree and the node to be deleted.


Student code currently passes 9/10 tests and fails 1/10 tests.

Student code:
```java
// Node in parameter represents root of tree
public Node delete(Node root, Node delete) 
{
    if (delete.left == null & delete.right == null & root == delete)
    {
        return null;
    }
    Node y = new Node();
    Node x = new Node();
    if (delete.left == null || delete.right == null)
    {
        y = delete;
    }
    else
    {
        y = tree_minimum(delete.right);
    }
    if (y.left != null)
    {
        x = y.left;
    }
    else
    {
        x = y.right;
    }
    if (x != null)
    {
        x.parent = y.parent;
    }
    if (y.parent == null)
    {
        root = x;
    }
    else
    {
        if (y == y.parent.left)
        {
            y.parent.left = x;
        }
        else
        {
            y.parent.right = x;
        }
    }
    if (y != delete)
    {
        delete.key = y.key;
    }
    return search_root(delete);
}

public Node tree_minimum(Node node)
{
    while (node.left != null)
    {
        node = node.left;
    }
    return node;
}

public Node search_root(Node node)
{
    while (node.parent != null)
    {
        node = node.parent;
    }
    return node;
}

Task skeleton (if present):
// Node in parameter represents root of tree
public Node delete(Node root, Node delete) {
    return null;
}

Reference answer (for understanding intent only; do not copy whole program unless the whole student solution is only one function/method):
// Node in parameter represents root of tree
public Node delete(Node root, Node delete) {
    Node y = null; //y: node to delete (after swap)
    if (delete.left == null || delete.right == null) {
        y = delete;
    } else {
        y = treeMinimum(delete.right);
    }
    Node x = null; // non-null child of y
    if (y.left != null) {
        x = y.left;
    } else {
        x = y.right;
    }
    // now delete y
    if (x != null) {
        x.parent = y.parent;
    }
    if (y.parent == null) {
        root = x;
    } else {
        if (y == y.parent.left) {
            y.parent.left = x;
        } else {
            y.parent.right = x;
        }
    }
    // Copy data
    if (y != delete) {
        delete.key = y.key;
    }
    // y should have no reference and should be deleted by the java gc
    return root;
}
// Helper function
public Node treeMinimum(Node n) {
    while (n.left != null) {
        n = n.left;
    }
    return n;
}

First failed test:

- test number: 9.0
- expected output: true
- actual output: false
- error message: 

Rules:

1. Focus on exactly ONE method or function if possible.
2. The ""replace"" content must be the complete original buggy function or method copied exactly from the student code.
3. The ""with"" content must be the corrected complete version of that same function/method.
4. Do not include main code, test code, markdown, prose inside JSON values.
5. Do not return just a code fragment like a loop, an if block, statement or expression.
6. If you are unable to identify one exact full function/method to replace, then set:
    - ""target_function"" : ""UNKNOWN""
    - ""replace"" : """"
    - ""with"" : """"

Return valid JSON only with exactly these keys:
{
""diagnosis"": ""1-3 short sentences"",
""hints"": [""hint 1"", ""hint 2"", ""hint 3""],
""target_function"": ""function name or UNKNOWN"",
""replace"": ""exact original full function/method or empty string"",
""with"": ""corrected full function/method or empty string""
}","{
""diagnosis"": ""The bug is in the return value: after deletion, the code returns search_root(delete), but if the deleted node was the root and is now gone, this can return a stale or incorrect node. The correct return value is the possibly updated root variable. This causes wrong output in edge cases like deleting the root."",
""hints"": [
""Check what is returned after deletion, especially if the root is deleted."",
""Consider what happens to the root variable when the root node is removed."",
""Compare your return statement to the reference answer.""
],
""target_function"": ""delete"",
""replace"": ""// Node in parameter represents root of tree\npublic Node delete(Node root, Node delete) \n{\n    if (delete.left == null & delete.right == null & root == delete)\n    {\n        return null;\n    }\n    Node y = new Node();\n    Node x = new Node();\n    if (delete.left == null || delete.right == null)\n    {\n        y = delete;\n    }\n    else\n    {\n        y = tree_minimum(delete.right);\n    }\n    if (y.left != null)\n    {\n        x = y.left;\n    }\n    else\n    {\n        x = y.right;\n    }\n    if (x != null)\n    {\n        x.parent = y.parent;\n    }\n    if (y.parent == null)\n    {\n        root = x;\n    }\n    else\n    {\n        if (y == y.parent.left)\n        {\n            y.parent.left = x;\n        }\n        else\n        {\n            y.parent.right = x;\n        }\n    }\n    if (y != delete)\n    {\n        delete.key = y.key;\n    }\n    return search_root(delete);\n}\n"",
""with"": ""// Node in parameter represents root of tree\npublic Node delete(Node root, Node delete) \n{\n    if (delete.left == null & delete.right == null & root == delete)\n    {\n        return null;\n    }\n    Node y = new Node();\n    Node x = new Node();\n    if (delete.left == null || delete.right == null)\n    {\n        y = delete;\n    }\n    else\n    {\n        y = tree_minimum(delete.right);\n    }\n    if (y.left != null)\n    {\n        x = y.left;\n    }\n    else\n    {\n        x = y.right;\n    }\n    if (x != null)\n    {\n        x.parent = y.parent;\n    }\n    if (y.parent == null)\n    {\n        root = x;\n    }\n    else\n    {\n        if (y == y.parent.left)\n        {\n            y.parent.left = x;\n        }\n        else\n        {\n            y.parent.right = x;\n        }\n    }\n    if (y != delete)\n    {\n        delete.key = y.key;\n    }\n    return root;\n}\n""
}",direct_json,"The bug is in the return value: after deletion, the code returns search_root(delete), but if the deleted node was the root and is now gone, this can return a stale or incorrect node. The correct return value is the possibly updated root variable. This causes wrong output in edge cases like deleting the root.","['Check what is returned after deletion, especially if the root is deleted.', 'Consider what happens to the root variable when the root node is removed.', 'Compare your return statement to the reference answer.']",delete,"// Node in parameter represents root of tree
public Node delete(Node root, Node delete) 
{
    if (delete.left == null & delete.right == null & root == delete)
    {
        return null;
    }
    Node y = new Node();
    Node x = new Node();
    if (delete.left == null || delete.right == null)
    {
        y = delete;
    }
    else
    {
        y = tree_minimum(delete.right);
    }
    if (y.left != null)
    {
        x = y.left;
    }
    else
    {
        x = y.right;
    }
    if (x != null)
    {
        x.parent = y.parent;
    }
    if (y.parent == null)
    {
        root = x;
    }
    else
    {
        if (y == y.parent.left)
        {
            y.parent.left = x;
        }
        else
        {
            y.parent.right = x;
        }
    }
    if (y != delete)
    {
        delete.key = y.key;
    }
    return search_root(delete);
}
","// Node in parameter represents root of tree
public Node delete(Node root, Node delete) 
{
    if (delete.left == null & delete.right == null & root == delete)
    {
        return null;
    }
    Node y = new Node();
    Node x = new Node();
    if (delete.left == null || delete.right == null)
    {
        y = delete;
    }
    else
    {
        y = tree_minimum(delete.right);
    }
    if (y.left != null)
    {
        x = y.left;
    }
    else
    {
        x = y.right;
    }
    if (x != null)
    {
        x.parent = y.parent;
    }
    if (y.parent == null)
    {
        root = x;
    }
    else
    {
        if (y == y.parent.left)
        {
            y.parent.left = x;
        }
        else
        {
            y.parent.right = x;
        }
    }
    if (y != delete)
    {
        delete.key = y.key;
    }
    return root;
}
"
410,19_20-4-2-python,G632BNLN,python,1,0.0,wrong_output,"You are a programming tutor.

A student's solution failed tests. Your task is to identify ONE local bug and propose ONE small fix.

Attempt: 1
Approach: Choose the single most likely minimal fix.

Programming language: python
Guessed bug type: wrong_output


    For wrong-output bugs:
    - Check for edge cases such as empty input or first/last element.
    - Check for off-by-one errors.
    - Verify that comparison operators are correct (>, >=, <, <=).
    - Ensure return values and update steps.
    

Task title: Search trees: Removal (Python)
Task description:
These tasks will again be about search trees. Reminder:
Our search trees are built from ""nodes"", analogous to the lecture.
A node looks like this:

class Node:
 * key
 * left
 * right
 * Parent

For this task, implement a method ""delete"" which deletes a
""Node"" in the search tree and returns the new search tree. Use the
the method from the lecture slides, i.e. the one with ""TREE-MINIMUM"".
The nodes can be reused as desired. The function gets the root
of the search tree and the node to be deleted.


Student code currently passes 8/10 tests and fails 2/10 tests.

Student code:
```python
def delete(root, delete):
    if delete.left == None or delete.right == None:
        b = delete
    else: 
        b = delete.right
        while b.left: b = b.left
    if b.left:
        a = b.left
    else:
        a = b.right
    if a: a.parent = b.parent
    if not b.parent: root = None
    else:
        if b == b.parent.left:
            b.parent.left = a
        else:
            b.parent.right = a
        b.parent = None
    if b is not delete:
        delete.key = b.key
    return root

Task skeleton (if present):
# Node in parameter represents root of tree
def delete(root, delete):
    return None

Reference answer (for understanding intent only; do not copy whole program unless the whole student solution is only one function/method):
# Helper function
def tree_minimum(n):
    while n.left is not None:
        n = n.left
    return n
# Node in parameter represents root of tree
def delete(root: Node, delete: Node):
    y = None  # y: node to delete (after swap)
    if delete.left is None or delete.right is None:
        y = delete
    else:
        y = tree_minimum(delete.right)
    x = None  # non-null child of y
    if y.left is not None:
        x = y.left
    else:
        x = y.right
    # now delete y
    if x is not None:
        x.parent = y.parent
    if y.parent is None:
        root = x
    else:
        if y is y.parent.left:
            y.parent.left = x
        else:
            y.parent.right = x
    # Copy data
    if y is not delete:
        delete.key = y.key
    # y should have no reference and should be deleted by the python gc
    return root

First failed test:

- test number: 6.0
- expected output: True
- actual output: False
- error message: 

Rules:

1. Focus on exactly ONE method or function if possible.
2. The ""replace"" content must be the complete original buggy function or method copied exactly from the student code.
3. The ""with"" content must be the corrected complete version of that same function/method.
4. Do not include main code, test code, markdown, prose inside JSON values.
5. Do not return just a code fragment like a loop, an if block, statement or expression.
6. If you are unable to identify one exact full function/method to replace, then set:
    - ""target_function"" : ""UNKNOWN""
    - ""replace"" : """"
    - ""with"" : """"

Return valid JSON only with exactly these keys:
{
""diagnosis"": ""1-3 short sentences"",
""hints"": [""hint 1"", ""hint 2"", ""hint 3""],
""target_function"": ""function name or UNKNOWN"",
""replace"": ""exact original full function/method or empty string"",
""with"": ""corrected full function/method or empty string""
}","{
""diagnosis"": ""The bug is in the line 'if not b.parent: root = None', which incorrectly sets root to None when deleting the root node, instead of updating root to the new subtree. This causes the function to return None instead of the new root when the root is deleted. The fix is to set 'root = a' instead."",
""hints"": [
""Check what happens when the node to delete is the root."",
""Review how the root is updated after deletion."",
""Compare the handling of root replacement with the reference solution.""
],
""target_function"": ""delete"",
""replace"": ""def delete(root, delete):\n    if delete.left == None or delete.right == None:\n        b = delete\n    else: \n        b = delete.right\n        while b.left: b = b.left\n    if b.left:\n        a = b.left\n    else:\n        a = b.right\n    if a: a.parent = b.parent\n    if not b.parent: root = None\n    else:\n        if b == b.parent.left:\n            b.parent.left = a\n        else:\n            b.parent.right = a\n        b.parent = None\n    if b is not delete:\n        delete.key = b.key\n    return root\n"",
""with"": ""def delete(root, delete):\n    if delete.left == None or delete.right == None:\n        b = delete\n    else: \n        b = delete.right\n        while b.left: b = b.left\n    if b.left:\n        a = b.left\n    else:\n        a = b.right\n    if a: a.parent = b.parent\n    if not b.parent: root = a\n    else:\n        if b == b.parent.left:\n            b.parent.left = a\n        else:\n            b.parent.right = a\n        b.parent = None\n    if b is not delete:\n        delete.key = b.key\n    return root\n""
}",direct_json,"The bug is in the line 'if not b.parent: root = None', which incorrectly sets root to None when deleting the root node, instead of updating root to the new subtree. This causes the function to return None instead of the new root when the root is deleted. The fix is to set 'root = a' instead.","['Check what happens when the node to delete is the root.', 'Review how the root is updated after deletion.', 'Compare the handling of root replacement with the reference solution.']",delete,"def delete(root, delete):
    if delete.left == None or delete.right == None:
        b = delete
    else: 
        b = delete.right
        while b.left: b = b.left
    if b.left:
        a = b.left
    else:
        a = b.right
    if a: a.parent = b.parent
    if not b.parent: root = None
    else:
        if b == b.parent.left:
            b.parent.left = a
        else:
            b.parent.right = a
        b.parent = None
    if b is not delete:
        delete.key = b.key
    return root
","def delete(root, delete):
    if delete.left == None or delete.right == None:
        b = delete
    else: 
        b = delete.right
        while b.left: b = b.left
    if b.left:
        a = b.left
    else:
        a = b.right
    if a: a.parent = b.parent
    if not b.parent: root = a
    else:
        if b == b.parent.left:
            b.parent.left = a
        else:
            b.parent.right = a
        b.parent = None
    if b is not delete:
        delete.key = b.key
    return root
"
410,19_20-4-2-python,G632BNLN,python,2,0.2,wrong_output,"You are a programming tutor.

A student's solution failed tests. Your task is to identify ONE local bug and propose ONE small fix.

Attempt: 2
Approach: Choose a different localized fix, prioritizing null checks, state updates, index updates, or base-case errors when relevant.

Programming language: python
Guessed bug type: wrong_output


    For wrong-output bugs:
    - Check for edge cases such as empty input or first/last element.
    - Check for off-by-one errors.
    - Verify that comparison operators are correct (>, >=, <, <=).
    - Ensure return values and update steps.
    

Task title: Search trees: Removal (Python)
Task description:
These tasks will again be about search trees. Reminder:
Our search trees are built from ""nodes"", analogous to the lecture.
A node looks like this:

class Node:
 * key
 * left
 * right
 * Parent

For this task, implement a method ""delete"" which deletes a
""Node"" in the search tree and returns the new search tree. Use the
the method from the lecture slides, i.e. the one with ""TREE-MINIMUM"".
The nodes can be reused as desired. The function gets the root
of the search tree and the node to be deleted.


Student code currently passes 8/10 tests and fails 2/10 tests.

Student code:
```python
def delete(root, delete):
    if delete.left == None or delete.right == None:
        b = delete
    else: 
        b = delete.right
        while b.left: b = b.left
    if b.left:
        a = b.left
    else:
        a = b.right
    if a: a.parent = b.parent
    if not b.parent: root = None
    else:
        if b == b.parent.left:
            b.parent.left = a
        else:
            b.parent.right = a
        b.parent = None
    if b is not delete:
        delete.key = b.key
    return root

Task skeleton (if present):
# Node in parameter represents root of tree
def delete(root, delete):
    return None

Reference answer (for understanding intent only; do not copy whole program unless the whole student solution is only one function/method):
# Helper function
def tree_minimum(n):
    while n.left is not None:
        n = n.left
    return n
# Node in parameter represents root of tree
def delete(root: Node, delete: Node):
    y = None  # y: node to delete (after swap)
    if delete.left is None or delete.right is None:
        y = delete
    else:
        y = tree_minimum(delete.right)
    x = None  # non-null child of y
    if y.left is not None:
        x = y.left
    else:
        x = y.right
    # now delete y
    if x is not None:
        x.parent = y.parent
    if y.parent is None:
        root = x
    else:
        if y is y.parent.left:
            y.parent.left = x
        else:
            y.parent.right = x
    # Copy data
    if y is not delete:
        delete.key = y.key
    # y should have no reference and should be deleted by the python gc
    return root

First failed test:

- test number: 6.0
- expected output: True
- actual output: False
- error message: 

Rules:

1. Focus on exactly ONE method or function if possible.
2. The ""replace"" content must be the complete original buggy function or method copied exactly from the student code.
3. The ""with"" content must be the corrected complete version of that same function/method.
4. Do not include main code, test code, markdown, prose inside JSON values.
5. Do not return just a code fragment like a loop, an if block, statement or expression.
6. If you are unable to identify one exact full function/method to replace, then set:
    - ""target_function"" : ""UNKNOWN""
    - ""replace"" : """"
    - ""with"" : """"

Return valid JSON only with exactly these keys:
{
""diagnosis"": ""1-3 short sentences"",
""hints"": [""hint 1"", ""hint 2"", ""hint 3""],
""target_function"": ""function name or UNKNOWN"",
""replace"": ""exact original full function/method or empty string"",
""with"": ""corrected full function/method or empty string""
}","{
""diagnosis"": ""The bug is in the line 'if not b.parent: root = None'. This incorrectly sets root to None when deleting the root node, instead of updating root to the new subtree. The fix is to set root = a (the child) when b.parent is None."",
""hints"": [
""Check what happens when the node to delete is the root."",
""Verify how the root is updated after deletion."",
""Compare your handling of root updates to the reference.""
],
""target_function"": ""delete"",
""replace"": ""def delete(root, delete):\n    if delete.left == None or delete.right == None:\n        b = delete\n    else: \n        b = delete.right\n        while b.left: b = b.left\n    if b.left:\n        a = b.left\n    else:\n        a = b.right\n    if a: a.parent = b.parent\n    if not b.parent: root = None\n    else:\n        if b == b.parent.left:\n            b.parent.left = a\n        else:\n            b.parent.right = a\n        b.parent = None\n    if b is not delete:\n        delete.key = b.key\n    return root\n"",
""with"": ""def delete(root, delete):\n    if delete.left == None or delete.right == None:\n        b = delete\n    else: \n        b = delete.right\n        while b.left: b = b.left\n    if b.left:\n        a = b.left\n    else:\n        a = b.right\n    if a: a.parent = b.parent\n    if not b.parent:\n        root = a\n    else:\n        if b == b.parent.left:\n            b.parent.left = a\n        else:\n            b.parent.right = a\n        b.parent = None\n    if b is not delete:\n        delete.key = b.key\n    return root\n""
}",direct_json,"The bug is in the line 'if not b.parent: root = None'. This incorrectly sets root to None when deleting the root node, instead of updating root to the new subtree. The fix is to set root = a (the child) when b.parent is None.","['Check what happens when the node to delete is the root.', 'Verify how the root is updated after deletion.', 'Compare your handling of root updates to the reference.']",delete,"def delete(root, delete):
    if delete.left == None or delete.right == None:
        b = delete
    else: 
        b = delete.right
        while b.left: b = b.left
    if b.left:
        a = b.left
    else:
        a = b.right
    if a: a.parent = b.parent
    if not b.parent: root = None
    else:
        if b == b.parent.left:
            b.parent.left = a
        else:
            b.parent.right = a
        b.parent = None
    if b is not delete:
        delete.key = b.key
    return root
","def delete(root, delete):
    if delete.left == None or delete.right == None:
        b = delete
    else: 
        b = delete.right
        while b.left: b = b.left
    if b.left:
        a = b.left
    else:
        a = b.right
    if a: a.parent = b.parent
    if not b.parent:
        root = a
    else:
        if b == b.parent.left:
            b.parent.left = a
        else:
            b.parent.right = a
        b.parent = None
    if b is not delete:
        delete.key = b.key
    return root
"
417,19_20-4-2-python,SRMT6YIX,python,1,0.0,wrong_output,"You are a programming tutor.

A student's solution failed tests. Your task is to identify ONE local bug and propose ONE small fix.

Attempt: 1
Approach: Choose the single most likely minimal fix.

Programming language: python
Guessed bug type: wrong_output


    For wrong-output bugs:
    - Check for edge cases such as empty input or first/last element.
    - Check for off-by-one errors.
    - Verify that comparison operators are correct (>, >=, <, <=).
    - Ensure return values and update steps.
    

Task title: Search trees: Removal (Python)
Task description:
These tasks will again be about search trees. Reminder:
Our search trees are built from ""nodes"", analogous to the lecture.
A node looks like this:

class Node:
 * key
 * left
 * right
 * Parent

For this task, implement a method ""delete"" which deletes a
""Node"" in the search tree and returns the new search tree. Use the
the method from the lecture slides, i.e. the one with ""TREE-MINIMUM"".
The nodes can be reused as desired. The function gets the root
of the search tree and the node to be deleted.


Student code currently passes 9/10 tests and fails 1/10 tests.

Student code:
```python
# Node in parameter represents root of tree
def delete(root, delete):
    # wenn einen oder keinen Nachfolger
    if delete.left == None or delete.right == None:
        y = delete
    # wenn zwei Nachfolger, dann kleinsten von den Großen
    else: 
        y = delete.right
        while (y.left): y = y.left
    # wenn es Nachfolger gibt dann left oder right/None
    if y.left:
        x = y.left
    else:
        x = y.right
        
    # Der Nachfolger von delete bekommt neuen parent
    if (x): x.parent = y.parent
    # wenn delete die Wurzel war, also parent = None
    if (not y.parent): root = None
    # wenn nicht Wurzel, dann den neuen parent anbinden
    else:
        if y == y.parent.left:
            y.parent.left = x
        else:
            y.parent.right = x
        y.parent = None
    if (y is not delete):
        delete.key = y.key
    
    return root

Task skeleton (if present):
# Node in parameter represents root of tree
def delete(root, delete):
    return None

Reference answer (for understanding intent only; do not copy whole program unless the whole student solution is only one function/method):
# Helper function
def tree_minimum(n):
    while n.left is not None:
        n = n.left
    return n
# Node in parameter represents root of tree
def delete(root: Node, delete: Node):
    y = None  # y: node to delete (after swap)
    if delete.left is None or delete.right is None:
        y = delete
    else:
        y = tree_minimum(delete.right)
    x = None  # non-null child of y
    if y.left is not None:
        x = y.left
    else:
        x = y.right
    # now delete y
    if x is not None:
        x.parent = y.parent
    if y.parent is None:
        root = x
    else:
        if y is y.parent.left:
            y.parent.left = x
        else:
            y.parent.right = x
    # Copy data
    if y is not delete:
        delete.key = y.key
    # y should have no reference and should be deleted by the python gc
    return root

First failed test:

- test number: 8.0
- expected output: True
- actual output: False
- error message: 

Rules:

1. Focus on exactly ONE method or function if possible.
2. The ""replace"" content must be the complete original buggy function or method copied exactly from the student code.
3. The ""with"" content must be the corrected complete version of that same function/method.
4. Do not include main code, test code, markdown, prose inside JSON values.
5. Do not return just a code fragment like a loop, an if block, statement or expression.
6. If you are unable to identify one exact full function/method to replace, then set:
    - ""target_function"" : ""UNKNOWN""
    - ""replace"" : """"
    - ""with"" : """"

Return valid JSON only with exactly these keys:
{
""diagnosis"": ""1-3 short sentences"",
""hints"": [""hint 1"", ""hint 2"", ""hint 3""],
""target_function"": ""function name or UNKNOWN"",
""replace"": ""exact original full function/method or empty string"",
""with"": ""corrected full function/method or empty string""
}","{
""diagnosis"": ""The bug is in handling the case when the node to delete is the root. The code sets root = None instead of root = x, which causes the tree to be lost if the root is deleted. The fix is to set root = x when y.parent is None."",
""hints"": [
""Check what happens when the node to delete is the root of the tree."",
""Compare how the reference solution updates the root versus the student code."",
""Look at the line: if (not y.parent): root = None""
],
""target_function"": ""delete"",
""replace"": ""# Node in parameter represents root of tree\ndef delete(root, delete):\n    # wenn einen oder keinen Nachfolger\n    if delete.left == None or delete.right == None:\n        y = delete\n    # wenn zwei Nachfolger, dann kleinsten von den Großen\n    else: \n        y = delete.right\n        while (y.left): y = y.left\n    # wenn es Nachfolger gibt dann left oder right/None\n    if y.left:\n        x = y.left\n    else:\n        x = y.right\n        \n    # Der Nachfolger von delete bekommt neuen parent\n    if (x): x.parent = y.parent\n    # wenn delete die Wurzel war, also parent = None\n    if (not y.parent): root = None\n    # wenn nicht Wurzel, dann den neuen parent anbinden\n    else:\n        if y == y.parent.left:\n            y.parent.left = x\n        else:\n            y.parent.right = x\n        y.parent = None\n    if (y is not delete):\n        delete.key = y.key\n    \n    return root\n"",
""with"": ""# Node in parameter represents root of tree\ndef delete(root, delete):\n    # wenn einen oder keinen Nachfolger\n    if delete.left == None or delete.right == None:\n        y = delete\n    # wenn zwei Nachfolger, dann kleinsten von den Großen\n    else: \n        y = delete.right\n        while (y.left): y = y.left\n    # wenn es Nachfolger gibt dann left oder right/None\n    if y.left:\n        x = y.left\n    else:\n        x = y.right\n        \n    # Der Nachfolger von delete bekommt neuen parent\n    if (x): x.parent = y.parent\n    # wenn delete die Wurzel war, also parent = None\n    if (not y.parent): root = x\n    # wenn nicht Wurzel, dann den neuen parent anbinden\n    else:\n        if y == y.parent.left:\n            y.parent.left = x\n        else:\n            y.parent.right = x\n        y.parent = None\n    if (y is not delete):\n        delete.key = y.key\n    \n    return root\n""
}",direct_json,"The bug is in handling the case when the node to delete is the root. The code sets root = None instead of root = x, which causes the tree to be lost if the root is deleted. The fix is to set root = x when y.parent is None.","['Check what happens when the node to delete is the root of the tree.', 'Compare how the reference solution updates the root versus the student code.', 'Look at the line: if (not y.parent): root = None']",delete,"# Node in parameter represents root of tree
def delete(root, delete):
    # wenn einen oder keinen Nachfolger
    if delete.left == None or delete.right == None:
        y = delete
    # wenn zwei Nachfolger, dann kleinsten von den Großen
    else: 
        y = delete.right
        while (y.left): y = y.left
    # wenn es Nachfolger gibt dann left oder right/None
    if y.left:
        x = y.left
    else:
        x = y.right
        
    # Der Nachfolger von delete bekommt neuen parent
    if (x): x.parent = y.parent
    # wenn delete die Wurzel war, also parent = None
    if (not y.parent): root = None
    # wenn nicht Wurzel, dann den neuen parent anbinden
    else:
        if y == y.parent.left:
            y.parent.left = x
        else:
            y.parent.right = x
        y.parent = None
    if (y is not delete):
        delete.key = y.key
    
    return root
","# Node in parameter represents root of tree
def delete(root, delete):
    # wenn einen oder keinen Nachfolger
    if delete.left == None or delete.right == None:
        y = delete
    # wenn zwei Nachfolger, dann kleinsten von den Großen
    else: 
        y = delete.right
        while (y.left): y = y.left
    # wenn es Nachfolger gibt dann left oder right/None
    if y.left:
        x = y.left
    else:
        x = y.right
        
    # Der Nachfolger von delete bekommt neuen parent
    if (x): x.parent = y.parent
    # wenn delete die Wurzel war, also parent = None
    if (not y.parent): root = x
    # wenn nicht Wurzel, dann den neuen parent anbinden
    else:
        if y == y.parent.left:
            y.parent.left = x
        else:
            y.parent.right = x
        y.parent = None
    if (y is not delete):
        delete.key = y.key
    
    return root
"
417,19_20-4-2-python,SRMT6YIX,python,2,0.2,wrong_output,"You are a programming tutor.

A student's solution failed tests. Your task is to identify ONE local bug and propose ONE small fix.

Attempt: 2
Approach: Choose a different localized fix, prioritizing null checks, state updates, index updates, or base-case errors when relevant.

Programming language: python
Guessed bug type: wrong_output


    For wrong-output bugs:
    - Check for edge cases such as empty input or first/last element.
    - Check for off-by-one errors.
    - Verify that comparison operators are correct (>, >=, <, <=).
    - Ensure return values and update steps.
    

Task title: Search trees: Removal (Python)
Task description:
These tasks will again be about search trees. Reminder:
Our search trees are built from ""nodes"", analogous to the lecture.
A node looks like this:

class Node:
 * key
 * left
 * right
 * Parent

For this task, implement a method ""delete"" which deletes a
""Node"" in the search tree and returns the new search tree. Use the
the method from the lecture slides, i.e. the one with ""TREE-MINIMUM"".
The nodes can be reused as desired. The function gets the root
of the search tree and the node to be deleted.


Student code currently passes 9/10 tests and fails 1/10 tests.

Student code:
```python
# Node in parameter represents root of tree
def delete(root, delete):
    # wenn einen oder keinen Nachfolger
    if delete.left == None or delete.right == None:
        y = delete
    # wenn zwei Nachfolger, dann kleinsten von den Großen
    else: 
        y = delete.right
        while (y.left): y = y.left
    # wenn es Nachfolger gibt dann left oder right/None
    if y.left:
        x = y.left
    else:
        x = y.right
        
    # Der Nachfolger von delete bekommt neuen parent
    if (x): x.parent = y.parent
    # wenn delete die Wurzel war, also parent = None
    if (not y.parent): root = None
    # wenn nicht Wurzel, dann den neuen parent anbinden
    else:
        if y == y.parent.left:
            y.parent.left = x
        else:
            y.parent.right = x
        y.parent = None
    if (y is not delete):
        delete.key = y.key
    
    return root

Task skeleton (if present):
# Node in parameter represents root of tree
def delete(root, delete):
    return None

Reference answer (for understanding intent only; do not copy whole program unless the whole student solution is only one function/method):
# Helper function
def tree_minimum(n):
    while n.left is not None:
        n = n.left
    return n
# Node in parameter represents root of tree
def delete(root: Node, delete: Node):
    y = None  # y: node to delete (after swap)
    if delete.left is None or delete.right is None:
        y = delete
    else:
        y = tree_minimum(delete.right)
    x = None  # non-null child of y
    if y.left is not None:
        x = y.left
    else:
        x = y.right
    # now delete y
    if x is not None:
        x.parent = y.parent
    if y.parent is None:
        root = x
    else:
        if y is y.parent.left:
            y.parent.left = x
        else:
            y.parent.right = x
    # Copy data
    if y is not delete:
        delete.key = y.key
    # y should have no reference and should be deleted by the python gc
    return root

First failed test:

- test number: 8.0
- expected output: True
- actual output: False
- error message: 

Rules:

1. Focus on exactly ONE method or function if possible.
2. The ""replace"" content must be the complete original buggy function or method copied exactly from the student code.
3. The ""with"" content must be the corrected complete version of that same function/method.
4. Do not include main code, test code, markdown, prose inside JSON values.
5. Do not return just a code fragment like a loop, an if block, statement or expression.
6. If you are unable to identify one exact full function/method to replace, then set:
    - ""target_function"" : ""UNKNOWN""
    - ""replace"" : """"
    - ""with"" : """"

Return valid JSON only with exactly these keys:
{
""diagnosis"": ""1-3 short sentences"",
""hints"": [""hint 1"", ""hint 2"", ""hint 3""],
""target_function"": ""function name or UNKNOWN"",
""replace"": ""exact original full function/method or empty string"",
""with"": ""corrected full function/method or empty string""
}","{
""diagnosis"": ""The bug is in the handling of root replacement when deleting the root node. The code sets root = None instead of root = x, causing the tree to be lost when deleting the root. Fix by assigning root = x when y.parent is None."",
""hints"": [
""Check what happens when the node to delete is the root."",
""Review the assignment to root when y.parent is None."",
""Compare your logic to the reference for root replacement.""
],
""target_function"": ""delete"",
""replace"": ""# Node in parameter represents root of tree\ndef delete(root, delete):\n    # wenn einen oder keinen Nachfolger\n    if delete.left == None or delete.right == None:\n        y = delete\n    # wenn zwei Nachfolger, dann kleinsten von den Großen\n    else: \n        y = delete.right\n        while (y.left): y = y.left\n    # wenn es Nachfolger gibt dann left oder right/None\n    if y.left:\n        x = y.left\n    else:\n        x = y.right\n        \n    # Der Nachfolger von delete bekommt neuen parent\n    if (x): x.parent = y.parent\n    # wenn delete die Wurzel war, also parent = None\n    if (not y.parent): root = None\n    # wenn nicht Wurzel, dann den neuen parent anbinden\n    else:\n        if y == y.parent.left:\n            y.parent.left = x\n        else:\n            y.parent.right = x\n        y.parent = None\n    if (y is not delete):\n        delete.key = y.key\n    \n    return root\n"",
""with"": ""# Node in parameter represents root of tree\ndef delete(root, delete):\n    # wenn einen oder keinen Nachfolger\n    if delete.left == None or delete.right == None:\n        y = delete\n    # wenn zwei Nachfolger, dann kleinsten von den Großen\n    else: \n        y = delete.right\n        while (y.left): y = y.left\n    # wenn es Nachfolger gibt dann left oder right/None\n    if y.left:\n        x = y.left\n    else:\n        x = y.right\n        \n    # Der Nachfolger von delete bekommt neuen parent\n    if (x): x.parent = y.parent\n    # wenn delete die Wurzel war, also parent = None\n    if (not y.parent):\n        root = x\n    # wenn nicht Wurzel, dann den neuen parent anbinden\n    else:\n        if y == y.parent.left:\n            y.parent.left = x\n        else:\n            y.parent.right = x\n        y.parent = None\n    if (y is not delete):\n        delete.key = y.key\n    \n    return root\n""
}",direct_json,"The bug is in the handling of root replacement when deleting the root node. The code sets root = None instead of root = x, causing the tree to be lost when deleting the root. Fix by assigning root = x when y.parent is None.","['Check what happens when the node to delete is the root.', 'Review the assignment to root when y.parent is None.', 'Compare your logic to the reference for root replacement.']",delete,"# Node in parameter represents root of tree
def delete(root, delete):
    # wenn einen oder keinen Nachfolger
    if delete.left == None or delete.right == None:
        y = delete
    # wenn zwei Nachfolger, dann kleinsten von den Großen
    else: 
        y = delete.right
        while (y.left): y = y.left
    # wenn es Nachfolger gibt dann left oder right/None
    if y.left:
        x = y.left
    else:
        x = y.right
        
    # Der Nachfolger von delete bekommt neuen parent
    if (x): x.parent = y.parent
    # wenn delete die Wurzel war, also parent = None
    if (not y.parent): root = None
    # wenn nicht Wurzel, dann den neuen parent anbinden
    else:
        if y == y.parent.left:
            y.parent.left = x
        else:
            y.parent.right = x
        y.parent = None
    if (y is not delete):
        delete.key = y.key
    
    return root
","# Node in parameter represents root of tree
def delete(root, delete):
    # wenn einen oder keinen Nachfolger
    if delete.left == None or delete.right == None:
        y = delete
    # wenn zwei Nachfolger, dann kleinsten von den Großen
    else: 
        y = delete.right
        while (y.left): y = y.left
    # wenn es Nachfolger gibt dann left oder right/None
    if y.left:
        x = y.left
    else:
        x = y.right
        
    # Der Nachfolger von delete bekommt neuen parent
    if (x): x.parent = y.parent
    # wenn delete die Wurzel war, also parent = None
    if (not y.parent):
        root = x
    # wenn nicht Wurzel, dann den neuen parent anbinden
    else:
        if y == y.parent.left:
            y.parent.left = x
        else:
            y.parent.right = x
        y.parent = None
    if (y is not delete):
        delete.key = y.key
    
    return root
"
418,19_20-4-2-python,XZTB374C,python,1,0.0,wrong_output,"You are a programming tutor.

A student's solution failed tests. Your task is to identify ONE local bug and propose ONE small fix.

Attempt: 1
Approach: Choose the single most likely minimal fix.

Programming language: python
Guessed bug type: wrong_output


    For wrong-output bugs:
    - Check for edge cases such as empty input or first/last element.
    - Check for off-by-one errors.
    - Verify that comparison operators are correct (>, >=, <, <=).
    - Ensure return values and update steps.
    

Task title: Search trees: Removal (Python)
Task description:
These tasks will again be about search trees. Reminder:
Our search trees are built from ""nodes"", analogous to the lecture.
A node looks like this:

class Node:
 * key
 * left
 * right
 * Parent

For this task, implement a method ""delete"" which deletes a
""Node"" in the search tree and returns the new search tree. Use the
the method from the lecture slides, i.e. the one with ""TREE-MINIMUM"".
The nodes can be reused as desired. The function gets the root
of the search tree and the node to be deleted.


Student code currently passes 9/10 tests and fails 1/10 tests.

Student code:
```python
class Node:
    def __init__(self):
        self.parent = None
        self.key = None
        self.left = None
        self.right = None

class GoodNode:
    def __init__(self, key, left = None, right = None):
        self.parent = None
        self.key = key
        self.children = {'left': left, 'right': right}
        if left is not None:
            self.children['left'].parent = self
        if right is not None:
            self.children['right'].parent = self
                    
def kind(self):
    if self.parent is None:
        return None
    else:
        if self.parent.children['left'] is self:
            return 'left'
        elif self.parent.children['right'] is self:
            return 'right'
        else:
            raise Exception(""illformed node: i'm not my parent's child :("")

def left(self):
    return self.children['left']

def right(self):
    return self.children['right']

def minimum(self):
    result = self
    while result.children['left'] is not None:
        result = result.children['left']
    return result

def children_count(self):
    c = 0
    if self.children['left'] is not None:
        c+= 1
    if self.children['right'] is not None:
        c+= 1
    return c

def first_nonnull_child(self):
    if self.children['left'] is not None:
        return self.children['left']
    elif self.children['right'] is not None:
        return self.children['right']
    else:
        return None

# remove key that belongs to this node from its tree
# this might involve removing the entire node from its tree
# return new root
def remove_key(self, root):
    if children_count(self) == 2:
        # remove minimum after this node and put it in place of self
        right_minimum = minimum(right(self))
        minimum_key = right_minimum.key
        root = remove_key(right_minimum, root)
        assert root is not None
        self.key = minimum_key
        return root
    elif children_count(self) == 1:
        # become your child
        child = first_nonnull_child(self)
        self.key = child.key
        root = remove_key(child, root)
        assert root is not None
        return root
    else:
        selfkind = kind(self)
        # detach from parent
        parent = self.parent
        self.parent = None
        if parent is not None:
            parent.children[selfkind] = None
            return root
        else:
            return None

def compare(self, other):
    assert self is not None
    if other is None:
        return False
    if self.key != other.key:
        return False
    for kind in ['right', 'left']:
        if self.children[kind] is not None:
            if compare(self.children[kind], other.children[kind]) == False:
                return False
        elif other.children[kind] is not None:
            return False
    return True

def fuckoff(uhh_node):
    if uhh_node is None:
        return 
    uhh_node.children = {'left': uhh_node.left, 'right': uhh_node.right}
    del uhh_node.left
    del uhh_node.right
    fuckoff(uhh_node.children['left'])
    fuckoff(uhh_node.children['right'])

def fuckon(self):
    if self is None:
        return
    self.left = self.children['left']
    self.right = self.children['right']
    del self.children
    fuckon(self.left)
    fuckon(self.right)
        

# Node in parameter represents root of tree
def delete(root, to_remove):
    fuckoff(root)
    root = remove_key(to_remove, root)
    fuckon(root)
    return root

Task skeleton (if present):
# Node in parameter represents root of tree
def delete(root, delete):
    return None

Reference answer (for understanding intent only; do not copy whole program unless the whole student solution is only one function/method):
# Helper function
def tree_minimum(n):
    while n.left is not None:
        n = n.left
    return n
# Node in parameter represents root of tree
def delete(root: Node, delete: Node):
    y = None  # y: node to delete (after swap)
    if delete.left is None or delete.right is None:
        y = delete
    else:
        y = tree_minimum(delete.right)
    x = None  # non-null child of y
    if y.left is not None:
        x = y.left
    else:
        x = y.right
    # now delete y
    if x is not None:
        x.parent = y.parent
    if y.parent is None:
        root = x
    else:
        if y is y.parent.left:
            y.parent.left = x
        else:
            y.parent.right = x
    # Copy data
    if y is not delete:
        delete.key = y.key
    # y should have no reference and should be deleted by the python gc
    return root

First failed test:

- test number: 6.0
- expected output: True
- actual output: False
- error message: 

Rules:

1. Focus on exactly ONE method or function if possible.
2. The ""replace"" content must be the complete original buggy function or method copied exactly from the student code.
3. The ""with"" content must be the corrected complete version of that same function/method.
4. Do not include main code, test code, markdown, prose inside JSON values.
5. Do not return just a code fragment like a loop, an if block, statement or expression.
6. If you are unable to identify one exact full function/method to replace, then set:
    - ""target_function"" : ""UNKNOWN""
    - ""replace"" : """"
    - ""with"" : """"

Return valid JSON only with exactly these keys:
{
""diagnosis"": ""1-3 short sentences"",
""hints"": [""hint 1"", ""hint 2"", ""hint 3""],
""target_function"": ""function name or UNKNOWN"",
""replace"": ""exact original full function/method or empty string"",
""with"": ""corrected full function/method or empty string""
}","{
""diagnosis"": ""The bug is in the remove_key function: when deleting a node with one child, the code copies the child's key but does not update the node's children to match the child's children. This can break the tree structure. The fix is to also copy the child's children dictionary and update their parent pointers."",
""hints"": [
""Check what happens to the children when a node with one child is deleted."",
""Does copying only the key preserve the correct subtree structure?"",
""Are the parent pointers of grandchildren updated correctly?""
],
""target_function"": ""remove_key"",
""replace"": ""def remove_key(self, root):\n    if children_count(self) == 2:\n        # remove minimum after this node and put it in place of self\n        right_minimum = minimum(right(self))\n        minimum_key = right_minimum.key\n        root = remove_key(right_minimum, root)\n        assert root is not None\n        self.key = minimum_key\n        return root\n    elif children_count(self) == 1:\n        # become your child\n        child = first_nonnull_child(self)\n        self.key = child.key\n        root = remove_key(child, root)\n        assert root is not None\n        return root\n    else:\n        selfkind = kind(self)\n        # detach from parent\n        parent = self.parent\n        self.parent = None\n        if parent is not None:\n            parent.children[selfkind] = None\n            return root\n        else:\n            return None\n"",
""with"": ""def remove_key(self, root):\n    if children_count(self) == 2:\n        # remove minimum after this node and put it in place of self\n        right_minimum = minimum(right(self))\n        minimum_key = right_minimum.key\n        root = remove_key(right_minimum, root)\n        assert root is not None\n        self.key = minimum_key\n        return root\n    elif children_count(self) == 1:\n        # become your child\n        child = first_nonnull_child(self)\n        self.key = child.key\n        self.children = child.children.copy()\n        for k in ['left', 'right']:\n            if self.children[k] is not None:\n                self.children[k].parent = self\n        root = remove_key(child, root)\n        assert root is not None\n        return root\n    else:\n        selfkind = kind(self)\n        # detach from parent\n        parent = self.parent\n        self.parent = None\n        if parent is not None:\n            parent.children[selfkind] = None\n            return root\n        else:\n            return None\n""
}",direct_json,"The bug is in the remove_key function: when deleting a node with one child, the code copies the child's key but does not update the node's children to match the child's children. This can break the tree structure. The fix is to also copy the child's children dictionary and update their parent pointers.","['Check what happens to the children when a node with one child is deleted.', 'Does copying only the key preserve the correct subtree structure?', 'Are the parent pointers of grandchildren updated correctly?']",remove_key,"def remove_key(self, root):
    if children_count(self) == 2:
        # remove minimum after this node and put it in place of self
        right_minimum = minimum(right(self))
        minimum_key = right_minimum.key
        root = remove_key(right_minimum, root)
        assert root is not None
        self.key = minimum_key
        return root
    elif children_count(self) == 1:
        # become your child
        child = first_nonnull_child(self)
        self.key = child.key
        root = remove_key(child, root)
        assert root is not None
        return root
    else:
        selfkind = kind(self)
        # detach from parent
        parent = self.parent
        self.parent = None
        if parent is not None:
            parent.children[selfkind] = None
            return root
        else:
            return None
","def remove_key(self, root):
    if children_count(self) == 2:
        # remove minimum after this node and put it in place of self
        right_minimum = minimum(right(self))
        minimum_key = right_minimum.key
        root = remove_key(right_minimum, root)
        assert root is not None
        self.key = minimum_key
        return root
    elif children_count(self) == 1:
        # become your child
        child = first_nonnull_child(self)
        self.key = child.key
        self.children = child.children.copy()
        for k in ['left', 'right']:
            if self.children[k] is not None:
                self.children[k].parent = self
        root = remove_key(child, root)
        assert root is not None
        return root
    else:
        selfkind = kind(self)
        # detach from parent
        parent = self.parent
        self.parent = None
        if parent is not None:
            parent.children[selfkind] = None
            return root
        else:
            return None
"
418,19_20-4-2-python,XZTB374C,python,2,0.2,wrong_output,"You are a programming tutor.

A student's solution failed tests. Your task is to identify ONE local bug and propose ONE small fix.

Attempt: 2
Approach: Choose a different localized fix, prioritizing null checks, state updates, index updates, or base-case errors when relevant.

Programming language: python
Guessed bug type: wrong_output


    For wrong-output bugs:
    - Check for edge cases such as empty input or first/last element.
    - Check for off-by-one errors.
    - Verify that comparison operators are correct (>, >=, <, <=).
    - Ensure return values and update steps.
    

Task title: Search trees: Removal (Python)
Task description:
These tasks will again be about search trees. Reminder:
Our search trees are built from ""nodes"", analogous to the lecture.
A node looks like this:

class Node:
 * key
 * left
 * right
 * Parent

For this task, implement a method ""delete"" which deletes a
""Node"" in the search tree and returns the new search tree. Use the
the method from the lecture slides, i.e. the one with ""TREE-MINIMUM"".
The nodes can be reused as desired. The function gets the root
of the search tree and the node to be deleted.


Student code currently passes 9/10 tests and fails 1/10 tests.

Student code:
```python
class Node:
    def __init__(self):
        self.parent = None
        self.key = None
        self.left = None
        self.right = None

class GoodNode:
    def __init__(self, key, left = None, right = None):
        self.parent = None
        self.key = key
        self.children = {'left': left, 'right': right}
        if left is not None:
            self.children['left'].parent = self
        if right is not None:
            self.children['right'].parent = self
                    
def kind(self):
    if self.parent is None:
        return None
    else:
        if self.parent.children['left'] is self:
            return 'left'
        elif self.parent.children['right'] is self:
            return 'right'
        else:
            raise Exception(""illformed node: i'm not my parent's child :("")

def left(self):
    return self.children['left']

def right(self):
    return self.children['right']

def minimum(self):
    result = self
    while result.children['left'] is not None:
        result = result.children['left']
    return result

def children_count(self):
    c = 0
    if self.children['left'] is not None:
        c+= 1
    if self.children['right'] is not None:
        c+= 1
    return c

def first_nonnull_child(self):
    if self.children['left'] is not None:
        return self.children['left']
    elif self.children['right'] is not None:
        return self.children['right']
    else:
        return None

# remove key that belongs to this node from its tree
# this might involve removing the entire node from its tree
# return new root
def remove_key(self, root):
    if children_count(self) == 2:
        # remove minimum after this node and put it in place of self
        right_minimum = minimum(right(self))
        minimum_key = right_minimum.key
        root = remove_key(right_minimum, root)
        assert root is not None
        self.key = minimum_key
        return root
    elif children_count(self) == 1:
        # become your child
        child = first_nonnull_child(self)
        self.key = child.key
        root = remove_key(child, root)
        assert root is not None
        return root
    else:
        selfkind = kind(self)
        # detach from parent
        parent = self.parent
        self.parent = None
        if parent is not None:
            parent.children[selfkind] = None
            return root
        else:
            return None

def compare(self, other):
    assert self is not None
    if other is None:
        return False
    if self.key != other.key:
        return False
    for kind in ['right', 'left']:
        if self.children[kind] is not None:
            if compare(self.children[kind], other.children[kind]) == False:
                return False
        elif other.children[kind] is not None:
            return False
    return True

def fuckoff(uhh_node):
    if uhh_node is None:
        return 
    uhh_node.children = {'left': uhh_node.left, 'right': uhh_node.right}
    del uhh_node.left
    del uhh_node.right
    fuckoff(uhh_node.children['left'])
    fuckoff(uhh_node.children['right'])

def fuckon(self):
    if self is None:
        return
    self.left = self.children['left']
    self.right = self.children['right']
    del self.children
    fuckon(self.left)
    fuckon(self.right)
        

# Node in parameter represents root of tree
def delete(root, to_remove):
    fuckoff(root)
    root = remove_key(to_remove, root)
    fuckon(root)
    return root

Task skeleton (if present):
# Node in parameter represents root of tree
def delete(root, delete):
    return None

Reference answer (for understanding intent only; do not copy whole program unless the whole student solution is only one function/method):
# Helper function
def tree_minimum(n):
    while n.left is not None:
        n = n.left
    return n
# Node in parameter represents root of tree
def delete(root: Node, delete: Node):
    y = None  # y: node to delete (after swap)
    if delete.left is None or delete.right is None:
        y = delete
    else:
        y = tree_minimum(delete.right)
    x = None  # non-null child of y
    if y.left is not None:
        x = y.left
    else:
        x = y.right
    # now delete y
    if x is not None:
        x.parent = y.parent
    if y.parent is None:
        root = x
    else:
        if y is y.parent.left:
            y.parent.left = x
        else:
            y.parent.right = x
    # Copy data
    if y is not delete:
        delete.key = y.key
    # y should have no reference and should be deleted by the python gc
    return root

First failed test:

- test number: 6.0
- expected output: True
- actual output: False
- error message: 

Rules:

1. Focus on exactly ONE method or function if possible.
2. The ""replace"" content must be the complete original buggy function or method copied exactly from the student code.
3. The ""with"" content must be the corrected complete version of that same function/method.
4. Do not include main code, test code, markdown, prose inside JSON values.
5. Do not return just a code fragment like a loop, an if block, statement or expression.
6. If you are unable to identify one exact full function/method to replace, then set:
    - ""target_function"" : ""UNKNOWN""
    - ""replace"" : """"
    - ""with"" : """"

Return valid JSON only with exactly these keys:
{
""diagnosis"": ""1-3 short sentences"",
""hints"": [""hint 1"", ""hint 2"", ""hint 3""],
""target_function"": ""function name or UNKNOWN"",
""replace"": ""exact original full function/method or empty string"",
""with"": ""corrected full function/method or empty string""
}","{
""diagnosis"": ""The bug is in remove_key: when deleting a node with one child, it copies the child's key but does not update the left/right children pointers, so the deleted node may retain the removed child as a subtree. This causes incorrect tree structure for some cases. The fix is to also copy the child's children when copying the key."",
""hints"": [
""Check what happens to the children when a node with one child is deleted."",
""After copying the key from the child, are the left/right children updated?"",
""Does the parent pointer of the new child need to be updated?""
],
""target_function"": ""remove_key"",
""replace"": ""def remove_key(self, root):\n    if children_count(self) == 2:\n        # remove minimum after this node and put it in place of self\n        right_minimum = minimum(right(self))\n        minimum_key = right_minimum.key\n        root = remove_key(right_minimum, root)\n        assert root is not None\n        self.key = minimum_key\n        return root\n    elif children_count(self) == 1:\n        # become your child\n        child = first_nonnull_child(self)\n        self.key = child.key\n        root = remove_key(child, root)\n        assert root is not None\n        return root\n    else:\n        selfkind = kind(self)\n        # detach from parent\n        parent = self.parent\n        self.parent = None\n        if parent is not None:\n            parent.children[selfkind] = None\n            return root\n        else:\n            return None\n"",
""with"": ""def remove_key(self, root):\n    if children_count(self) == 2:\n        # remove minimum after this node and put it in place of self\n        right_minimum = minimum(right(self))\n        minimum_key = right_minimum.key\n        root = remove_key(right_minimum, root)\n        assert root is not None\n        self.key = minimum_key\n        return root\n    elif children_count(self) == 1:\n        # become your child\n        child = first_nonnull_child(self)\n        self.key = child.key\n        self.children['left'] = child.children['left']\n        self.children['right'] = child.children['right']\n        if self.children['left'] is not None:\n            self.children['left'].parent = self\n        if self.children['right'] is not None:\n            self.children['right'].parent = self\n        root = remove_key(child, root)\n        assert root is not None\n        return root\n    else:\n        selfkind = kind(self)\n        # detach from parent\n        parent = self.parent\n        self.parent = None\n        if parent is not None:\n            parent.children[selfkind] = None\n            return root\n        else:\n            return None\n""
}",direct_json,"The bug is in remove_key: when deleting a node with one child, it copies the child's key but does not update the left/right children pointers, so the deleted node may retain the removed child as a subtree. This causes incorrect tree structure for some cases. The fix is to also copy the child's children when copying the key.","['Check what happens to the children when a node with one child is deleted.', 'After copying the key from the child, are the left/right children updated?', 'Does the parent pointer of the new child need to be updated?']",remove_key,"def remove_key(self, root):
    if children_count(self) == 2:
        # remove minimum after this node and put it in place of self
        right_minimum = minimum(right(self))
        minimum_key = right_minimum.key
        root = remove_key(right_minimum, root)
        assert root is not None
        self.key = minimum_key
        return root
    elif children_count(self) == 1:
        # become your child
        child = first_nonnull_child(self)
        self.key = child.key
        root = remove_key(child, root)
        assert root is not None
        return root
    else:
        selfkind = kind(self)
        # detach from parent
        parent = self.parent
        self.parent = None
        if parent is not None:
            parent.children[selfkind] = None
            return root
        else:
            return None
","def remove_key(self, root):
    if children_count(self) == 2:
        # remove minimum after this node and put it in place of self
        right_minimum = minimum(right(self))
        minimum_key = right_minimum.key
        root = remove_key(right_minimum, root)
        assert root is not None
        self.key = minimum_key
        return root
    elif children_count(self) == 1:
        # become your child
        child = first_nonnull_child(self)
        self.key = child.key
        self.children['left'] = child.children['left']
        self.children['right'] = child.children['right']
        if self.children['left'] is not None:
            self.children['left'].parent = self
        if self.children['right'] is not None:
            self.children['right'].parent = self
        root = remove_key(child, root)
        assert root is not None
        return root
    else:
        selfkind = kind(self)
        # detach from parent
        parent = self.parent
        self.parent = None
        if parent is not None:
            parent.children[selfkind] = None
            return root
        else:
            return None
"
524,19_20-6-2-java,2SBCAEOV,java,1,0.0,wrong_output,"You are a programming tutor.

A student's solution failed tests. Your task is to identify ONE local bug and propose ONE small fix.

Attempt: 1
Approach: Choose the single most likely minimal fix.

Programming language: java
Guessed bug type: wrong_output


    For wrong-output bugs:
    - Check for edge cases such as empty input or first/last element.
    - Check for off-by-one errors.
    - Verify that comparison operators are correct (>, >=, <, <=).
    - Ensure return values and update steps.
    

Task title: Dynamic Programming: Knapsack (Java)
Task description:
The Knapsack problem is an optimization problem. Which items
from an existing selection should be packed into a limited
backpack(Knapsack) in order to maximize the value to be transported?
This problem is in generall NP-complete and therefore
probably not efficiently solvable. Assuming that the
volumes of the objects are integers, we can find an algorithm
that solves this problem using dynamic programming. We are looking for
the implementation of an algorithm, which for a given list of objects and a
list of items and a maximum backpack volume outputs the value
that can be transported at most. The list of items
consists of two lists, one contains the volumes and one the values.
values. So the input ([0.5, 0.3], [2, 5], 3 ) gives two items,
the first with volume 2 and value 0.5, the second with volume 5 and value 0.3.
The last value indicates the volume of the Knapsack, in this case
the correct output of the algorithm would be 0.5 because only
the 1st item fits into the backpack at all. With a larger volume
of 7, the correct output would be 0.8. It is important to note that the solution
is NOT 1.5, so it is not possible to use the same object more than once.

Student code currently passes 19/20 tests and fails 1/20 tests.

Student code:
```java
// Returns the maximum value that can be put in a knapsack 
    // of capacity W 
    public static double knapSack(double[] val, int[] wt, int W) {
     
                int n = val.length; 
        int i, w; 
        double K[][] = new double[n + 1][W + 1]; 
  
        // Build table K[][] in bottom up manner 
        for (i = 0; i<= n; i++) { 
            for (w = 0; w<= W; w++) { 
                if (i == 0 || w == 0) 
                    K[i][w] = 0; 
                else if (wt[i - 1]<= w) 
                    K[i][w] = max(val[i - 1] + K[i - 1][w - wt[i - 1]], K[i - 1][w]); 
                else
                    K[i][w] = K[i - 1][w]; 
            } 
        } 
  
        return K[n][W]; 
    } 
    
static double max(double a, double b)  
{ 
    return (a > b) ? a : b;
    }

Task skeleton (if present):
public double knapSack(double[] values, int[] volumes, int capacity) {
    assert values.length == volumes.length;
    return 0.0;
}

Reference answer (for understanding intent only; do not copy whole program unless the whole student solution is only one function/method):
/* This function calculates and returns the max
 * value in knapsack with the capacity ""capacity"" wich is filled
 * with stuff of volume ""volumes"" and the value ""values"".
 */
public double knapSack(double[] values, int[] volumes, int capacity) {
    assert values.length == volumes.length;

    int n = values.length;
    double[][] Result = new double[n+1][];

    for(int i = 0; i < n+1; ++i) {
        Result[i] = new double[capacity+1];
    }

    for(int i = n-1; i > -1; --i) {
        for(int j = 0; j < capacity+1; ++j) {
            if (volumes[i] <= j) {
                Result[i][j] = Math.max(values[i] + Result[i+1][j-volumes[i]], Result[i+1][j]);
            } else {
                Result[i][j] = Result[i+1][j];
            }
        }
    }
    return Result[0][capacity];
}

First failed test:

- test number: 18.0
- expected output: true
- actual output: false
- error message: 

Rules:

1. Focus on exactly ONE method or function if possible.
2. The ""replace"" content must be the complete original buggy function or method copied exactly from the student code.
3. The ""with"" content must be the corrected complete version of that same function/method.
4. Do not include main code, test code, markdown, prose inside JSON values.
5. Do not return just a code fragment like a loop, an if block, statement or expression.
6. If you are unable to identify one exact full function/method to replace, then set:
    - ""target_function"" : ""UNKNOWN""
    - ""replace"" : """"
    - ""with"" : """"

Return valid JSON only with exactly these keys:
{
""diagnosis"": ""1-3 short sentences"",
""hints"": [""hint 1"", ""hint 2"", ""hint 3""],
""target_function"": ""function name or UNKNOWN"",
""replace"": ""exact original full function/method or empty string"",
""with"": ""corrected full function/method or empty string""
}","{
""diagnosis"": ""The student uses a max helper function instead of Math.max, but that's not the issue. The main bug is that the student uses a top-down DP (i from 0 to n), but the standard 0/1 knapsack DP should be bottom-up (i from n-1 down to 0) to match the reference and avoid subtle off-by-one errors. This can cause incorrect results for some edge cases."",
""hints"": [
""Check the direction of your DP loops (should you go from 0 to n or n-1 down to 0?)."",
""Compare your DP table filling order to the reference solution."",
""Edge cases may fail if the DP is filled in the wrong order.""
],
""target_function"": ""knapSack"",
""replace"": ""// Returns the maximum value that can be put in a knapsack \n    // of capacity W \n    public static double knapSack(double[] val, int[] wt, int W) {\n     \n                int n = val.length; \n        int i, w; \n        double K[][] = new double[n + 1][W + 1]; \n  \n        // Build table K[][] in bottom up manner \n        for (i = 0; i<= n; i++) { \n            for (w = 0; w<= W; w++) { \n                if (i == 0 || w == 0) \n                    K[i][w] = 0; \n                else if (wt[i - 1]<= w) \n                    K[i][w] = max(val[i - 1] + K[i - 1][w - wt[i - 1]], K[i - 1][w]); \n                else\n                    K[i][w] = K[i - 1][w]; \n            } \n        } \n  \n        return K[n][W]; \n    } "",
""with"": ""public static double knapSack(double[] val, int[] wt, int W) {\n    int n = val.length;\n    double[][] K = new double[n + 1][W + 1];\n    for (int i = n - 1; i >= 0; i--) {\n        for (int w = 0; w <= W; w++) {\n            if (wt[i] <= w) {\n                K[i][w] = Math.max(val[i] + K[i + 1][w - wt[i]], K[i + 1][w]);\n            } else {\n                K[i][w] = K[i + 1][w];\n            }\n        }\n    }\n    return K[0][W];\n}""
}",direct_json,"The student uses a max helper function instead of Math.max, but that's not the issue. The main bug is that the student uses a top-down DP (i from 0 to n), but the standard 0/1 knapsack DP should be bottom-up (i from n-1 down to 0) to match the reference and avoid subtle off-by-one errors. This can cause incorrect results for some edge cases.","['Check the direction of your DP loops (should you go from 0 to n or n-1 down to 0?).', 'Compare your DP table filling order to the reference solution.', 'Edge cases may fail if the DP is filled in the wrong order.']",knapSack,"// Returns the maximum value that can be put in a knapsack 
    // of capacity W 
    public static double knapSack(double[] val, int[] wt, int W) {
     
                int n = val.length; 
        int i, w; 
        double K[][] = new double[n + 1][W + 1]; 
  
        // Build table K[][] in bottom up manner 
        for (i = 0; i<= n; i++) { 
            for (w = 0; w<= W; w++) { 
                if (i == 0 || w == 0) 
                    K[i][w] = 0; 
                else if (wt[i - 1]<= w) 
                    K[i][w] = max(val[i - 1] + K[i - 1][w - wt[i - 1]], K[i - 1][w]); 
                else
                    K[i][w] = K[i - 1][w]; 
            } 
        } 
  
        return K[n][W]; 
    } ","public static double knapSack(double[] val, int[] wt, int W) {
    int n = val.length;
    double[][] K = new double[n + 1][W + 1];
    for (int i = n - 1; i >= 0; i--) {
        for (int w = 0; w <= W; w++) {
            if (wt[i] <= w) {
                K[i][w] = Math.max(val[i] + K[i + 1][w - wt[i]], K[i + 1][w]);
            } else {
                K[i][w] = K[i + 1][w];
            }
        }
    }
    return K[0][W];
}"
524,19_20-6-2-java,2SBCAEOV,java,2,0.2,wrong_output,"You are a programming tutor.

A student's solution failed tests. Your task is to identify ONE local bug and propose ONE small fix.

Attempt: 2
Approach: Choose a different localized fix, prioritizing null checks, state updates, index updates, or base-case errors when relevant.

Programming language: java
Guessed bug type: wrong_output


    For wrong-output bugs:
    - Check for edge cases such as empty input or first/last element.
    - Check for off-by-one errors.
    - Verify that comparison operators are correct (>, >=, <, <=).
    - Ensure return values and update steps.
    

Task title: Dynamic Programming: Knapsack (Java)
Task description:
The Knapsack problem is an optimization problem. Which items
from an existing selection should be packed into a limited
backpack(Knapsack) in order to maximize the value to be transported?
This problem is in generall NP-complete and therefore
probably not efficiently solvable. Assuming that the
volumes of the objects are integers, we can find an algorithm
that solves this problem using dynamic programming. We are looking for
the implementation of an algorithm, which for a given list of objects and a
list of items and a maximum backpack volume outputs the value
that can be transported at most. The list of items
consists of two lists, one contains the volumes and one the values.
values. So the input ([0.5, 0.3], [2, 5], 3 ) gives two items,
the first with volume 2 and value 0.5, the second with volume 5 and value 0.3.
The last value indicates the volume of the Knapsack, in this case
the correct output of the algorithm would be 0.5 because only
the 1st item fits into the backpack at all. With a larger volume
of 7, the correct output would be 0.8. It is important to note that the solution
is NOT 1.5, so it is not possible to use the same object more than once.

Student code currently passes 19/20 tests and fails 1/20 tests.

Student code:
```java
// Returns the maximum value that can be put in a knapsack 
    // of capacity W 
    public static double knapSack(double[] val, int[] wt, int W) {
     
                int n = val.length; 
        int i, w; 
        double K[][] = new double[n + 1][W + 1]; 
  
        // Build table K[][] in bottom up manner 
        for (i = 0; i<= n; i++) { 
            for (w = 0; w<= W; w++) { 
                if (i == 0 || w == 0) 
                    K[i][w] = 0; 
                else if (wt[i - 1]<= w) 
                    K[i][w] = max(val[i - 1] + K[i - 1][w - wt[i - 1]], K[i - 1][w]); 
                else
                    K[i][w] = K[i - 1][w]; 
            } 
        } 
  
        return K[n][W]; 
    } 
    
static double max(double a, double b)  
{ 
    return (a > b) ? a : b;
    }

Task skeleton (if present):
public double knapSack(double[] values, int[] volumes, int capacity) {
    assert values.length == volumes.length;
    return 0.0;
}

Reference answer (for understanding intent only; do not copy whole program unless the whole student solution is only one function/method):
/* This function calculates and returns the max
 * value in knapsack with the capacity ""capacity"" wich is filled
 * with stuff of volume ""volumes"" and the value ""values"".
 */
public double knapSack(double[] values, int[] volumes, int capacity) {
    assert values.length == volumes.length;

    int n = values.length;
    double[][] Result = new double[n+1][];

    for(int i = 0; i < n+1; ++i) {
        Result[i] = new double[capacity+1];
    }

    for(int i = n-1; i > -1; --i) {
        for(int j = 0; j < capacity+1; ++j) {
            if (volumes[i] <= j) {
                Result[i][j] = Math.max(values[i] + Result[i+1][j-volumes[i]], Result[i+1][j]);
            } else {
                Result[i][j] = Result[i+1][j];
            }
        }
    }
    return Result[0][capacity];
}

First failed test:

- test number: 18.0
- expected output: true
- actual output: false
- error message: 

Rules:

1. Focus on exactly ONE method or function if possible.
2. The ""replace"" content must be the complete original buggy function or method copied exactly from the student code.
3. The ""with"" content must be the corrected complete version of that same function/method.
4. Do not include main code, test code, markdown, prose inside JSON values.
5. Do not return just a code fragment like a loop, an if block, statement or expression.
6. If you are unable to identify one exact full function/method to replace, then set:
    - ""target_function"" : ""UNKNOWN""
    - ""replace"" : """"
    - ""with"" : """"

Return valid JSON only with exactly these keys:
{
""diagnosis"": ""1-3 short sentences"",
""hints"": [""hint 1"", ""hint 2"", ""hint 3""],
""target_function"": ""function name or UNKNOWN"",
""replace"": ""exact original full function/method or empty string"",
""with"": ""corrected full function/method or empty string""
}","{
""diagnosis"": ""The bug is an off-by-one error in the DP table traversal order. The student fills the DP table from i=0 upwards, but the standard 0/1 knapsack DP requires filling from i=n-1 down to 0 for correct subproblem dependencies. This can cause incorrect results for certain edge cases."",
""hints"": [
""Check the order in which you fill the DP table (should it be top-down or bottom-up over items?)."",
""Verify that your DP recurrence matches the subproblem dependencies."",
""Try reversing the outer loop over items to go from n-1 down to 0.""
],
""target_function"": ""knapSack"",
""replace"": ""// Returns the maximum value that can be put in a knapsack \n    // of capacity W \n    public static double knapSack(double[] val, int[] wt, int W) {\n     \n                int n = val.length; \n        int i, w; \n        double K[][] = new double[n + 1][W + 1]; \n  \n        // Build table K[][] in bottom up manner \n        for (i = 0; i<= n; i++) { \n            for (w = 0; w<= W; w++) { \n                if (i == 0 || w == 0) \n                    K[i][w] = 0; \n                else if (wt[i - 1]<= w) \n                    K[i][w] = max(val[i - 1] + K[i - 1][w - wt[i - 1]], K[i - 1][w]); \n                else\n                    K[i][w] = K[i - 1][w]; \n            } \n        } \n  \n        return K[n][W]; \n    } \n    \nstatic double max(double a, double b)  \n{ \n    return (a > b) ? a : b;\n    }"",
""with"": ""// Returns the maximum value that can be put in a knapsack \n    // of capacity W \n    public static double knapSack(double[] val, int[] wt, int W) {\n        int n = val.length;\n        double[][] K = new double[n + 1][W + 1];\n\n        // Build table K[][] in bottom up manner (reverse order for items)\n        for (int i = n - 1; i >= 0; i--) {\n            for (int w = 0; w <= W; w++) {\n                if (wt[i] <= w) {\n                    K[i][w] = Math.max(val[i] + K[i + 1][w - wt[i]], K[i + 1][w]);\n                } else {\n                    K[i][w] = K[i + 1][w];\n                }\n            }\n        }\n        return K[0][W];\n    }\n\nstatic double max(double a, double b)  \n{ \n    return (a > b) ? a : b;\n    }""
}",direct_json,"The bug is an off-by-one error in the DP table traversal order. The student fills the DP table from i=0 upwards, but the standard 0/1 knapsack DP requires filling from i=n-1 down to 0 for correct subproblem dependencies. This can cause incorrect results for certain edge cases.","['Check the order in which you fill the DP table (should it be top-down or bottom-up over items?).', 'Verify that your DP recurrence matches the subproblem dependencies.', 'Try reversing the outer loop over items to go from n-1 down to 0.']",knapSack,"// Returns the maximum value that can be put in a knapsack 
    // of capacity W 
    public static double knapSack(double[] val, int[] wt, int W) {
     
                int n = val.length; 
        int i, w; 
        double K[][] = new double[n + 1][W + 1]; 
  
        // Build table K[][] in bottom up manner 
        for (i = 0; i<= n; i++) { 
            for (w = 0; w<= W; w++) { 
                if (i == 0 || w == 0) 
                    K[i][w] = 0; 
                else if (wt[i - 1]<= w) 
                    K[i][w] = max(val[i - 1] + K[i - 1][w - wt[i - 1]], K[i - 1][w]); 
                else
                    K[i][w] = K[i - 1][w]; 
            } 
        } 
  
        return K[n][W]; 
    } 
    
static double max(double a, double b)  
{ 
    return (a > b) ? a : b;
    }","// Returns the maximum value that can be put in a knapsack 
    // of capacity W 
    public static double knapSack(double[] val, int[] wt, int W) {
        int n = val.length;
        double[][] K = new double[n + 1][W + 1];

        // Build table K[][] in bottom up manner (reverse order for items)
        for (int i = n - 1; i >= 0; i--) {
            for (int w = 0; w <= W; w++) {
                if (wt[i] <= w) {
                    K[i][w] = Math.max(val[i] + K[i + 1][w - wt[i]], K[i + 1][w]);
                } else {
                    K[i][w] = K[i + 1][w];
                }
            }
        }
        return K[0][W];
    }

static double max(double a, double b)  
{ 
    return (a > b) ? a : b;
    }"
525,19_20-6-2-java,6Q23JRTB,java,1,0.0,wrong_output,"You are a programming tutor.

A student's solution failed tests. Your task is to identify ONE local bug and propose ONE small fix.

Attempt: 1
Approach: Choose the single most likely minimal fix.

Programming language: java
Guessed bug type: wrong_output


    For wrong-output bugs:
    - Check for edge cases such as empty input or first/last element.
    - Check for off-by-one errors.
    - Verify that comparison operators are correct (>, >=, <, <=).
    - Ensure return values and update steps.
    

Task title: Dynamic Programming: Knapsack (Java)
Task description:
The Knapsack problem is an optimization problem. Which items
from an existing selection should be packed into a limited
backpack(Knapsack) in order to maximize the value to be transported?
This problem is in generall NP-complete and therefore
probably not efficiently solvable. Assuming that the
volumes of the objects are integers, we can find an algorithm
that solves this problem using dynamic programming. We are looking for
the implementation of an algorithm, which for a given list of objects and a
list of items and a maximum backpack volume outputs the value
that can be transported at most. The list of items
consists of two lists, one contains the volumes and one the values.
values. So the input ([0.5, 0.3], [2, 5], 3 ) gives two items,
the first with volume 2 and value 0.5, the second with volume 5 and value 0.3.
The last value indicates the volume of the Knapsack, in this case
the correct output of the algorithm would be 0.5 because only
the 1st item fits into the backpack at all. With a larger volume
of 7, the correct output would be 0.8. It is important to note that the solution
is NOT 1.5, so it is not possible to use the same object more than once.

Student code currently passes 18/20 tests and fails 2/20 tests.

Student code:
```java
public double knapSack(double[] values, int[] weights, int capacity)
{
	assert values.length == weights.length;
	
	int amount = values.length;
	
	double[][] matrix = new double[amount + 1][capacity + 1];
	for(int i = 0; i < matrix.length; i++)
	{
		for(int j = 0; j < matrix[0].length; j++)
		{
			matrix[i][j] = -1D;
		}
	}
	
	return setAndGet(amount, capacity, matrix, values, weights);
}

public double setAndGet(int amount, int capacity, double[][] matrix, double[] values, int[] weights)
{
	if(amount == 0 || capacity <= 0)
	{
		return 0D;
	}
	
	if(matrix[amount - 1][capacity] == -1)
	{
		matrix[amount - 1][capacity] = setAndGet(
				amount - 1,
				capacity,
				matrix, values, weights);
	}
	
	if(weights[amount - 1] > capacity)
	{
		matrix[amount][capacity] = matrix[amount - 1][capacity];
	}
	else
	{
		if(matrix[amount - 1][capacity - weights[amount - 1]] == -1)
		{
			matrix[amount - 1][capacity - weights[amount - 1]] = setAndGet(
					amount - 1,
					capacity - weights[amount - 1],
					matrix, values, weights);
		}
		
		matrix[amount][capacity] = Math.max(
				matrix[amount - 1][capacity],
				matrix[amount - 1][capacity - weights[amount - 1]] + values[amount - 1]
		);
	}
	
	return matrix[amount][capacity];
}

Task skeleton (if present):
public double knapSack(double[] values, int[] volumes, int capacity) {
    assert values.length == volumes.length;
    return 0.0;
}

Reference answer (for understanding intent only; do not copy whole program unless the whole student solution is only one function/method):
/* This function calculates and returns the max
 * value in knapsack with the capacity ""capacity"" wich is filled
 * with stuff of volume ""volumes"" and the value ""values"".
 */
public double knapSack(double[] values, int[] volumes, int capacity) {
    assert values.length == volumes.length;

    int n = values.length;
    double[][] Result = new double[n+1][];

    for(int i = 0; i < n+1; ++i) {
        Result[i] = new double[capacity+1];
    }

    for(int i = n-1; i > -1; --i) {
        for(int j = 0; j < capacity+1; ++j) {
            if (volumes[i] <= j) {
                Result[i][j] = Math.max(values[i] + Result[i+1][j-volumes[i]], Result[i+1][j]);
            } else {
                Result[i][j] = Result[i+1][j];
            }
        }
    }
    return Result[0][capacity];
}

First failed test:

- test number: 18.0
- expected output: true
- actual output: false
- error message: 

Rules:

1. Focus on exactly ONE method or function if possible.
2. The ""replace"" content must be the complete original buggy function or method copied exactly from the student code.
3. The ""with"" content must be the corrected complete version of that same function/method.
4. Do not include main code, test code, markdown, prose inside JSON values.
5. Do not return just a code fragment like a loop, an if block, statement or expression.
6. If you are unable to identify one exact full function/method to replace, then set:
    - ""target_function"" : ""UNKNOWN""
    - ""replace"" : """"
    - ""with"" : """"

Return valid JSON only with exactly these keys:
{
""diagnosis"": ""1-3 short sentences"",
""hints"": [""hint 1"", ""hint 2"", ""hint 3""],
""target_function"": ""function name or UNKNOWN"",
""replace"": ""exact original full function/method or empty string"",
""with"": ""corrected full function/method or empty string""
}","{
""diagnosis"": ""The bug is an off-by-one error in the memoization table indexing. The code uses matrix[amount - 1][capacity] for memoization, but should use matrix[amount][capacity] to match the recursive parameters. This causes incorrect results for some cases."",
""hints"": [
""Check if the memoization table indices match the recursive parameters."",
""Verify that matrix[amount][capacity] is used for both memoization checks and assignments."",
""Off-by-one errors are common in DP table lookups.""
],
""target_function"": ""setAndGet"",
""replace"": ""public double setAndGet(int amount, int capacity, double[][] matrix, double[] values, int[] weights)\n{\n\tif(amount == 0 || capacity <= 0)\n\t{\n\t\treturn 0D;\n\t}\n\t\n\tif(matrix[amount - 1][capacity] == -1)\n\t{\n\t\tmatrix[amount - 1][capacity] = setAndGet(\n\t\t\t\tamount - 1,\n\t\t\t\tcapacity,\n\t\t\t\tmatrix, values, weights);\n\t}\n\t\n\tif(weights[amount - 1] > capacity)\n\t{\n\t\tmatrix[amount][capacity] = matrix[amount - 1][capacity];\n\t}\n\telse\n\t{\n\t\tif(matrix[amount - 1][capacity - weights[amount - 1]] == -1)\n\t\t{\n\t\t\tmatrix[amount - 1][capacity - weights[amount - 1]] = setAndGet(\n\t\t\t\t\tamount - 1,\n\t\t\t\t\tcapacity - weights[amount - 1],\n\t\t\t\t\tmatrix, values, weights);\n\t\t}\n\t\t\n\t\tmatrix[amount][capacity] = Math.max(\n\t\t\t\tmatrix[amount - 1][capacity],\n\t\t\t\tmatrix[amount - 1][capacity - weights[amount - 1]] + values[amount - 1]\n\t\t);\n\t}\n\t\n\treturn matrix[amount][capacity];\n}"",
""with"": ""public double setAndGet(int amount, int capacity, double[][] matrix, double[] values, int[] weights)\n{\n\tif(amount == 0 || capacity <= 0)\n\t{\n\t\treturn 0D;\n\t}\n\t\n\tif(matrix[amount][capacity] != -1)\n\t{\n\t\treturn matrix[amount][capacity];\n\t}\n\t\n\tif(weights[amount - 1] > capacity)\n\t{\n\t\tmatrix[amount][capacity] = setAndGet(amount - 1, capacity, matrix, values, weights);\n\t}\n\telse\n\t{\n\t\tmatrix[amount][capacity] = Math.max(\n\t\t\tsetAndGet(amount - 1, capacity, matrix, values, weights),\n\t\t\tsetAndGet(amount - 1, capacity - weights[amount - 1], matrix, values, weights) + values[amount - 1]\n\t\t);\n\t}\n\treturn matrix[amount][capacity];\n}""
}",direct_json,"The bug is an off-by-one error in the memoization table indexing. The code uses matrix[amount - 1][capacity] for memoization, but should use matrix[amount][capacity] to match the recursive parameters. This causes incorrect results for some cases.","['Check if the memoization table indices match the recursive parameters.', 'Verify that matrix[amount][capacity] is used for both memoization checks and assignments.', 'Off-by-one errors are common in DP table lookups.']",setAndGet,"public double setAndGet(int amount, int capacity, double[][] matrix, double[] values, int[] weights)
{
	if(amount == 0 || capacity <= 0)
	{
		return 0D;
	}
	
	if(matrix[amount - 1][capacity] == -1)
	{
		matrix[amount - 1][capacity] = setAndGet(
				amount - 1,
				capacity,
				matrix, values, weights);
	}
	
	if(weights[amount - 1] > capacity)
	{
		matrix[amount][capacity] = matrix[amount - 1][capacity];
	}
	else
	{
		if(matrix[amount - 1][capacity - weights[amount - 1]] == -1)
		{
			matrix[amount - 1][capacity - weights[amount - 1]] = setAndGet(
					amount - 1,
					capacity - weights[amount - 1],
					matrix, values, weights);
		}
		
		matrix[amount][capacity] = Math.max(
				matrix[amount - 1][capacity],
				matrix[amount - 1][capacity - weights[amount - 1]] + values[amount - 1]
		);
	}
	
	return matrix[amount][capacity];
}","public double setAndGet(int amount, int capacity, double[][] matrix, double[] values, int[] weights)
{
	if(amount == 0 || capacity <= 0)
	{
		return 0D;
	}
	
	if(matrix[amount][capacity] != -1)
	{
		return matrix[amount][capacity];
	}
	
	if(weights[amount - 1] > capacity)
	{
		matrix[amount][capacity] = setAndGet(amount - 1, capacity, matrix, values, weights);
	}
	else
	{
		matrix[amount][capacity] = Math.max(
			setAndGet(amount - 1, capacity, matrix, values, weights),
			setAndGet(amount - 1, capacity - weights[amount - 1], matrix, values, weights) + values[amount - 1]
		);
	}
	return matrix[amount][capacity];
}"
525,19_20-6-2-java,6Q23JRTB,java,2,0.2,wrong_output,"You are a programming tutor.

A student's solution failed tests. Your task is to identify ONE local bug and propose ONE small fix.

Attempt: 2
Approach: Choose a different localized fix, prioritizing null checks, state updates, index updates, or base-case errors when relevant.

Programming language: java
Guessed bug type: wrong_output


    For wrong-output bugs:
    - Check for edge cases such as empty input or first/last element.
    - Check for off-by-one errors.
    - Verify that comparison operators are correct (>, >=, <, <=).
    - Ensure return values and update steps.
    

Task title: Dynamic Programming: Knapsack (Java)
Task description:
The Knapsack problem is an optimization problem. Which items
from an existing selection should be packed into a limited
backpack(Knapsack) in order to maximize the value to be transported?
This problem is in generall NP-complete and therefore
probably not efficiently solvable. Assuming that the
volumes of the objects are integers, we can find an algorithm
that solves this problem using dynamic programming. We are looking for
the implementation of an algorithm, which for a given list of objects and a
list of items and a maximum backpack volume outputs the value
that can be transported at most. The list of items
consists of two lists, one contains the volumes and one the values.
values. So the input ([0.5, 0.3], [2, 5], 3 ) gives two items,
the first with volume 2 and value 0.5, the second with volume 5 and value 0.3.
The last value indicates the volume of the Knapsack, in this case
the correct output of the algorithm would be 0.5 because only
the 1st item fits into the backpack at all. With a larger volume
of 7, the correct output would be 0.8. It is important to note that the solution
is NOT 1.5, so it is not possible to use the same object more than once.

Student code currently passes 18/20 tests and fails 2/20 tests.

Student code:
```java
public double knapSack(double[] values, int[] weights, int capacity)
{
	assert values.length == weights.length;
	
	int amount = values.length;
	
	double[][] matrix = new double[amount + 1][capacity + 1];
	for(int i = 0; i < matrix.length; i++)
	{
		for(int j = 0; j < matrix[0].length; j++)
		{
			matrix[i][j] = -1D;
		}
	}
	
	return setAndGet(amount, capacity, matrix, values, weights);
}

public double setAndGet(int amount, int capacity, double[][] matrix, double[] values, int[] weights)
{
	if(amount == 0 || capacity <= 0)
	{
		return 0D;
	}
	
	if(matrix[amount - 1][capacity] == -1)
	{
		matrix[amount - 1][capacity] = setAndGet(
				amount - 1,
				capacity,
				matrix, values, weights);
	}
	
	if(weights[amount - 1] > capacity)
	{
		matrix[amount][capacity] = matrix[amount - 1][capacity];
	}
	else
	{
		if(matrix[amount - 1][capacity - weights[amount - 1]] == -1)
		{
			matrix[amount - 1][capacity - weights[amount - 1]] = setAndGet(
					amount - 1,
					capacity - weights[amount - 1],
					matrix, values, weights);
		}
		
		matrix[amount][capacity] = Math.max(
				matrix[amount - 1][capacity],
				matrix[amount - 1][capacity - weights[amount - 1]] + values[amount - 1]
		);
	}
	
	return matrix[amount][capacity];
}

Task skeleton (if present):
public double knapSack(double[] values, int[] volumes, int capacity) {
    assert values.length == volumes.length;
    return 0.0;
}

Reference answer (for understanding intent only; do not copy whole program unless the whole student solution is only one function/method):
/* This function calculates and returns the max
 * value in knapsack with the capacity ""capacity"" wich is filled
 * with stuff of volume ""volumes"" and the value ""values"".
 */
public double knapSack(double[] values, int[] volumes, int capacity) {
    assert values.length == volumes.length;

    int n = values.length;
    double[][] Result = new double[n+1][];

    for(int i = 0; i < n+1; ++i) {
        Result[i] = new double[capacity+1];
    }

    for(int i = n-1; i > -1; --i) {
        for(int j = 0; j < capacity+1; ++j) {
            if (volumes[i] <= j) {
                Result[i][j] = Math.max(values[i] + Result[i+1][j-volumes[i]], Result[i+1][j]);
            } else {
                Result[i][j] = Result[i+1][j];
            }
        }
    }
    return Result[0][capacity];
}

First failed test:

- test number: 18.0
- expected output: true
- actual output: false
- error message: 

Rules:

1. Focus on exactly ONE method or function if possible.
2. The ""replace"" content must be the complete original buggy function or method copied exactly from the student code.
3. The ""with"" content must be the corrected complete version of that same function/method.
4. Do not include main code, test code, markdown, prose inside JSON values.
5. Do not return just a code fragment like a loop, an if block, statement or expression.
6. If you are unable to identify one exact full function/method to replace, then set:
    - ""target_function"" : ""UNKNOWN""
    - ""replace"" : """"
    - ""with"" : """"

Return valid JSON only with exactly these keys:
{
""diagnosis"": ""1-3 short sentences"",
""hints"": [""hint 1"", ""hint 2"", ""hint 3""],
""target_function"": ""function name or UNKNOWN"",
""replace"": ""exact original full function/method or empty string"",
""with"": ""corrected full function/method or empty string""
}","{
""diagnosis"": ""The bug is an off-by-one error in memoization: matrix[amount - 1][capacity] is used for storing results for 'amount' items, but the correct index should be matrix[amount][capacity]. This causes incorrect reuse of subproblem results."",
""hints"": [
""Check which indices are used for memoization and retrieval in the DP matrix."",
""Ensure that matrix[amount][capacity] stores the result for 'amount' items and 'capacity'."",
""Off-by-one errors in DP tables are common when mixing 0-based and 1-based logic.""
],
""target_function"": ""setAndGet"",
""replace"": ""public double setAndGet(int amount, int capacity, double[][] matrix, double[] values, int[] weights)\n{\n\tif(amount == 0 || capacity <= 0)\n\t{\n\t\treturn 0D;\n\t}\n\t\n\tif(matrix[amount - 1][capacity] == -1)\n\t{\n\t\tmatrix[amount - 1][capacity] = setAndGet(\n\t\t\t\tamount - 1,\n\t\t\t\tcapacity,\n\t\t\t\tmatrix, values, weights);\n\t}\n\t\n\tif(weights[amount - 1] > capacity)\n\t{\n\t\tmatrix[amount][capacity] = matrix[amount - 1][capacity];\n\t}\n\telse\n\t{\n\t\tif(matrix[amount - 1][capacity - weights[amount - 1]] == -1)\n\t\t{\n\t\t\tmatrix[amount - 1][capacity - weights[amount - 1]] = setAndGet(\n\t\t\t\t\tamount - 1,\n\t\t\t\t\tcapacity - weights[amount - 1],\n\t\t\t\t\tmatrix, values, weights);\n\t\t}\n\t\t\n\t\tmatrix[amount][capacity] = Math.max(\n\t\t\t\tmatrix[amount - 1][capacity],\n\t\t\t\tmatrix[amount - 1][capacity - weights[amount - 1]] + values[amount - 1]\n\t\t);\n\t}\n\t\n\treturn matrix[amount][capacity];\n}"",
""with"": ""public double setAndGet(int amount, int capacity, double[][] matrix, double[] values, int[] weights)\n{\n\tif(amount == 0 || capacity <= 0)\n\t{\n\t\treturn 0D;\n\t}\n\t\n\tif(matrix[amount][capacity] != -1)\n\t{\n\t\treturn matrix[amount][capacity];\n\t}\n\t\n\tdouble result;\n\tif(weights[amount - 1] > capacity)\n\t{\n\t\tresult = setAndGet(amount - 1, capacity, matrix, values, weights);\n\t}\n\telse\n\t{\n\t\tresult = Math.max(\n\t\t\tsetAndGet(amount - 1, capacity, matrix, values, weights),\n\t\t\tsetAndGet(amount - 1, capacity - weights[amount - 1], matrix, values, weights) + values[amount - 1]\n\t\t);\n\t}\n\tmatrix[amount][capacity] = result;\n\treturn result;\n}""
}",direct_json,"The bug is an off-by-one error in memoization: matrix[amount - 1][capacity] is used for storing results for 'amount' items, but the correct index should be matrix[amount][capacity]. This causes incorrect reuse of subproblem results.","['Check which indices are used for memoization and retrieval in the DP matrix.', ""Ensure that matrix[amount][capacity] stores the result for 'amount' items and 'capacity'."", 'Off-by-one errors in DP tables are common when mixing 0-based and 1-based logic.']",setAndGet,"public double setAndGet(int amount, int capacity, double[][] matrix, double[] values, int[] weights)
{
	if(amount == 0 || capacity <= 0)
	{
		return 0D;
	}
	
	if(matrix[amount - 1][capacity] == -1)
	{
		matrix[amount - 1][capacity] = setAndGet(
				amount - 1,
				capacity,
				matrix, values, weights);
	}
	
	if(weights[amount - 1] > capacity)
	{
		matrix[amount][capacity] = matrix[amount - 1][capacity];
	}
	else
	{
		if(matrix[amount - 1][capacity - weights[amount - 1]] == -1)
		{
			matrix[amount - 1][capacity - weights[amount - 1]] = setAndGet(
					amount - 1,
					capacity - weights[amount - 1],
					matrix, values, weights);
		}
		
		matrix[amount][capacity] = Math.max(
				matrix[amount - 1][capacity],
				matrix[amount - 1][capacity - weights[amount - 1]] + values[amount - 1]
		);
	}
	
	return matrix[amount][capacity];
}","public double setAndGet(int amount, int capacity, double[][] matrix, double[] values, int[] weights)
{
	if(amount == 0 || capacity <= 0)
	{
		return 0D;
	}
	
	if(matrix[amount][capacity] != -1)
	{
		return matrix[amount][capacity];
	}
	
	double result;
	if(weights[amount - 1] > capacity)
	{
		result = setAndGet(amount - 1, capacity, matrix, values, weights);
	}
	else
	{
		result = Math.max(
			setAndGet(amount - 1, capacity, matrix, values, weights),
			setAndGet(amount - 1, capacity - weights[amount - 1], matrix, values, weights) + values[amount - 1]
		);
	}
	matrix[amount][capacity] = result;
	return result;
}"
526,19_20-6-2-java,VJM7JEP4,java,1,0.0,wrong_output,"You are a programming tutor.

A student's solution failed tests. Your task is to identify ONE local bug and propose ONE small fix.

Attempt: 1
Approach: Choose the single most likely minimal fix.

Programming language: java
Guessed bug type: wrong_output


    For wrong-output bugs:
    - Check for edge cases such as empty input or first/last element.
    - Check for off-by-one errors.
    - Verify that comparison operators are correct (>, >=, <, <=).
    - Ensure return values and update steps.
    

Task title: Dynamic Programming: Knapsack (Java)
Task description:
The Knapsack problem is an optimization problem. Which items
from an existing selection should be packed into a limited
backpack(Knapsack) in order to maximize the value to be transported?
This problem is in generall NP-complete and therefore
probably not efficiently solvable. Assuming that the
volumes of the objects are integers, we can find an algorithm
that solves this problem using dynamic programming. We are looking for
the implementation of an algorithm, which for a given list of objects and a
list of items and a maximum backpack volume outputs the value
that can be transported at most. The list of items
consists of two lists, one contains the volumes and one the values.
values. So the input ([0.5, 0.3], [2, 5], 3 ) gives two items,
the first with volume 2 and value 0.5, the second with volume 5 and value 0.3.
The last value indicates the volume of the Knapsack, in this case
the correct output of the algorithm would be 0.5 because only
the 1st item fits into the backpack at all. With a larger volume
of 7, the correct output would be 0.8. It is important to note that the solution
is NOT 1.5, so it is not possible to use the same object more than once.

Student code currently passes 19/20 tests and fails 1/20 tests.

Student code:
```java
public double knapSack(double[] values, int[] volumes, int capacity) {
    int n = values.length;
    if (n <= 0 || capacity <= 0) {
            return 0;
        }

        double[][] rucksack = new double[n + 1][capacity + 1];
        for (int j = 0; j <= capacity; j++) {
            rucksack[0][j] = 0;
        }

        for (int i = 1; i <= n; i++) {
            for (int j = 1; j <= capacity; j++) { 
                if (volumes[i - 1] > j) {
                    rucksack[i][j] = rucksack[i - 1][j];
                } else {
                    rucksack[i][j] = Math.max(
                    rucksack[i - 1][j],
                    rucksack[i - 1][j - volumes[i - 1]] + values[i - 1]);
                }
            }
        }
        return rucksack[n][capacity];
}

Task skeleton (if present):
public double knapSack(double[] values, int[] volumes, int capacity) {
    assert values.length == volumes.length;
    return 0.0;
}

Reference answer (for understanding intent only; do not copy whole program unless the whole student solution is only one function/method):
/* This function calculates and returns the max
 * value in knapsack with the capacity ""capacity"" wich is filled
 * with stuff of volume ""volumes"" and the value ""values"".
 */
public double knapSack(double[] values, int[] volumes, int capacity) {
    assert values.length == volumes.length;

    int n = values.length;
    double[][] Result = new double[n+1][];

    for(int i = 0; i < n+1; ++i) {
        Result[i] = new double[capacity+1];
    }

    for(int i = n-1; i > -1; --i) {
        for(int j = 0; j < capacity+1; ++j) {
            if (volumes[i] <= j) {
                Result[i][j] = Math.max(values[i] + Result[i+1][j-volumes[i]], Result[i+1][j]);
            } else {
                Result[i][j] = Result[i+1][j];
            }
        }
    }
    return Result[0][capacity];
}

First failed test:

- test number: 18.0
- expected output: true
- actual output: false
- error message: 

Rules:

1. Focus on exactly ONE method or function if possible.
2. The ""replace"" content must be the complete original buggy function or method copied exactly from the student code.
3. The ""with"" content must be the corrected complete version of that same function/method.
4. Do not include main code, test code, markdown, prose inside JSON values.
5. Do not return just a code fragment like a loop, an if block, statement or expression.
6. If you are unable to identify one exact full function/method to replace, then set:
    - ""target_function"" : ""UNKNOWN""
    - ""replace"" : """"
    - ""with"" : """"

Return valid JSON only with exactly these keys:
{
""diagnosis"": ""1-3 short sentences"",
""hints"": [""hint 1"", ""hint 2"", ""hint 3""],
""target_function"": ""function name or UNKNOWN"",
""replace"": ""exact original full function/method or empty string"",
""with"": ""corrected full function/method or empty string""
}","{
""diagnosis"": ""The inner loop starts at j=1, which skips the case where the knapsack capacity is 0. This can cause incorrect results for edge cases where only zero capacity is possible. Change the inner loop to start at j=0."",
""hints"": [""Check the range of the inner loop for all possible capacities."", ""Edge cases often involve capacity 0."", ""Compare your DP table initialization and filling with standard 0/1 knapsack implementations.""],
""target_function"": ""knapSack"",
""replace"": ""public double knapSack(double[] values, int[] volumes, int capacity) {\n    int n = values.length;\n    if (n <= 0 || capacity <= 0) {\n            return 0;\n        }\n\n        double[][] rucksack = new double[n + 1][capacity + 1];\n        for (int j = 0; j <= capacity; j++) {\n            rucksack[0][j] = 0;\n        }\n\n        for (int i = 1; i <= n; i++) {\n            for (int j = 1; j <= capacity; j++) { \n                if (volumes[i - 1] > j) {\n                    rucksack[i][j] = rucksack[i - 1][j];\n                } else {\n                    rucksack[i][j] = Math.max(\n                    rucksack[i - 1][j],\n                    rucksack[i - 1][j - volumes[i - 1]] + values[i - 1]);\n                }\n            }\n        }\n        return rucksack[n][capacity];\n}"",
""with"": ""public double knapSack(double[] values, int[] volumes, int capacity) {\n    int n = values.length;\n    if (n <= 0 || capacity <= 0) {\n            return 0;\n        }\n\n        double[][] rucksack = new double[n + 1][capacity + 1];\n        for (int j = 0; j <= capacity; j++) {\n            rucksack[0][j] = 0;\n        }\n\n        for (int i = 1; i <= n; i++) {\n            for (int j = 0; j <= capacity; j++) { // FIX: start from j=0\n                if (volumes[i - 1] > j) {\n                    rucksack[i][j] = rucksack[i - 1][j];\n                } else {\n                    rucksack[i][j] = Math.max(\n                    rucksack[i - 1][j],\n                    rucksack[i - 1][j - volumes[i - 1]] + values[i - 1]);\n                }\n            }\n        }\n        return rucksack[n][capacity];\n}""
}",direct_json,"The inner loop starts at j=1, which skips the case where the knapsack capacity is 0. This can cause incorrect results for edge cases where only zero capacity is possible. Change the inner loop to start at j=0.","['Check the range of the inner loop for all possible capacities.', 'Edge cases often involve capacity 0.', 'Compare your DP table initialization and filling with standard 0/1 knapsack implementations.']",knapSack,"public double knapSack(double[] values, int[] volumes, int capacity) {
    int n = values.length;
    if (n <= 0 || capacity <= 0) {
            return 0;
        }

        double[][] rucksack = new double[n + 1][capacity + 1];
        for (int j = 0; j <= capacity; j++) {
            rucksack[0][j] = 0;
        }

        for (int i = 1; i <= n; i++) {
            for (int j = 1; j <= capacity; j++) { 
                if (volumes[i - 1] > j) {
                    rucksack[i][j] = rucksack[i - 1][j];
                } else {
                    rucksack[i][j] = Math.max(
                    rucksack[i - 1][j],
                    rucksack[i - 1][j - volumes[i - 1]] + values[i - 1]);
                }
            }
        }
        return rucksack[n][capacity];
}","public double knapSack(double[] values, int[] volumes, int capacity) {
    int n = values.length;
    if (n <= 0 || capacity <= 0) {
            return 0;
        }

        double[][] rucksack = new double[n + 1][capacity + 1];
        for (int j = 0; j <= capacity; j++) {
            rucksack[0][j] = 0;
        }

        for (int i = 1; i <= n; i++) {
            for (int j = 0; j <= capacity; j++) { // FIX: start from j=0
                if (volumes[i - 1] > j) {
                    rucksack[i][j] = rucksack[i - 1][j];
                } else {
                    rucksack[i][j] = Math.max(
                    rucksack[i - 1][j],
                    rucksack[i - 1][j - volumes[i - 1]] + values[i - 1]);
                }
            }
        }
        return rucksack[n][capacity];
}"
526,19_20-6-2-java,VJM7JEP4,java,2,0.2,wrong_output,"You are a programming tutor.

A student's solution failed tests. Your task is to identify ONE local bug and propose ONE small fix.

Attempt: 2
Approach: Choose a different localized fix, prioritizing null checks, state updates, index updates, or base-case errors when relevant.

Programming language: java
Guessed bug type: wrong_output


    For wrong-output bugs:
    - Check for edge cases such as empty input or first/last element.
    - Check for off-by-one errors.
    - Verify that comparison operators are correct (>, >=, <, <=).
    - Ensure return values and update steps.
    

Task title: Dynamic Programming: Knapsack (Java)
Task description:
The Knapsack problem is an optimization problem. Which items
from an existing selection should be packed into a limited
backpack(Knapsack) in order to maximize the value to be transported?
This problem is in generall NP-complete and therefore
probably not efficiently solvable. Assuming that the
volumes of the objects are integers, we can find an algorithm
that solves this problem using dynamic programming. We are looking for
the implementation of an algorithm, which for a given list of objects and a
list of items and a maximum backpack volume outputs the value
that can be transported at most. The list of items
consists of two lists, one contains the volumes and one the values.
values. So the input ([0.5, 0.3], [2, 5], 3 ) gives two items,
the first with volume 2 and value 0.5, the second with volume 5 and value 0.3.
The last value indicates the volume of the Knapsack, in this case
the correct output of the algorithm would be 0.5 because only
the 1st item fits into the backpack at all. With a larger volume
of 7, the correct output would be 0.8. It is important to note that the solution
is NOT 1.5, so it is not possible to use the same object more than once.

Student code currently passes 19/20 tests and fails 1/20 tests.

Student code:
```java
public double knapSack(double[] values, int[] volumes, int capacity) {
    int n = values.length;
    if (n <= 0 || capacity <= 0) {
            return 0;
        }

        double[][] rucksack = new double[n + 1][capacity + 1];
        for (int j = 0; j <= capacity; j++) {
            rucksack[0][j] = 0;
        }

        for (int i = 1; i <= n; i++) {
            for (int j = 1; j <= capacity; j++) { 
                if (volumes[i - 1] > j) {
                    rucksack[i][j] = rucksack[i - 1][j];
                } else {
                    rucksack[i][j] = Math.max(
                    rucksack[i - 1][j],
                    rucksack[i - 1][j - volumes[i - 1]] + values[i - 1]);
                }
            }
        }
        return rucksack[n][capacity];
}

Task skeleton (if present):
public double knapSack(double[] values, int[] volumes, int capacity) {
    assert values.length == volumes.length;
    return 0.0;
}

Reference answer (for understanding intent only; do not copy whole program unless the whole student solution is only one function/method):
/* This function calculates and returns the max
 * value in knapsack with the capacity ""capacity"" wich is filled
 * with stuff of volume ""volumes"" and the value ""values"".
 */
public double knapSack(double[] values, int[] volumes, int capacity) {
    assert values.length == volumes.length;

    int n = values.length;
    double[][] Result = new double[n+1][];

    for(int i = 0; i < n+1; ++i) {
        Result[i] = new double[capacity+1];
    }

    for(int i = n-1; i > -1; --i) {
        for(int j = 0; j < capacity+1; ++j) {
            if (volumes[i] <= j) {
                Result[i][j] = Math.max(values[i] + Result[i+1][j-volumes[i]], Result[i+1][j]);
            } else {
                Result[i][j] = Result[i+1][j];
            }
        }
    }
    return Result[0][capacity];
}

First failed test:

- test number: 18.0
- expected output: true
- actual output: false
- error message: 

Rules:

1. Focus on exactly ONE method or function if possible.
2. The ""replace"" content must be the complete original buggy function or method copied exactly from the student code.
3. The ""with"" content must be the corrected complete version of that same function/method.
4. Do not include main code, test code, markdown, prose inside JSON values.
5. Do not return just a code fragment like a loop, an if block, statement or expression.
6. If you are unable to identify one exact full function/method to replace, then set:
    - ""target_function"" : ""UNKNOWN""
    - ""replace"" : """"
    - ""with"" : """"

Return valid JSON only with exactly these keys:
{
""diagnosis"": ""1-3 short sentences"",
""hints"": [""hint 1"", ""hint 2"", ""hint 3""],
""target_function"": ""function name or UNKNOWN"",
""replace"": ""exact original full function/method or empty string"",
""with"": ""corrected full function/method or empty string""
}","{
""diagnosis"": ""The inner loop starts at j=1, which skips the case where the knapsack capacity is 0. This can cause incorrect results for edge cases where only zero capacity is possible. Change the inner loop to start at j=0."",
""hints"": [
""Check if your DP table covers all possible capacities, including zero."",
""Review the starting index of your inner loop over capacities."",
""Edge cases often involve empty or zero-capacity knapsacks.""
],
""target_function"": ""knapSack"",
""replace"": ""public double knapSack(double[] values, int[] volumes, int capacity) {\n    int n = values.length;\n    if (n <= 0 || capacity <= 0) {\n            return 0;\n        }\n\n        double[][] rucksack = new double[n + 1][capacity + 1];\n        for (int j = 0; j <= capacity; j++) {\n            rucksack[0][j] = 0;\n        }\n\n        for (int i = 1; i <= n; i++) {\n            for (int j = 1; j <= capacity; j++) { \n                if (volumes[i - 1] > j) {\n                    rucksack[i][j] = rucksack[i - 1][j];\n                } else {\n                    rucksack[i][j] = Math.max(\n                    rucksack[i - 1][j],\n                    rucksack[i - 1][j - volumes[i - 1]] + values[i - 1]);\n                }\n            }\n        }\n        return rucksack[n][capacity];\n}"",
""with"": ""public double knapSack(double[] values, int[] volumes, int capacity) {\n    int n = values.length;\n    if (n <= 0 || capacity <= 0) {\n            return 0;\n        }\n\n        double[][] rucksack = new double[n + 1][capacity + 1];\n        for (int j = 0; j <= capacity; j++) {\n            rucksack[0][j] = 0;\n        }\n\n        for (int i = 1; i <= n; i++) {\n            for (int j = 0; j <= capacity; j++) { \n                if (volumes[i - 1] > j) {\n                    rucksack[i][j] = rucksack[i - 1][j];\n                } else {\n                    rucksack[i][j] = Math.max(\n                    rucksack[i - 1][j],\n                    rucksack[i - 1][j - volumes[i - 1]] + values[i - 1]);\n                }\n            }\n        }\n        return rucksack[n][capacity];\n}""
}",direct_json,"The inner loop starts at j=1, which skips the case where the knapsack capacity is 0. This can cause incorrect results for edge cases where only zero capacity is possible. Change the inner loop to start at j=0.","['Check if your DP table covers all possible capacities, including zero.', 'Review the starting index of your inner loop over capacities.', 'Edge cases often involve empty or zero-capacity knapsacks.']",knapSack,"public double knapSack(double[] values, int[] volumes, int capacity) {
    int n = values.length;
    if (n <= 0 || capacity <= 0) {
            return 0;
        }

        double[][] rucksack = new double[n + 1][capacity + 1];
        for (int j = 0; j <= capacity; j++) {
            rucksack[0][j] = 0;
        }

        for (int i = 1; i <= n; i++) {
            for (int j = 1; j <= capacity; j++) { 
                if (volumes[i - 1] > j) {
                    rucksack[i][j] = rucksack[i - 1][j];
                } else {
                    rucksack[i][j] = Math.max(
                    rucksack[i - 1][j],
                    rucksack[i - 1][j - volumes[i - 1]] + values[i - 1]);
                }
            }
        }
        return rucksack[n][capacity];
}","public double knapSack(double[] values, int[] volumes, int capacity) {
    int n = values.length;
    if (n <= 0 || capacity <= 0) {
            return 0;
        }

        double[][] rucksack = new double[n + 1][capacity + 1];
        for (int j = 0; j <= capacity; j++) {
            rucksack[0][j] = 0;
        }

        for (int i = 1; i <= n; i++) {
            for (int j = 0; j <= capacity; j++) { 
                if (volumes[i - 1] > j) {
                    rucksack[i][j] = rucksack[i - 1][j];
                } else {
                    rucksack[i][j] = Math.max(
                    rucksack[i - 1][j],
                    rucksack[i - 1][j - volumes[i - 1]] + values[i - 1]);
                }
            }
        }
        return rucksack[n][capacity];
}"
