case_id,question_id,student_id,language,candidate_id,temperature,prompt_bug_type,prompt,raw_feedback,json_parse_status,diagnosis,hints,target_function,replace_block,with_block
60,20_21-1-2-java,AZCUDUY3,java,1,0.0,runtime_error,"You are a programming tutor.

A student's solution failed tests. Your task is to identify ONE local bug and propose ONE small fix.

Attempt: 1
Approach: Choose the single most likely minimal fix.

Programming language: java
Guessed bug type: runtime_error


    For runtime-error bugs:
    - Check the error message to identify the exact failing access or operation.
    - Check for missing base cases, null checks, invalid parent-child references, and bad index updates.
    - Prioritize fixing the root cause inside one method instead of adding code everywhere to fix it.
    - If the task is a list, tree or array structure then preserve structure invariants after the change.
    

Task title: Sorting (Java)
Task description:
Input: An array $A = [a_1, a_2,...,a_n]$ with $2 \leq n \leq 10^6$
and $\forall 1\leq i \leq n: -10^6 \leq a_i \leq 10^6$

Output:  Array A sorted in ascending order: $A = [a_1, a_2,...,a_n]$,
where $\forall 1 \leq i \leq j \leq n: \; a[i] \leq a[j]$

Implement a sorting procedure in the function ""solution"", which takes
as argument an array ""A"".  Your procedure should
either have a worst-case run time of $O(n \; log \; n)$ or an
average-case run time of $O(n \; log \; n)$ (this should be guaranteed by
randomization). Your solution must not contain the string
""sort"" and ""numpy"" as substring. Importing the random
library is explicitly allowed!

Hint:

Make absolutely sure that you randomize your algorithm using the
Java Random Library. You can ignore this hint
if your implementation has a worst-case runtime of $O(n \; log \; n)$.

Student code currently passes 5/6 tests and fails 1/6 tests.

Student code:
```java
int [] solution(int arr[]) {
    
    ordnen(arr, 0, arr.length-1);
    return arr;
}
    
int partition(int arr[], int links, int rechts) {
	int pivot = arr[rechts];
	int i = (links - 1);
	for (int j = links; j < rechts; j++) {
		if (arr[j] < pivot) {
			i++;

			int temp = arr[i];
			arr[i] = arr[j];
			arr[j] = temp;
		}
	}

	int temp = arr[i + 1];
	arr[i + 1] = arr[rechts];
	arr[rechts] = temp;

	return i + 1;
}
	
void ordnen(int arr[], int links, int rechts) {
	if (links < rechts) {

		int pi = partition(arr, links, rechts);

		ordnen(arr, links, pi - 1);
		ordnen(arr, pi + 1, rechts);
	}
}

Task skeleton (if present):
int [] solution(int arr[]) {
    return;
}

Reference answer (for understanding intent only; do not copy whole program unless the whole student solution is only one function/method):
int [] solution(int arr[]){
    Arrays.sort(arr);
    return arr;
}

First failed test:

- test number: 6.0
- expected output: true
- actual output: 
- error message: Exception in thread ""main"" java.lang.StackOverflowError
	at Main.ordnen(Main.java:43)
	at Main.ordnen(Main.java:44)
	at Main.ordnen(Main.java:43)
	at Main.ordnen(Main.java:44)
	at Main.ordnen(Main.java:43)
	at Main.ordnen(Main.java:44)
	at Main.ordnen(Main.java:43)
	at Main.ordnen(Main.java:44)
	at Main.ordnen(Main.java:43)
	at Main.ordnen(Main.java:44)
	at Main.ordnen(Main.java:43)
	at Main.ordnen(Main.java:44)
	at Main.ordnen(Main.java:43)
	at Main.ordnen(Main.java:44)
	at Main.ordnen(Main.java:43)
	at Main.ordnen(Main.java:44)
	at Main.ordnen(Main.java:43)
	at Main.ordnen(Main.java:44)
	at Main.ordnen(Main.java:43)
	at Main.ordnen(Main.java:44)
	at Main.ordnen(Main.java:43)
	at Main.ordnen(Main.java:44)
	at Main.ordnen(Main.java:43)
	at Main.ordnen(Main.java:44)
	at Main.ordnen(Main.java:43)
	at Main.ordnen(Main.java:44)
	at Main.ordnen(Main.java:43)
	at Main.ordnen(Main.java:44)
	at Main.ordnen(Main.java:43)
	at Main.ordnen(Main.java:44)
	at Main.ordnen(Main.java:43)
	at Main.ordnen(Main.java:44)
	at Main.ordnen(Main.java:43)
	at Main.ordnen(Main.java:44)
	at Main.ordnen(Main.java:43)
	at Main.ordnen(Main.java:44)
	at Main.ordnen(Main.java:43)
	at Main.ordnen(Main.java:44)
	at Main.ordnen(Main.java:43)
	at Main.ordnen(Main.java:44)
	at Main.ordnen(Main.java:43)
	at Main.ordnen(Main.java:44)
	at Main.ordnen(Main.java:43)
	at Main.ordnen(Main.java:44)
	at Main.ordnen(Main.java:43)
	at Main.ordnen(Main.java:44)
	at Main.ordnen(Main.java:43)
	at Main.ordnen(Main.java:44)
	at Main.ordnen(Main.java:43)
	at Main.ordnen(Main.java:44)
	at Main.ordnen(Main.java:43)
	at Main.ordnen(Main.java:44)
	at Main.ordnen(Main.java:43)
	at Main.ordnen(Main.java:44)
	at Main.ordnen(Main.java:43)
	at Main.ordnen(Main.java:44)
	at Main.ordnen(Main.java:43)
	at Main.ordnen(Main.java:44)
	at Main.ordnen(Main.java:43)
	at Main.ordnen(Main.java:44)
	at Main.ordnen(Main.java:43)
	at Main.ordnen(Main.java:44)
	at Main.ordnen(Main.java:43)
	at Main.ordnen(Main.java:44)
	at Main.ordnen(Main.java:43)
	at Main.ordnen(Main.java:44)
	at Main.ordnen(Main.java:43)
	at Main.ordnen(Main.java:44)
	at Main.ordnen(Main.java:43)
	at Main.ordnen(Main.java:44)
	at Main.ordnen(Main.java:43)
	at Main.ordnen(Main.java:44)
	at Main.ordnen(Main.java:43)
	at Main.ordnen(Main.java:44)
	at Main.ordnen(Main.java:43)
	at Main.ordnen(Main.java:44)
	at Main.ordnen(Main.java:43)
	at Main.ordnen(Main.java:44)
	at Main.ordnen(Main.java:43)
	at Main.ordnen(Main.java:44)
	at Main.ordnen(Main.java:43)
	at Main.ordnen(Main.java:44)
	at Main.ordnen(Main.java:43)
	at Main.ordnen(Main.java:44)
	at Main.ordnen(Main.java:43)
	at Main.ordnen(Main.java:44)
	at Main.ordnen(Main.java:43)
	at Main.ordnen(Main.java:44)
	at Main.ordnen(Main.java:43)
	at Main.ordnen(Main.java:44)
	at Main.ordnen(Main.java:43)
	at Main.ordnen(Main.java:44)
	at Main.ordnen(Main.java:43)
	at Main.ordnen(Main.java:44)
	at Main.ordnen(Main.java:43)
	at Main.ordnen(Main.java:44)
	at Main.ordnen(Main.java:43)
	at Main.ordnen(Main.java:44)
	at Main.ordnen(Main.java:43)
	at Main.ordnen(Main.java:44)
	at Main.ordnen(Main.java:43)
	at Main.ordnen(Main.java:44)
	at Main.ordnen(Main.java:43)
	at Main.ordnen(Main.java:44)
	at Main.ordnen(Main.java:43)
	at Main.ordnen(Main.java:44)
	at Main.ordnen(Main.java:43)
	at Main.ordnen(Main.java:44)
	at Main.ordnen(Main.java:43)
	at Main.ordnen(Main.java:44)
	at Main.ordnen(Main.java:43)
	at Main.ordnen(Main.java:44)
	at Main.ordnen(Main.java:43)
	at Main.ordnen(Main.java:44)
	at Main.ordnen(Main.java:43)
	at Main.ordnen(Main.java:44)
	at Main.ordnen(Main.java:43)
	at Main.ordnen(Main.java:44)
	at Main.ordnen(Main.java:43)
	at Main.ordnen(Main.java:44)
	at Main.ordnen(Main.java:43)
	at Main.ordnen(Main.java:44)
	at Main.ordnen(Main.java:43)
	at Main.ordnen(Main.java:44)
	at Main.ordnen(Main.java:43)
	at Main.ordnen(Main.java:44)
	at Main.ordnen(Main.java:43)
	at Main.ordnen(Main.java:44)
	at Main.ordnen(Main.java:43)
	at Main.ordnen(Main.java:44)
	at Main.ordnen(Main.java:43)
	at Main.ordnen(Main.java:44)
	at Main.ordnen(Main.java:43)
	at Main.ordnen(Main.java:44)
	at Main.ordnen(Main.java:43)
	at Main.ordnen(Main.java:44)
	at Main.ordnen(Main.java:43)
	at Main.ordnen(Main.java:44)
	at Main.ordnen(Main.java:43)
	at Main.ordnen(Main.java:44)
	at Main.ordnen(Main.java:43)
	at Main.ordnen(Main.java:44)
	at Main.ordnen(Main.java:43)
	at Main.ordnen(Main.java:44)
	at Main.ordnen(Main.java:43)
	at Main.ordnen(Main.java:44)
	at Main.ordnen(Main.java:43)
	at Main.ordnen(Main.java:44)
	at Main.ordnen(Main.java:43)
	at Main.ordnen(Main.java:44)
	at Main.ordnen(Main.java:43)
	at Main.ordnen(Main.java:44)
	at Main.ordnen(Main.java:43)
	at Main.ordnen(Main.java:44)
	at Main.ordnen(Main.java:43)
	at Main.ordnen(Main.java:44)
	at Main.ordnen(Main.java:43)
	at Main.ordnen(Main.java:44)
	at Main.ordnen(Main.java:43)
	at Main.ordnen(Main.java:44)
	at Main.ordnen(Main.java:43)
	at Main.ordnen(Main.java:44)
	at Main.ordnen(Main.java:43)
	at Main.ordnen(Main.java:44)
	at Main.ordnen(Main.java:43)
	at Main.ordnen(Main.java:44)
	at Main.ordnen(Main.java:43)
	at Main.ordnen(Main.java:44)
	at Main.ordnen(Main.java:43)
	at Main.ordnen(Main.java:44)
	at Main.ordnen(Main.java:43)
	at Main.ordnen(Main.java:44)
	at Main.ordnen(Main.java:43)
	at Main.ordnen(Main.java:44)
	at Main.ordnen(Main.java:43)
	at Main.ordnen(Main.java:44)
	at Main.ordnen(Main.java:43)
	at Main.ordnen(Main.java:44)
	at Main.ordnen(Main.java:43)
	at Main.ordnen(Main.java:44)
	at Main.ordnen(Main.java:43)
	at Main.ordnen(Main.java:44)
	at Main.ordnen(Main.java:43)
	at Main.ordnen(Main.java:44)
	at Main.ordnen(Main.java:43)
	at Main.ordnen(Main.java:44)
	at Main.ordnen(Main.java:43)
	at Main.ordnen(Main.java:44)
	at Main.ordnen(Main.java:43)
	at Main.ordnen(Main.java:44)
	at Main.ordnen(Main.java:43)
	at Main.ordnen(Main.java:44)
	at Main.ordnen(Main.java:43)
	at Main.ordnen(Main.java:44)
	at Main.ordnen(Main.java:43)
	at Main.ordnen(Main.java:44)
	at Main.ordnen(Main.java:43)
	at Main.ordnen(Main.java:44)
	at Main.ordnen(Main.java:43)
	at Main.ordnen(Main.java:44)
	at Main.ordnen(Main.java:43)
	at Main.ordnen(Main.java:44)
	at Main.ordnen(Main.java:43)
	at Main.ordnen(Main.java:44)
	at Main.ordnen(Main.java:43)
	at Main.ordnen(Main.java:44)
	at Main.ordnen(Main.java:43)
	at Main.ordnen(Main.java:44)
	at Main.ordnen(Main.java:43)
	at Main.ordnen(Main.java:44)
	at Main.ordnen(Main.java:43)
	at Main.ordnen(Main.java:44)
	at Main.ordnen(Main.java:43)
	at Main.ordnen(Main.java:44)
	at Main.ordnen(Main.java:43)
	at Main.ordnen(Main.java:44)
	at Main.ordnen(Main.java:43)
	at Main.ordnen(Main.java:44)
	at Main.ordnen(Main.java:43)
	at Main.ordnen(Main.java:44)
	at Main.ordnen(Main.java:43)
	at Main.ordnen(Main.java:44)
	at Main.ordnen(Main.java:43)
	at Main.ordnen(Main.java:44)
	at Main.ordnen(Main.java:43)
	at Main.ordnen(Main.java:44)
	at Main.ordnen(Main.java:43)
	at Main.ordnen(Main.java:44)
	at Main.ordnen(Main.java:43)
	at Main.ordnen(Main.java:44)
	at Main.ordnen(Main.java:43)
	at Main.ordnen(Main.java:44)
	at Main.ordnen(Main.java:43)
	at Main.ordnen(Main.java:44)
	at Main.ordnen(Main.java:43)
	at Main.ordnen(Main.java:44)
	at Main.ordnen(Main.java:43)
	at Main.ordnen(Main.java:44)
	at Main.ordnen(Main.java:43)
	at Main.ordnen(Main.java:44)
	at Main.ordnen(Main.java:43)
	at Main.ordnen(Main.java:44)
	at Main.ordnen(Main.java:43)
	at Main.ordnen(Main.java:44)
	at Main.ordnen(Main.java:43)
	at Main.ordnen(Main.java:44)
	at Main.ordnen(Main.java:43)
	at Main.ordnen(Main.java:44)
	at Main.ordnen(Main.java:43)
	at Main.ordnen(Main.java:44)
	at Main.ordnen(Main.java:43)
	at Main.ordnen(Main.java:44)
	at Main.ordnen(Main.java:43)
	at Main.ordnen(Main.java:44)
	at Main.ordnen(Main.java:43)
	at Main.ordnen(Main.java:44)
	at Main.ordnen(Main.java:43)
	at Main.ordnen(Main.java:44)
	at Main.ordnen(Main.java:43)
	at Main.ordnen(Main.java:44)
	at Main.ordnen(Main.java:43)
	at Main.ordnen(Main.java:44)
	at Main.ordnen(Main.java:43)
	at Main.ordnen(Main.java:44)
	at Main.ordnen(Main.java:43)
	at Main.ordnen(Main.java:44)
	at Main.ordnen(Main.java:43)
	at Main.ordnen(Main.java:44)
	at Main.ordnen(Main.java:43)
	at Main.ordnen(Main.java:44)
	at Main.ordnen(Main.java:43)
	at Main.ordnen(Main.java:44)
	at Main.ordnen(Main.java:43)
	at Main.ordnen(Main.java:44)
	at Main.ordnen(Main.java:43)
	at Main.ordnen(Main.java:44)
	at Main.ordnen(Main.java:43)
	at Main.ordnen(Main.java:44)
	at Main.ordnen(Main.java:43)
	at Main.ordnen(Main.java:44)
	at Main.ordnen(Main.java:43)
	at Main.ordnen(Main.java:44)
	at Main.ordnen(Main.java:43)
	at Main.ordnen(Main.java:44)
	at Main.ordnen(Main.java:43)
	at Main.ordnen(Main.java:44)
	at Main.ordnen(Main.java:43)
	at Main.ordnen(Main.java:44)
	at Main.ordnen(Main.java:43)
	at Main.ordnen(Main.java:44)
	at Main.ordnen(Main.java:43)
	at Main.ordnen(Main.java:44)
	at Main.ordnen(Main.java:43)
	at Main.ordnen(Main.java:44)
	at Main.ordnen(Main.java:43)
	at Main.ordnen(Main.java:44)
	at Main.ordnen(Main.java:43)
	at Main.ordnen(Main.java:44)
	at Main.ordnen(Main.java:43)
	at Main.ordnen(Main.java:44)
	at Main.ordnen(Main.java:43)
	at Main.ordnen(Main.java:44)
	at Main.ordnen(Main.java:43)
	at Main.ordnen(Main.java:44)
	at Main.ordnen(Main.java:43)
	at Main.ordnen(Main.java:44)
	at Main.ordnen(Main.java:43)
	at Main.ordnen(Main.java:44)
	at Main.ordnen(Main.java:43)
	at Main.ordnen(Main.java:44)
	at Main.ordnen(Main.java:43)
	at Main.ordnen(Main.java:44)
	at Main.ordnen(Main.java:43)
	at Main.ordnen(Main.java:44)
	at Main.ordnen(Main.java:43)
	at Main.ordnen(Main.java:44)
	at Main.ordnen(Main.java:43)
	at Main.ordnen(Main.java:44)
	at Main.ordnen(Main.java:43)
	at Main.ordnen(Main.java:44)
	at Main.ordnen(Main.java:43)
	at Main.ordnen(Main.java:44)
	at Main.ordnen(Main.java:43)
	at Main.ordnen(Main.java:44)
	at Main.ordnen(Main.java:43)
	at Main.ordnen(Main.java:44)
	at Main.ordnen(Main.java:43)
	at Main.ordnen(Main.java:44)
	at Main.ordnen(Main.java:43)
	at Main.ordnen(Main.java:44)
	at Main.ordnen(Main.java:43)
	at Main.ordnen(Main.java:44)
	at Main.ordnen(Main.java:43)
	at Main.ordnen(Main.java:44)
	at Main.ordnen(Main.java:43)
	at Main.ordnen(Main.java:44)
	at Main.ordnen(Main.java:43)
	at Main.ordnen(Main.java:44)
	at Main.ordnen(Main.java:43)
	at Main.ordnen(Main.java:44)
	at Main.ordnen(Main.java:43)
	at Main.ordnen(Main.java:44)
	at Main.ordnen(Main.java:43)
	at Main.ordnen(Main.java:44)
	at Main.ordnen(Main.java:43)
	at Main.ordnen(Main.java:44)
	at Main.ordnen(Main.java:43)
	at Main.ordnen(Main.java:44)
	at Main.ordnen(Main.java:43)
	at Main.ordnen(Main.java:44)
	at Main.ordnen(Main.java:43)
	at Main.ordnen(Main.java:44)
	at Main.ordnen(Main.java:43)
	at Main.ordnen(Main.java:44)
	at Main.ordnen(Main.java:43)
	at Main.ordnen(Main.java:44)
	at Main.ordnen(Main.java:43)
	at Main.ordnen(Main.java:44)
	at Main.ordnen(Main.java:43)
	at Main.ordnen(Main.java:44)
	at Main.ordnen(Main.java:43)
	at Main.ordnen(Main.java:44)
	at Main.ordnen(Main.java:43)
	at Main.ordnen(Main.java:44)
	at Main.ordnen(Main.java:43)
	at Main.ordnen(Main.java:44)
	at Main.ordnen(Main.java:43)
	at Main.ordnen(Main.java:44)
	at Main.ordnen(Main.java:43)
	at Main.ordnen(Main.java:44)
	at Main.ordnen(Main.java:43)
	at Main.ordnen(Main.java:44)
	at Main.ordnen(Main.java:43)
	at Main.ordnen(Main.java:44)
	at Main.ordnen(Main.java:43)
	at Main.ordnen(Main.java:44)
	at Main.ordnen(Main.java:43)
	at Main.ordnen(Main.java:44)
	at Main.ordnen(Main.java:43)
	at Main.ordnen(Main.java:44)
	at Main.ordnen(Main.java:43)
	at Main.ordnen(Main.java:44)
	at Main.ordnen(Main.java:43)
	at Main.ordnen(Main.java:44)
	at Main.ordnen(Main.java:43)
	at Main.ordnen(Main.java:44)
	at Main.ordnen(Main.java:43)
	at Main.ordnen(Main.java:44)
	at Main.ordnen(Main.java:43)
	at Main.ordnen(Main.java:44)
	at Main.ordnen(Main.java:43)
	at Main.ordnen(Main.java:44)
	at Main.ordnen(Main.java:43)
	at Main.ordnen(Main.java:44)
	at Main.ordnen(Main.java:43)
	at Main.ordnen(Main.java:44)
	at Main.ordnen(Main.java:43)
	at Main.ordnen(Main.java:44)
	at Main.ordnen(Main.java:43)
	at Main.ordnen(Main.java:44)
	at Main.ordnen(Main.java:43)
	at Main.ordnen(Main.java:44)
	at Main.ordnen(Main.java:43)
	at Main.ordnen(Main.java:44)
	at Main.ordnen(Main.java:43)
	at Main.ordnen(Main.java:44)
	at Main.ordnen(Main.java:43)
	at Main.ordnen(Main.java:44)
	at Main.ordnen(Main.java:43)
	at Main.ordnen(Main.java:44)
	at Main.ordnen(Main.java:43)
	at Main.ordnen(Main.java:44)
	at Main.ordnen(Main.java:43)
	at Main.ordnen(Main.java:44)
	at Main.ordnen(Main.java:43)
	at Main.ordnen(Main.java:44)
	at Main.ordnen(Main.java:43)
	at Main.ordnen(Main.java:44)
	at Main.ordnen(Main.java:43)
	at Main.ordnen(Main.java:44)
	at Main.ordnen(Main.java:43)
	at Main.ordnen(Main.java:44)
	at Main.ordnen(Main.java:43)
	at Main.ordnen(Main.java:44)
	at Main.ordnen(Main.java:43)
	at Main.ordnen(Main.java:44)
	at Main.ordnen(Main.java:43)
	at Main.ordnen(Main.java:44)
	at Main.ordnen(Main.java:43)
	at Main.ordnen(Main.java:44)
	at Main.ordnen(Main.java:43)
	at Main.ordnen(Main.java:44)
	at Main.ordnen(Main.java:43)
	at Main.ordnen(Main.java:44)
	at Main.ordnen(Main.java:43)
	at Main.ordnen(Main.java:44)
	at Main.ordnen(Main.java:43)
	at Main.ordnen(Main.java:44)
	at Main.ordnen(Main.java:43)
	at Main.ordnen(Main.java:44)
	at Main.ordnen(Main.java:43)
	at Main.ordnen(Main.java:44)
	at Main.ordnen(Main.java:43)
	at Main.ordnen(Main.java:44)
	at Main.ordnen(Main.java:43)
	at Main.ordnen(Main.java:44)
	at Main.ordnen(Main.java:43)
	at Main.ordnen(Main.java:44)
	at Main.ordnen(Main.java:43)
	at Main.ordnen(Main.java:44)
	at Main.ordnen(Main.java:43)
	at Main.ordnen(Main.java:44)
	at Main.ordnen(Main.java:43)
	at Main.ordnen(Main.java:44)
	at Main.ordnen(Main.java:43)
	at Main.ordnen(Main.java:44)
	at Main.ordnen(Main.java:43)
	at Main.ordnen(Main.java:44)
	at Main.ordnen(Main.java:43)
	at Main.ordnen(Main.java:44)
	at Main.ordnen(Main.java:43)
	at Main.ordnen(Main.java:44)
	at Main.ordnen(Main.java:43)
	at Main.ordnen(Main.java:44)
	at Main.ordnen(Main.java:43)
	at Main.ordnen(Main.java:44)
	at Main.ordnen(Main.java:43)
	at Main.ordnen(Main.java:44)
	at Main.ordnen(Main.java:43)
	at Main.ordnen(Main.java:44)
	at Main.ordnen(Main.java:43)
	at Main.ordnen(Main.java:44)
	at Main.ordnen(Main.java:43)
	at Main.ordnen(Main.java:44)
	at Main.ordnen(Main.java:43)
	at Main.ordnen(Main.java:44)
	at Main.ordnen(Main.java:43)
	at Main.ordnen(Main.java:44)
	at Main.ordnen(Main.java:43)
	at Main.ordnen(Main.java:44)
	at Main.ordnen(Main.java:43)
	at Main.ordnen(Main.java:44)
	at Main.ordnen(Main.java:43)
	at Main.ordnen(Main.java:44)
	at Main.ordnen(Main.java:43)
	at Main.ordnen(Main.java:44)
	at Main.ordnen(Main.java:43)
	at Main.ordnen(Main.java:44)
	at Main.ordnen(Main.java:43)
	at Main.ordnen(Main.java:44)
	at Main.ordnen(Main.java:43)
	at Main.ordnen(Main.java:44)
	at Main.ordnen(Main.java:43)
	at Main.ordnen(Main.java:44)
	at Main.ordnen(Main.java:43)
	at Main.ordnen(Main.java:44)
	at Main.ordnen(Main.java:43)
	at Main.ordnen(Main.java:44)
	at Main.ordnen(Main.java:43)
	at Main.ordnen(Main.java:44)
	at Main.ordnen(Main.java:43)
	at Main.ordnen(Main.java:44)
	at Main.ordnen(Main.java:43)
	at Main.ordnen(Main.java:44)
	at Main.ordnen(Main.java:43)
	at Main.ordnen(Main.java:44)
	at Main.ordnen(Main.java:43)
	at Main.ordnen(Main.java:44)
	at Main.ordnen(Main.java:43)
	at Main.ordnen(Main.java:44)
	at Main.ordnen(Main.java:43)
	at Main.ordnen(Main.java:44)
	at Main.ordnen(Main.java:43)
	at Main.ordnen(Main.java:44)
	at Main.ordnen(Main.java:43)
	at Main.ordnen(Main.java:44)
	at Main.ordnen(Main.java:43)
	at Main.ordnen(Main.java:44)
	at Main.ordnen(Main.java:43)
	at Main.ordnen(Main.java:44)
	at Main.ordnen(Main.java:43)
	at Main.ordnen(Main.java:44)
	at Main.ordnen(Main.java:43)
	at Main.ordnen(Main.java:44)
	at Main.ordnen(Main.java:43)
	at Main.ordnen(Main.java:44)
	at Main.ordnen(Main.java:43)
	at Main.ordnen(Main.java:44)
	at Main.ordnen(Main.java:43)
	at Main.ordnen(Main.java:44)
	at Main.ordnen(Main.java:43)
	at Main.ordnen(Main.java:44)
	at Main.ordnen(Main.java:43)
	at Main.ordnen(Main.java:44)
	at Main.ordnen(Main.java:43)
	at Main.ordnen(Main.java:44)
	at Main.ordnen(Main.java:43)
	at Main.ordnen(Main.java:44)
	at Main.ordnen(Main.java:43)
	at Main.ordnen(Main.java:44)
	at Main.ordnen(Main.java:43)
	at Main.ordnen(Main.java:44)
	at Main.ordnen(Main.java:43)
	at Main.ordnen(Main.java:44)
	at Main.ordnen(Main.java:43)
	at Main.ordnen(Main.java:44)
	at Main.ordnen(Main.java:43)
	at Main.ordnen(Main.java:44)
	at Main.ordnen(Main.java:43)
	at Main.ordnen(Main.java:44)
	at Main.ordnen(Main.java:43)
	at Main.ordnen(Main.java:44)
	at Main.ordnen(Main.java:43)
	at Main.ordnen(Main.java:44)
	at Main.ordnen(Main.java:43)
	at Main.ordnen(Main.java:44)
	at Main.ordnen(Main.java:43)
	at Main.ordnen(Main.java:44)
	at Main.ordnen(Main.java:43)
	at Main.ordnen(Main.java:44)
	at Main.ordnen(Main.java:43)
	at Main.ordnen(Main.java:44)
	at Main.ordnen(Main.java:43)
	at Main.ordnen(Main.java:44)
	at Main.ordnen(Main.java:43)
	at Main.ordnen(Main.java:44)
	at Main.ordnen(Main.java:43)
	at Main.ordnen(Main.java:44)
	at Main.ordnen(Main.java:43)
	at Main.ordnen(Main.java:44)
	at Main.ordnen(Main.java:43)
	at Main.ordnen(Main.java:44)
	at Main.ordnen(Main.java:43)
	at Main.ordnen(Main.java:44)
	at Main.ordnen(Main.java:43)
	at Main.ordnen(Main.java:44)
	at Main.ordnen(Main.java:43)
	at Main.ordnen(Main.java:44)
	at Main.ordnen(Main.java:43)
	at Main.ordnen(Main.java:44)
	at Main.ordnen(Main.java:43)
	at Main.ordnen(Main.java:44)
	at Main.ordnen(Main.java:43)
	at Main.ordnen(Main.java:44)
	at Main.ordnen(Main.java:43)
	at Main.ordnen(Main.java:44)
	at Main.ordnen(Main.java:43)
	at Main.ordnen(Main.java:44)
	at Main.ordnen(Main.java:43)
	at Main.ordnen(Main.java:44)
	at Main.ordnen(Main.java:43)
	at Main.ordnen(Main.java:44)
	at Main.ordnen(Main.java:43)
	at Main.ordnen(Main.java:44)
	at Main.ordnen(Main.java:43)
	at Main.ordnen(Main.java:44)
	at Main.ordnen(Main.java:43)
	at Main.ordnen(Main.java:44)
	at Main.ordnen(Main.java:43)
	at Main.ordnen(Main.java:44)
	at Main.ordnen(Main.java:43)
	at Main.ordnen(Main.java:44)
	at Main.ordnen(Main.java:43)
	at Main.ordnen(Main.java:44)
	at Main.ordnen(Main.java:43)
	at Main.ordnen(Main.java:44)
	at Main.ordnen(Main.java:43)
	at Main.ordnen(Main.java:44)
	at Main.ordnen(Main.java:43)
	at Main.ordnen(Main.java:44)
	at Main.ordnen(Main.java:43)
	at Main.ordnen(Main.java:44)
	at Main.ordnen(Main.java:43)
	at Main.ordnen(Main.java:44)
	at Main.ordnen(Main.java:43)
	at Main.ordnen(Main.java:44)
	at Main.ordnen(Main.java:43)
	at Main.ordnen(Main.java:44)
	at Main.ordnen(Main.java:43)
	at Main.ordnen(Main.java:44)
	at Main.ordnen(Main.java:43)
	at Main.ordnen(Main.java:44)
	at Main.ordnen(Main.java:43)
	at Main.ordnen(Main.java:44)
	at Main.ordnen(Main.java:43)
	at Main.ordnen(Main.java:44)
	at Main.ordnen(Main.java:43)
	at Main.ordnen(Main.java:44)
	at Main.ordnen(Main.java:43)
	at Main.ordnen(Main.java:44)
	at Main.ordnen(Main.java:43)
	at Main.ordnen(Main.java:44)
	at Main.ordnen(Main.java:43)
	at Main.ordnen(Main.java:44)
	at Main.ordnen(Main.java:43)
	at Main.ordnen(Main.java:44)
	at Main.ordnen(Main.java:43)
	at Main.ordnen(Main.java:44)
	at Main.ordnen(Main.java:43)
	at Main.ordnen(Main.java:44)
	at Main.ordnen(Main.java:43)
	at Main.ordnen(Main.java:44)
	at Main.ordnen(Main.java:43)
	at Main.ordnen(Main.java:44)
	at Main.ordnen(Main.java:43)
	at Main.ordnen(Main.java:44)
	at Main.ordnen(Main.java:43)
	at Main.ordnen(Main.java:44)
	at Main.ordnen(Main.java:43)
	at Main.ordnen(Main.java:44)
	at Main.ordnen(Main.java:43)
	at Main.ordnen(Main.java:44)
	at Main.ordnen(Main.java:43)
	at Main.ordnen(Main.java:44)
	at Main.ordnen(Main.java:43)
	at Main.ordnen(Main.java:44)
	at Main.ordnen(Main.java:43)
	at Main.ordnen(Main.java:44)
	at Main.ordnen(Main.java:43)
	at Main.ordnen(Main.java:44)
	at Main.ordnen(Main.java:43)
	at Main.ordnen(Main.java:44)
	at Main.ordnen(Main.java:43)
	at Main.ordnen(Main.java:44)
	at Main.ordnen(Main.java:43)
	at Main.ordnen(Main.java:44)
	at Main.ordnen(Main.java:43)
	at Main.ordnen(Main.java:44)
	at Main.ordnen(Main.java:43)
	at Main.ordnen(Main.java:44)
	at Main.ordnen(Main.java:43)
	at Main.ordnen(Main.java:44)
	at Main.ordnen(Main.java:43)
	at Main.ordnen(Main.java:44)
	at Main.ordnen(Main.java:43)
	at Main.ordnen(Main.java:44)
	at Main.ordnen(Main.java:43)
	at Main.ordnen(Main.java:44)
	at Main.ordnen(Main.java:43)
	at Main.ordnen(Main.java:44)
	at Main.ordnen(Main.java:43)
	at Main.ordnen(Main.java:44)
	at Main.ordnen(Main.java:43)
	at Main.ordnen(Main.java:44)
	at Main.ordnen(Main.java:43)
	at Main.ordnen(Main.java:44)
	at Main.ordnen(Main.java:43)
	at Main.ordnen(Main.java:44)
	at Main.ordnen(Main.java:43)
	at Main.ordnen(Main.java:44)
	at Main.ordnen(Main.java:43)
	at Main.ordnen(Main.java:44)
	at Main.ordnen(Main.java:43)
	at Main.ordnen(Main.java:44)
	at Main.ordnen(Main.java:43)
	at Main.ordnen(Main.java:44)
	at Main.ordnen(Main.java:43)
	at Main.ordnen(Main.java:44)
	at Main.ordnen(Main.java:43)
	at Main.ordnen(Main.java:44)
	at Main.ordnen(Main.java:43)
	at Main.ordnen(Main.java:44)
	at Main.ordnen(Main.java:43)
	at Main.ordnen(Main.java:44)
	at Main.ordnen(Main.java:43)
	at Main.ordnen(Main.java:44)
	at Main.ordnen(Main.java:43)
	at Main.ordnen(Main.java:44)
	at Main.ordnen(Main.java:43)
	at Main.ordnen(Main.java:44)
	at Main.ordnen(Main.java:43)
	at Main.ordnen(Main.java:44)
	at Main.ordnen(Main.java:43)
	at Main.ordnen(Main.java:44)
	at Main.ordnen(Main.java:43)
	at Main.ordnen(Main.java:44)
	at Main.ordnen(Main.java:43)
	at Main.ordnen(Main.java:44)
	at Main.ordnen(Main.java:43)
	at Main.ordnen(Main.java:44)
	at Main.ordnen(Main.java:43)
	at Main.ordnen(Main.java:44)
	at Main.ordnen(Main.java:43)
	at Main.ordnen(Main.java:44)
	at Main.ordnen(Main.java:43)
	at Main.ordnen(Main.java:44)
	at Main.ordnen(Main.java:43)
	at Main.ordnen(Main.java:44)
	at Main.ordnen(Main.java:43)
	at Main.ordnen(Main.java:44)
	at Main.ordnen(Main.java:43)
	at Main.ordnen(Main.java:44)
	at Main.ordnen(Main.java:43)
	at Main.ordnen(Main.java:44)
	at Main.ordnen(Main.java:43)
	at Main.ordnen(Main.java:44)
	at Main.ordnen(Main.java:43)
	at Main.ordnen(Main.java:44)
	at Main.ordnen(Main.java:43)
	at Main.ordnen(Main.java:44)
	at Main.ordnen(Main.java:43)
	at Main.ordnen(Main.java:44)
	at Main.ordnen(Main.java:43)
	at Main.ordnen(Main.java:44)
	at Main.ordnen(Main.java:43)
	at Main.ordnen(Main.java:44)
	at Main.ordnen(Main.java:43)
	at Main.ordnen(Main.java:44)
	at Main.ordnen(Main.java:43)
	at Main.ordnen(Main.java:44)
	at Main.ordnen(Main.java:43)
	at Main.ordnen(Main.java:44)
	at Main.ordnen(Main.java:43)
	at Main.ordnen(Main.java:44)
	at Main.ordnen(Main.java:43)
	at Main.ordnen(Main.java:44)
	at Main.ordnen(Main.java:43)
	at Main.ordnen(Main.java:44)
	at Main.ordnen(Main.java:43)
	at Main.ordnen(Main.java:44)
	at Main.ordnen(Main.java:43)
	at Main.ordnen(Main.java:44)
	at Main.ordnen(Main.java:43)
	at Main.ordnen(Main.java:44)
	at Main.ordnen(Main.java:43)
	at Main.ordnen(Main.java:44)
	at Main.ordnen(Main.java:43)
	at Main.ordnen(Main.java:44)
	at Main.ordnen(Main.java:43)
	at Main.ordnen(Main.java:44)
	at Main.ordnen(Main.java:43)
	at Main.ordnen(Main.java:44)
	at Main.ordnen(Main.java:43)
	at Main.ordnen(Main.java:44)
	at Main.ordnen(Main.java:43)
	at Main.ordnen(Main.java:44)
	at Main.ordnen(Main.java:43)
	at Main.ordnen(Main.java:44)
	at Main.ordnen(Main.java:43)
	at Main.ordnen(Main.java:44)
	at Main.ordnen(Main.java:43)
	at Main.ordnen(Main.java:44)
	at Main.ordnen(Main.java:43)
	at Main.ordnen(Main.java:44)
	at Main.ordnen(Main.java:43)
	at Main.ordnen(Main.java:44)
	at Main.ordnen(Main.java:43)
	at Main.ordnen(Main.java:44)
	at Main.ordnen(Main.java:43)
	at Main.ordnen(Main.java:44)
	at Main.ordnen(Main.java:43)
	at Main.ordnen(Main.java:44)
	at Main.ordnen(Main.java:43)
	at Main.ordnen(Main.java:44)
	at Main.ordnen(Main.java:43)
	at Main.ordnen(Main.java:44)
	at Main.ordnen(Main.java:43)
	at Main.ordnen(Main.java:44)
	at Main.ordnen(Main.java:43)
	at Main.ordnen(Main.java:44)
	at Main.ordnen(Main.java:43)
	at Main.ordnen(Main.java:44)
	at Main.ordnen(Main.java:43)
	at Main.ordnen(Main.java:44)
	at Main.ordnen(Main.java:43)
	at Main.ordnen(Main.java:44)
	at Main.ordnen(Main.java:43)
	at Main.ordnen(Main.java:44)
	at Main.ordnen(Main.java:43)
	at Main.ordnen(Main.java:44)
	at Main.ordnen(Main.java:43)
	at Main.ordnen(Main.java:44)
	at Main.ordnen(Main.java:43)
	at Main.ordnen(Main.java:44)
	at Main.ordnen(Main.java:43)
	at Main.ordnen(Main.java:44)
	at Main.ordnen(Main.java:43)
	at Main.ordnen(Main.java:44)
	at Main.ordnen(Main.java:43)
	at Main.ordnen(Main.java:44)
	at Main.ordnen(Main.java:43)
	at Main.ordnen(Main.java:44)
	at Main.ordnen(Main.java:43)
	at Main.ordnen(Main.java:44)
	at Main.ordnen(Main.java:43)
	at Main.ordnen(Main.java:44)
	at Main.ordnen(Main.java:43)
	at Main.ordnen(Main.java:44)
	at Main.ordnen(Main.java:43)
	at Main.ordnen(Main.java:44)
	at Main.ordnen(Main.java:43)
	at Main.ordnen(Main.java:44)
	at Main.ordnen(Main.java:43)
	at Main.ordnen(Main.java:44)
	at Main.ordnen(Main.java:43)
	at Main.ordnen(Main.java:44)
	at Main.ordnen(Main.java:43)
	at Main.ordnen(Main.java:44)
	at Main.ordnen(Main.java:43)
	at Main.ordnen(Main.java:44)
	at Main.ordnen(Main.java:43)
	at Main.ordnen(Main.java:44)
	at Main.ordnen(Main.java:43)
	at Main.ordnen(Main.java:44)
	at Main.ordnen(Main.java:43)
	at Main.ordnen(Main.java:44)
	at Main.ordnen(Main.java:43)
	at Main.ordnen(Main.java:44)
	at Main.ordnen(Main.java:43)
	at Main.ordnen(Main.java:44)
	at Main.ordnen(Main.java:43)
	at Main.ordnen(Main.java:44)
	at Main.ordnen(Main.java:43)
	at Main.ordnen(Main.java:44)
	at Main.ordnen(Main.java:43)
	at Main.ordnen(Main.java:44)
	at Main.ordnen(Main.java:43)
	at Main.ordnen(Main.java:44)
	at Main.ordnen(Main.java:43)
	at Main.ordnen(Main.java:44)
	at Main.ordnen(Main.java:43)
	at Main.ordnen(Main.java:44)
	at Main.ordnen(Main.java:43)
	at Main.ordnen(Main.java:44)
	at Main.ordnen(Main.java:43)
	at Main.ordnen(Main.java:44)
	at Main.ordnen(Main.java:43)
	at Main.ordnen(Main.java:44)
	at Main.ordnen(Main.java:43)
	at Main.ordnen(Main.java:44)
	at Main.ordnen(Main.java:43)
	at Main.ordnen(Main.java:44)
	at Main.ordnen(Main.java:43)
	at Main.ordnen(Main.java:44)
	at Main.ordnen(Main.java:43)
	at Main.ordnen(Main.java:44)
	at Main.ordnen(Main.java:43)
	at Main.ordnen(Main.java:44)
	at Main.ordnen(Main.java:43)
	at Main.ordnen(Main.java:44)
	at Main.ordnen(Main.java:43)
	at Main.ordnen(Main.java:44)
	at Main.ordnen(Main.java:43)
	at Main.ordnen(Main.java:44)
	at Main.ordnen(Main.java:43)
	at Main.ordnen(Main.java:44)
	at Main.ordnen(Main.java:43)
	at Main.ordnen(Main.java:44)
	at Main.ordnen(Main.java:43)
	at Main.ordnen(Main.java:44)
	at Main.ordnen(Main.java:43)
	at Main.ordnen(Main.java:44)
	at Main.ordnen(Main.java:43)
	at Main.ordnen(Main.java:44)
	at Main.ordnen(Main.java:43)
	at Main.ordnen(Main.java:44)
	at Main.ordnen(Main.java:43)
	at Main.ordnen(Main.java:44)
	at Main.ordnen(Main.java:43)
	at Main.ordnen(Main.java:44)
	at Main.ordnen(Main.java:43)
	at Main.ordnen(Main.java:44)
	at Main.ordnen(Main.java:43)
	at Main.ordnen(Main.java:44)
	at Main.ordnen(Main.java:43)
	at Main.ordnen(Main.java:44)
	at Main.ordnen(Main.java:43)
	at Main.ordnen(Main.java:44)
	at Main.ordnen(Main.java:43)
	at Main.ordnen(Main.java:44)
	at Main.ordnen(Main.java:43)
	at Main.ordnen(Main.java:44)
	at Main.ordnen(Main.java:43)
	at Main.ordnen(Main.java:44)
	at Main.ordnen(Main.java:43)
	at Main.ordnen(Main.java:44)
	at Main.ordnen(Main.java:43)
	at Main.ordnen(Main.java:44)
	at Main.ordnen(Main.java:43)
	at Main.ordnen(Main.java:44)
	at Main.ordnen(Main.java:43)
	at Main.ordnen(Main.java:44)
	at Main.ordnen(Main.java:43)
	at Main.ordnen(Main.java:44)
	at Main.ordnen(Main.java:43)
	at Main.ordnen(Main.java:44)
	at Main.ordnen(Main.java:43)
	at Main.ordnen(Main.java:44)
	at Main.ordnen(Main.java:43)
	at Main.ordnen(Main.java:44)
	at Main.ordnen(Main.java:43)
	at Main.ordnen(Main.java:44)
	at Main.ordnen(Main.java:43)
	at Main.ordnen(Main.java:44)
	at Main.ordnen(Main.java:43)
	at Main.ordnen(Main.java:44)
	at Main.ordnen(Main.java:43)
	at Main.ordnen(Main.java:44)
	at Main.ordnen(Main.java:43)
	at Main.ordnen(Main.java:44)
	at Main.ordnen(Main.java:43)
	at Main.ordnen(Main.java:44)
	at Main.ordnen(Main.java:43)
	at Main.ordnen(Main.java:44)
	at Main.ordnen(Main.java:43)
	at Main.ordnen(Main.java:44)
	at Main.ordnen(Main.java:43)
	at Main.ordnen(Main.java:44)
	at Main.ordnen(Main.java:43)
	at Main.ordnen(Main.java:44)
	at Main.ordnen(Main.java:43)
	at Main.ordnen(Main.java:44)
	at Main.ordnen(Main.java:43)
	at Main.ordnen(Main.java:44)
	at Main.ordnen(Main.java:43)
	at Main.ordnen(Main.java:44)
	at Main.ordnen(Main.java:43)
	at Main.ordnen(Main.java:44)
	at Main.ordnen(Main.java:43)
	at Main.ordnen(Main.java:44)
	at Main.ordnen(Main.java:43)
	at Main.ordnen(Main.java:44)
	at Main.ordnen(Main.java:43)
	at Main.ordnen(Main.java:44)
	at Main.ordnen(Main.java:43)
	at Main.ordnen(Main.java:44)
	at Main.ordnen(Main.java:43)
	at Main.ordnen(Main.java:44)
	at Main.ordnen(Main.java:43)
	at Main.ordnen(Main.java:44)
	at Main.ordnen(Main.java:43)
	at Main.ordnen(Main.java:44)
	at Main.ordnen(Main.java:43)
	at Main.ordnen(Main.java:44)
	at Main.ordnen(Main.java:43)
	at Main.ordnen(Main.java:44)
	at Main.ordnen(Main.java:43)
	at Main.ordnen(Main.java:44)
	at Main.ordnen(Main.java:43)
	at Main.ordnen(Main.java:44)
	at Main.ordnen(Main.java:43)
	at Main.ordnen(Main.java:44)
	at Main.ordnen(Main.java:43)
	at Main.ordnen(Main.java:44)
	at Main.ordnen(Main.java:43)
	at Main.ordnen(Main.java:44)
	at Main.ordnen(Main.java:43)
	at Main.ordnen(Main.java:44)
	at Main.ordnen(Main.java:43)
	at Main.ordnen(Main.java:44)
	at Main.ordnen(Main.java:43)
	at Main.ordnen(Main.java:44)
	at Main.ordnen(Main.java:43)
	at Main.ordnen(Main.java:44)
	at Main.ordnen(Main.java:43)
	at Main.ordnen(Main.java:44)
	at Main.ordnen(Main.java:43)
	at Main.ordnen(Main.java:44)
	at Main.ordnen(Main.java:43)
	at Main.ordnen(Main.java:44)
	at Main.ordnen(Main.java:43)
	at Main.ordnen(Main.java:44)
	at Main.ordnen(Main.java:43)
	at Main.ordnen(Main.java:44)
	at Main.ordnen(Main.java:43)
	at Main.ordnen(Main.java:44)
	at Main.ordnen(Main.java:43)
	at Main.ordnen(Main.java:44)
	at Main.ordnen(Main.java:43)
	at Main.ordnen(Main.java:44)
	at Main.ordnen(Main.java:43)
	at Main.ordnen(Main.java:44)
	at Main.ordnen(Main.java:43)
	at Main.ordnen(Main.java:44)
	at Main.ordnen(Main.java:43)
	at Main.ordnen(Main.java:44)
	at Main.ordnen(Main.java:43)
	at Main.ordnen(Main.java:44)
	at Main.ordnen(Main.java:43)
	at Main.ordnen(Main.java:44)
	at Main.ordnen(Main.java:43)
	at Main.ordnen(Main.java:44)
	at Main.ordnen(Main.java:43)
	at Main.ordnen(Main.java:44)

Rules:

1. Focus on exactly ONE method or function if possible.
2. The ""replace"" content must be the complete original buggy function or method copied exactly from the student code.
3. The ""with"" content must be the corrected complete version of that same function/method.
4. Do not include main code, test code, markdown, prose inside JSON values.
5. Do not return just a code fragment like a loop, an if block, statement or expression.
6. If you are unable to identify one exact full function/method to replace, then set:
    - ""target_function"" : ""UNKNOWN""
    - ""replace"" : """"
    - ""with"" : """"

Return valid JSON only with exactly these keys:
{
""diagnosis"": ""1-3 short sentences"",
""hints"": [""hint 1"", ""hint 2"", ""hint 3""],
""target_function"": ""function name or UNKNOWN"",
""replace"": ""exact original full function/method or empty string"",
""with"": ""corrected full function/method or empty string""
}","{
""diagnosis"": ""Your quicksort always picks the last element as pivot, which causes worst-case O(n^2) recursion (and stack overflow) on already sorted or reverse-sorted arrays. Randomizing the pivot selection avoids this and guarantees average O(n log n) time."",
""hints"": [""StackOverflowError in quicksort usually means unbalanced recursion due to bad pivot choices."", ""Randomly selecting the pivot index before partitioning fixes this."", ""Use java.util.Random to swap a random element into the pivot position before partition.""],
""target_function"": ""ordnen"",
""replace"": ""void ordnen(int arr[], int links, int rechts) {\n\tif (links < rechts) {\n\n\t\tint pi = partition(arr, links, rechts);\n\n\t\tordnen(arr, links, pi - 1);\n\t\tordnen(arr, pi + 1, rechts);\n\t}\n}"",
""with"": ""void ordnen(int arr[], int links, int rechts) {\n    if (links < rechts) {\n        // Randomize pivot selection\n        java.util.Random rand = new java.util.Random();\n        int pivotIndex = links + rand.nextInt(rechts - links + 1);\n        int temp = arr[pivotIndex];\n        arr[pivotIndex] = arr[rechts];\n        arr[rechts] = temp;\n\n        int pi = partition(arr, links, rechts);\n\n        ordnen(arr, links, pi - 1);\n        ordnen(arr, pi + 1, rechts);\n    }\n}""
}",direct_json,"Your quicksort always picks the last element as pivot, which causes worst-case O(n^2) recursion (and stack overflow) on already sorted or reverse-sorted arrays. Randomizing the pivot selection avoids this and guarantees average O(n log n) time.","['StackOverflowError in quicksort usually means unbalanced recursion due to bad pivot choices.', 'Randomly selecting the pivot index before partitioning fixes this.', 'Use java.util.Random to swap a random element into the pivot position before partition.']",ordnen,"void ordnen(int arr[], int links, int rechts) {
	if (links < rechts) {

		int pi = partition(arr, links, rechts);

		ordnen(arr, links, pi - 1);
		ordnen(arr, pi + 1, rechts);
	}
}","void ordnen(int arr[], int links, int rechts) {
    if (links < rechts) {
        // Randomize pivot selection
        java.util.Random rand = new java.util.Random();
        int pivotIndex = links + rand.nextInt(rechts - links + 1);
        int temp = arr[pivotIndex];
        arr[pivotIndex] = arr[rechts];
        arr[rechts] = temp;

        int pi = partition(arr, links, rechts);

        ordnen(arr, links, pi - 1);
        ordnen(arr, pi + 1, rechts);
    }
}"
60,20_21-1-2-java,AZCUDUY3,java,2,0.2,runtime_error,"You are a programming tutor.

A student's solution failed tests. Your task is to identify ONE local bug and propose ONE small fix.

Attempt: 2
Approach: Choose a different localized fix, prioritizing null checks, state updates, index updates, or base-case errors when relevant.

Programming language: java
Guessed bug type: runtime_error


    For runtime-error bugs:
    - Check the error message to identify the exact failing access or operation.
    - Check for missing base cases, null checks, invalid parent-child references, and bad index updates.
    - Prioritize fixing the root cause inside one method instead of adding code everywhere to fix it.
    - If the task is a list, tree or array structure then preserve structure invariants after the change.
    

Task title: Sorting (Java)
Task description:
Input: An array $A = [a_1, a_2,...,a_n]$ with $2 \leq n \leq 10^6$
and $\forall 1\leq i \leq n: -10^6 \leq a_i \leq 10^6$

Output:  Array A sorted in ascending order: $A = [a_1, a_2,...,a_n]$,
where $\forall 1 \leq i \leq j \leq n: \; a[i] \leq a[j]$

Implement a sorting procedure in the function ""solution"", which takes
as argument an array ""A"".  Your procedure should
either have a worst-case run time of $O(n \; log \; n)$ or an
average-case run time of $O(n \; log \; n)$ (this should be guaranteed by
randomization). Your solution must not contain the string
""sort"" and ""numpy"" as substring. Importing the random
library is explicitly allowed!

Hint:

Make absolutely sure that you randomize your algorithm using the
Java Random Library. You can ignore this hint
if your implementation has a worst-case runtime of $O(n \; log \; n)$.

Student code currently passes 5/6 tests and fails 1/6 tests.

Student code:
```java
int [] solution(int arr[]) {
    
    ordnen(arr, 0, arr.length-1);
    return arr;
}
    
int partition(int arr[], int links, int rechts) {
	int pivot = arr[rechts];
	int i = (links - 1);
	for (int j = links; j < rechts; j++) {
		if (arr[j] < pivot) {
			i++;

			int temp = arr[i];
			arr[i] = arr[j];
			arr[j] = temp;
		}
	}

	int temp = arr[i + 1];
	arr[i + 1] = arr[rechts];
	arr[rechts] = temp;

	return i + 1;
}
	
void ordnen(int arr[], int links, int rechts) {
	if (links < rechts) {

		int pi = partition(arr, links, rechts);

		ordnen(arr, links, pi - 1);
		ordnen(arr, pi + 1, rechts);
	}
}

Task skeleton (if present):
int [] solution(int arr[]) {
    return;
}

Reference answer (for understanding intent only; do not copy whole program unless the whole student solution is only one function/method):
int [] solution(int arr[]){
    Arrays.sort(arr);
    return arr;
}

First failed test:

- test number: 6.0
- expected output: true
- actual output: 
- error message: Exception in thread ""main"" java.lang.StackOverflowError
	at Main.ordnen(Main.java:43)
	at Main.ordnen(Main.java:44)
	at Main.ordnen(Main.java:43)
	at Main.ordnen(Main.java:44)
	at Main.ordnen(Main.java:43)
	at Main.ordnen(Main.java:44)
	at Main.ordnen(Main.java:43)
	at Main.ordnen(Main.java:44)
	at Main.ordnen(Main.java:43)
	at Main.ordnen(Main.java:44)
	at Main.ordnen(Main.java:43)
	at Main.ordnen(Main.java:44)
	at Main.ordnen(Main.java:43)
	at Main.ordnen(Main.java:44)
	at Main.ordnen(Main.java:43)
	at Main.ordnen(Main.java:44)
	at Main.ordnen(Main.java:43)
	at Main.ordnen(Main.java:44)
	at Main.ordnen(Main.java:43)
	at Main.ordnen(Main.java:44)
	at Main.ordnen(Main.java:43)
	at Main.ordnen(Main.java:44)
	at Main.ordnen(Main.java:43)
	at Main.ordnen(Main.java:44)
	at Main.ordnen(Main.java:43)
	at Main.ordnen(Main.java:44)
	at Main.ordnen(Main.java:43)
	at Main.ordnen(Main.java:44)
	at Main.ordnen(Main.java:43)
	at Main.ordnen(Main.java:44)
	at Main.ordnen(Main.java:43)
	at Main.ordnen(Main.java:44)
	at Main.ordnen(Main.java:43)
	at Main.ordnen(Main.java:44)
	at Main.ordnen(Main.java:43)
	at Main.ordnen(Main.java:44)
	at Main.ordnen(Main.java:43)
	at Main.ordnen(Main.java:44)
	at Main.ordnen(Main.java:43)
	at Main.ordnen(Main.java:44)
	at Main.ordnen(Main.java:43)
	at Main.ordnen(Main.java:44)
	at Main.ordnen(Main.java:43)
	at Main.ordnen(Main.java:44)
	at Main.ordnen(Main.java:43)
	at Main.ordnen(Main.java:44)
	at Main.ordnen(Main.java:43)
	at Main.ordnen(Main.java:44)
	at Main.ordnen(Main.java:43)
	at Main.ordnen(Main.java:44)
	at Main.ordnen(Main.java:43)
	at Main.ordnen(Main.java:44)
	at Main.ordnen(Main.java:43)
	at Main.ordnen(Main.java:44)
	at Main.ordnen(Main.java:43)
	at Main.ordnen(Main.java:44)
	at Main.ordnen(Main.java:43)
	at Main.ordnen(Main.java:44)
	at Main.ordnen(Main.java:43)
	at Main.ordnen(Main.java:44)
	at Main.ordnen(Main.java:43)
	at Main.ordnen(Main.java:44)
	at Main.ordnen(Main.java:43)
	at Main.ordnen(Main.java:44)
	at Main.ordnen(Main.java:43)
	at Main.ordnen(Main.java:44)
	at Main.ordnen(Main.java:43)
	at Main.ordnen(Main.java:44)
	at Main.ordnen(Main.java:43)
	at Main.ordnen(Main.java:44)
	at Main.ordnen(Main.java:43)
	at Main.ordnen(Main.java:44)
	at Main.ordnen(Main.java:43)
	at Main.ordnen(Main.java:44)
	at Main.ordnen(Main.java:43)
	at Main.ordnen(Main.java:44)
	at Main.ordnen(Main.java:43)
	at Main.ordnen(Main.java:44)
	at Main.ordnen(Main.java:43)
	at Main.ordnen(Main.java:44)
	at Main.ordnen(Main.java:43)
	at Main.ordnen(Main.java:44)
	at Main.ordnen(Main.java:43)
	at Main.ordnen(Main.java:44)
	at Main.ordnen(Main.java:43)
	at Main.ordnen(Main.java:44)
	at Main.ordnen(Main.java:43)
	at Main.ordnen(Main.java:44)
	at Main.ordnen(Main.java:43)
	at Main.ordnen(Main.java:44)
	at Main.ordnen(Main.java:43)
	at Main.ordnen(Main.java:44)
	at Main.ordnen(Main.java:43)
	at Main.ordnen(Main.java:44)
	at Main.ordnen(Main.java:43)
	at Main.ordnen(Main.java:44)
	at Main.ordnen(Main.java:43)
	at Main.ordnen(Main.java:44)
	at Main.ordnen(Main.java:43)
	at Main.ordnen(Main.java:44)
	at Main.ordnen(Main.java:43)
	at Main.ordnen(Main.java:44)
	at Main.ordnen(Main.java:43)
	at Main.ordnen(Main.java:44)
	at Main.ordnen(Main.java:43)
	at Main.ordnen(Main.java:44)
	at Main.ordnen(Main.java:43)
	at Main.ordnen(Main.java:44)
	at Main.ordnen(Main.java:43)
	at Main.ordnen(Main.java:44)
	at Main.ordnen(Main.java:43)
	at Main.ordnen(Main.java:44)
	at Main.ordnen(Main.java:43)
	at Main.ordnen(Main.java:44)
	at Main.ordnen(Main.java:43)
	at Main.ordnen(Main.java:44)
	at Main.ordnen(Main.java:43)
	at Main.ordnen(Main.java:44)
	at Main.ordnen(Main.java:43)
	at Main.ordnen(Main.java:44)
	at Main.ordnen(Main.java:43)
	at Main.ordnen(Main.java:44)
	at Main.ordnen(Main.java:43)
	at Main.ordnen(Main.java:44)
	at Main.ordnen(Main.java:43)
	at Main.ordnen(Main.java:44)
	at Main.ordnen(Main.java:43)
	at Main.ordnen(Main.java:44)
	at Main.ordnen(Main.java:43)
	at Main.ordnen(Main.java:44)
	at Main.ordnen(Main.java:43)
	at Main.ordnen(Main.java:44)
	at Main.ordnen(Main.java:43)
	at Main.ordnen(Main.java:44)
	at Main.ordnen(Main.java:43)
	at Main.ordnen(Main.java:44)
	at Main.ordnen(Main.java:43)
	at Main.ordnen(Main.java:44)
	at Main.ordnen(Main.java:43)
	at Main.ordnen(Main.java:44)
	at Main.ordnen(Main.java:43)
	at Main.ordnen(Main.java:44)
	at Main.ordnen(Main.java:43)
	at Main.ordnen(Main.java:44)
	at Main.ordnen(Main.java:43)
	at Main.ordnen(Main.java:44)
	at Main.ordnen(Main.java:43)
	at Main.ordnen(Main.java:44)
	at Main.ordnen(Main.java:43)
	at Main.ordnen(Main.java:44)
	at Main.ordnen(Main.java:43)
	at Main.ordnen(Main.java:44)
	at Main.ordnen(Main.java:43)
	at Main.ordnen(Main.java:44)
	at Main.ordnen(Main.java:43)
	at Main.ordnen(Main.java:44)
	at Main.ordnen(Main.java:43)
	at Main.ordnen(Main.java:44)
	at Main.ordnen(Main.java:43)
	at Main.ordnen(Main.java:44)
	at Main.ordnen(Main.java:43)
	at Main.ordnen(Main.java:44)
	at Main.ordnen(Main.java:43)
	at Main.ordnen(Main.java:44)
	at Main.ordnen(Main.java:43)
	at Main.ordnen(Main.java:44)
	at Main.ordnen(Main.java:43)
	at Main.ordnen(Main.java:44)
	at Main.ordnen(Main.java:43)
	at Main.ordnen(Main.java:44)
	at Main.ordnen(Main.java:43)
	at Main.ordnen(Main.java:44)
	at Main.ordnen(Main.java:43)
	at Main.ordnen(Main.java:44)
	at Main.ordnen(Main.java:43)
	at Main.ordnen(Main.java:44)
	at Main.ordnen(Main.java:43)
	at Main.ordnen(Main.java:44)
	at Main.ordnen(Main.java:43)
	at Main.ordnen(Main.java:44)
	at Main.ordnen(Main.java:43)
	at Main.ordnen(Main.java:44)
	at Main.ordnen(Main.java:43)
	at Main.ordnen(Main.java:44)
	at Main.ordnen(Main.java:43)
	at Main.ordnen(Main.java:44)
	at Main.ordnen(Main.java:43)
	at Main.ordnen(Main.java:44)
	at Main.ordnen(Main.java:43)
	at Main.ordnen(Main.java:44)
	at Main.ordnen(Main.java:43)
	at Main.ordnen(Main.java:44)
	at Main.ordnen(Main.java:43)
	at Main.ordnen(Main.java:44)
	at Main.ordnen(Main.java:43)
	at Main.ordnen(Main.java:44)
	at Main.ordnen(Main.java:43)
	at Main.ordnen(Main.java:44)
	at Main.ordnen(Main.java:43)
	at Main.ordnen(Main.java:44)
	at Main.ordnen(Main.java:43)
	at Main.ordnen(Main.java:44)
	at Main.ordnen(Main.java:43)
	at Main.ordnen(Main.java:44)
	at Main.ordnen(Main.java:43)
	at Main.ordnen(Main.java:44)
	at Main.ordnen(Main.java:43)
	at Main.ordnen(Main.java:44)
	at Main.ordnen(Main.java:43)
	at Main.ordnen(Main.java:44)
	at Main.ordnen(Main.java:43)
	at Main.ordnen(Main.java:44)
	at Main.ordnen(Main.java:43)
	at Main.ordnen(Main.java:44)
	at Main.ordnen(Main.java:43)
	at Main.ordnen(Main.java:44)
	at Main.ordnen(Main.java:43)
	at Main.ordnen(Main.java:44)
	at Main.ordnen(Main.java:43)
	at Main.ordnen(Main.java:44)
	at Main.ordnen(Main.java:43)
	at Main.ordnen(Main.java:44)
	at Main.ordnen(Main.java:43)
	at Main.ordnen(Main.java:44)
	at Main.ordnen(Main.java:43)
	at Main.ordnen(Main.java:44)
	at Main.ordnen(Main.java:43)
	at Main.ordnen(Main.java:44)
	at Main.ordnen(Main.java:43)
	at Main.ordnen(Main.java:44)
	at Main.ordnen(Main.java:43)
	at Main.ordnen(Main.java:44)
	at Main.ordnen(Main.java:43)
	at Main.ordnen(Main.java:44)
	at Main.ordnen(Main.java:43)
	at Main.ordnen(Main.java:44)
	at Main.ordnen(Main.java:43)
	at Main.ordnen(Main.java:44)
	at Main.ordnen(Main.java:43)
	at Main.ordnen(Main.java:44)
	at Main.ordnen(Main.java:43)
	at Main.ordnen(Main.java:44)
	at Main.ordnen(Main.java:43)
	at Main.ordnen(Main.java:44)
	at Main.ordnen(Main.java:43)
	at Main.ordnen(Main.java:44)
	at Main.ordnen(Main.java:43)
	at Main.ordnen(Main.java:44)
	at Main.ordnen(Main.java:43)
	at Main.ordnen(Main.java:44)
	at Main.ordnen(Main.java:43)
	at Main.ordnen(Main.java:44)
	at Main.ordnen(Main.java:43)
	at Main.ordnen(Main.java:44)
	at Main.ordnen(Main.java:43)
	at Main.ordnen(Main.java:44)
	at Main.ordnen(Main.java:43)
	at Main.ordnen(Main.java:44)
	at Main.ordnen(Main.java:43)
	at Main.ordnen(Main.java:44)
	at Main.ordnen(Main.java:43)
	at Main.ordnen(Main.java:44)
	at Main.ordnen(Main.java:43)
	at Main.ordnen(Main.java:44)
	at Main.ordnen(Main.java:43)
	at Main.ordnen(Main.java:44)
	at Main.ordnen(Main.java:43)
	at Main.ordnen(Main.java:44)
	at Main.ordnen(Main.java:43)
	at Main.ordnen(Main.java:44)
	at Main.ordnen(Main.java:43)
	at Main.ordnen(Main.java:44)
	at Main.ordnen(Main.java:43)
	at Main.ordnen(Main.java:44)
	at Main.ordnen(Main.java:43)
	at Main.ordnen(Main.java:44)
	at Main.ordnen(Main.java:43)
	at Main.ordnen(Main.java:44)
	at Main.ordnen(Main.java:43)
	at Main.ordnen(Main.java:44)
	at Main.ordnen(Main.java:43)
	at Main.ordnen(Main.java:44)
	at Main.ordnen(Main.java:43)
	at Main.ordnen(Main.java:44)
	at Main.ordnen(Main.java:43)
	at Main.ordnen(Main.java:44)
	at Main.ordnen(Main.java:43)
	at Main.ordnen(Main.java:44)
	at Main.ordnen(Main.java:43)
	at Main.ordnen(Main.java:44)
	at Main.ordnen(Main.java:43)
	at Main.ordnen(Main.java:44)
	at Main.ordnen(Main.java:43)
	at Main.ordnen(Main.java:44)
	at Main.ordnen(Main.java:43)
	at Main.ordnen(Main.java:44)
	at Main.ordnen(Main.java:43)
	at Main.ordnen(Main.java:44)
	at Main.ordnen(Main.java:43)
	at Main.ordnen(Main.java:44)
	at Main.ordnen(Main.java:43)
	at Main.ordnen(Main.java:44)
	at Main.ordnen(Main.java:43)
	at Main.ordnen(Main.java:44)
	at Main.ordnen(Main.java:43)
	at Main.ordnen(Main.java:44)
	at Main.ordnen(Main.java:43)
	at Main.ordnen(Main.java:44)
	at Main.ordnen(Main.java:43)
	at Main.ordnen(Main.java:44)
	at Main.ordnen(Main.java:43)
	at Main.ordnen(Main.java:44)
	at Main.ordnen(Main.java:43)
	at Main.ordnen(Main.java:44)
	at Main.ordnen(Main.java:43)
	at Main.ordnen(Main.java:44)
	at Main.ordnen(Main.java:43)
	at Main.ordnen(Main.java:44)
	at Main.ordnen(Main.java:43)
	at Main.ordnen(Main.java:44)
	at Main.ordnen(Main.java:43)
	at Main.ordnen(Main.java:44)
	at Main.ordnen(Main.java:43)
	at Main.ordnen(Main.java:44)
	at Main.ordnen(Main.java:43)
	at Main.ordnen(Main.java:44)
	at Main.ordnen(Main.java:43)
	at Main.ordnen(Main.java:44)
	at Main.ordnen(Main.java:43)
	at Main.ordnen(Main.java:44)
	at Main.ordnen(Main.java:43)
	at Main.ordnen(Main.java:44)
	at Main.ordnen(Main.java:43)
	at Main.ordnen(Main.java:44)
	at Main.ordnen(Main.java:43)
	at Main.ordnen(Main.java:44)
	at Main.ordnen(Main.java:43)
	at Main.ordnen(Main.java:44)
	at Main.ordnen(Main.java:43)
	at Main.ordnen(Main.java:44)
	at Main.ordnen(Main.java:43)
	at Main.ordnen(Main.java:44)
	at Main.ordnen(Main.java:43)
	at Main.ordnen(Main.java:44)
	at Main.ordnen(Main.java:43)
	at Main.ordnen(Main.java:44)
	at Main.ordnen(Main.java:43)
	at Main.ordnen(Main.java:44)
	at Main.ordnen(Main.java:43)
	at Main.ordnen(Main.java:44)
	at Main.ordnen(Main.java:43)
	at Main.ordnen(Main.java:44)
	at Main.ordnen(Main.java:43)
	at Main.ordnen(Main.java:44)
	at Main.ordnen(Main.java:43)
	at Main.ordnen(Main.java:44)
	at Main.ordnen(Main.java:43)
	at Main.ordnen(Main.java:44)
	at Main.ordnen(Main.java:43)
	at Main.ordnen(Main.java:44)
	at Main.ordnen(Main.java:43)
	at Main.ordnen(Main.java:44)
	at Main.ordnen(Main.java:43)
	at Main.ordnen(Main.java:44)
	at Main.ordnen(Main.java:43)
	at Main.ordnen(Main.java:44)
	at Main.ordnen(Main.java:43)
	at Main.ordnen(Main.java:44)
	at Main.ordnen(Main.java:43)
	at Main.ordnen(Main.java:44)
	at Main.ordnen(Main.java:43)
	at Main.ordnen(Main.java:44)
	at Main.ordnen(Main.java:43)
	at Main.ordnen(Main.java:44)
	at Main.ordnen(Main.java:43)
	at Main.ordnen(Main.java:44)
	at Main.ordnen(Main.java:43)
	at Main.ordnen(Main.java:44)
	at Main.ordnen(Main.java:43)
	at Main.ordnen(Main.java:44)
	at Main.ordnen(Main.java:43)
	at Main.ordnen(Main.java:44)
	at Main.ordnen(Main.java:43)
	at Main.ordnen(Main.java:44)
	at Main.ordnen(Main.java:43)
	at Main.ordnen(Main.java:44)
	at Main.ordnen(Main.java:43)
	at Main.ordnen(Main.java:44)
	at Main.ordnen(Main.java:43)
	at Main.ordnen(Main.java:44)
	at Main.ordnen(Main.java:43)
	at Main.ordnen(Main.java:44)
	at Main.ordnen(Main.java:43)
	at Main.ordnen(Main.java:44)
	at Main.ordnen(Main.java:43)
	at Main.ordnen(Main.java:44)
	at Main.ordnen(Main.java:43)
	at Main.ordnen(Main.java:44)
	at Main.ordnen(Main.java:43)
	at Main.ordnen(Main.java:44)
	at Main.ordnen(Main.java:43)
	at Main.ordnen(Main.java:44)
	at Main.ordnen(Main.java:43)
	at Main.ordnen(Main.java:44)
	at Main.ordnen(Main.java:43)
	at Main.ordnen(Main.java:44)
	at Main.ordnen(Main.java:43)
	at Main.ordnen(Main.java:44)
	at Main.ordnen(Main.java:43)
	at Main.ordnen(Main.java:44)
	at Main.ordnen(Main.java:43)
	at Main.ordnen(Main.java:44)
	at Main.ordnen(Main.java:43)
	at Main.ordnen(Main.java:44)
	at Main.ordnen(Main.java:43)
	at Main.ordnen(Main.java:44)
	at Main.ordnen(Main.java:43)
	at Main.ordnen(Main.java:44)
	at Main.ordnen(Main.java:43)
	at Main.ordnen(Main.java:44)
	at Main.ordnen(Main.java:43)
	at Main.ordnen(Main.java:44)
	at Main.ordnen(Main.java:43)
	at Main.ordnen(Main.java:44)
	at Main.ordnen(Main.java:43)
	at Main.ordnen(Main.java:44)
	at Main.ordnen(Main.java:43)
	at Main.ordnen(Main.java:44)
	at Main.ordnen(Main.java:43)
	at Main.ordnen(Main.java:44)
	at Main.ordnen(Main.java:43)
	at Main.ordnen(Main.java:44)
	at Main.ordnen(Main.java:43)
	at Main.ordnen(Main.java:44)
	at Main.ordnen(Main.java:43)
	at Main.ordnen(Main.java:44)
	at Main.ordnen(Main.java:43)
	at Main.ordnen(Main.java:44)
	at Main.ordnen(Main.java:43)
	at Main.ordnen(Main.java:44)
	at Main.ordnen(Main.java:43)
	at Main.ordnen(Main.java:44)
	at Main.ordnen(Main.java:43)
	at Main.ordnen(Main.java:44)
	at Main.ordnen(Main.java:43)
	at Main.ordnen(Main.java:44)
	at Main.ordnen(Main.java:43)
	at Main.ordnen(Main.java:44)
	at Main.ordnen(Main.java:43)
	at Main.ordnen(Main.java:44)
	at Main.ordnen(Main.java:43)
	at Main.ordnen(Main.java:44)
	at Main.ordnen(Main.java:43)
	at Main.ordnen(Main.java:44)
	at Main.ordnen(Main.java:43)
	at Main.ordnen(Main.java:44)
	at Main.ordnen(Main.java:43)
	at Main.ordnen(Main.java:44)
	at Main.ordnen(Main.java:43)
	at Main.ordnen(Main.java:44)
	at Main.ordnen(Main.java:43)
	at Main.ordnen(Main.java:44)
	at Main.ordnen(Main.java:43)
	at Main.ordnen(Main.java:44)
	at Main.ordnen(Main.java:43)
	at Main.ordnen(Main.java:44)
	at Main.ordnen(Main.java:43)
	at Main.ordnen(Main.java:44)
	at Main.ordnen(Main.java:43)
	at Main.ordnen(Main.java:44)
	at Main.ordnen(Main.java:43)
	at Main.ordnen(Main.java:44)
	at Main.ordnen(Main.java:43)
	at Main.ordnen(Main.java:44)
	at Main.ordnen(Main.java:43)
	at Main.ordnen(Main.java:44)
	at Main.ordnen(Main.java:43)
	at Main.ordnen(Main.java:44)
	at Main.ordnen(Main.java:43)
	at Main.ordnen(Main.java:44)
	at Main.ordnen(Main.java:43)
	at Main.ordnen(Main.java:44)
	at Main.ordnen(Main.java:43)
	at Main.ordnen(Main.java:44)
	at Main.ordnen(Main.java:43)
	at Main.ordnen(Main.java:44)
	at Main.ordnen(Main.java:43)
	at Main.ordnen(Main.java:44)
	at Main.ordnen(Main.java:43)
	at Main.ordnen(Main.java:44)
	at Main.ordnen(Main.java:43)
	at Main.ordnen(Main.java:44)
	at Main.ordnen(Main.java:43)
	at Main.ordnen(Main.java:44)
	at Main.ordnen(Main.java:43)
	at Main.ordnen(Main.java:44)
	at Main.ordnen(Main.java:43)
	at Main.ordnen(Main.java:44)
	at Main.ordnen(Main.java:43)
	at Main.ordnen(Main.java:44)
	at Main.ordnen(Main.java:43)
	at Main.ordnen(Main.java:44)
	at Main.ordnen(Main.java:43)
	at Main.ordnen(Main.java:44)
	at Main.ordnen(Main.java:43)
	at Main.ordnen(Main.java:44)
	at Main.ordnen(Main.java:43)
	at Main.ordnen(Main.java:44)
	at Main.ordnen(Main.java:43)
	at Main.ordnen(Main.java:44)
	at Main.ordnen(Main.java:43)
	at Main.ordnen(Main.java:44)
	at Main.ordnen(Main.java:43)
	at Main.ordnen(Main.java:44)
	at Main.ordnen(Main.java:43)
	at Main.ordnen(Main.java:44)
	at Main.ordnen(Main.java:43)
	at Main.ordnen(Main.java:44)
	at Main.ordnen(Main.java:43)
	at Main.ordnen(Main.java:44)
	at Main.ordnen(Main.java:43)
	at Main.ordnen(Main.java:44)
	at Main.ordnen(Main.java:43)
	at Main.ordnen(Main.java:44)
	at Main.ordnen(Main.java:43)
	at Main.ordnen(Main.java:44)
	at Main.ordnen(Main.java:43)
	at Main.ordnen(Main.java:44)
	at Main.ordnen(Main.java:43)
	at Main.ordnen(Main.java:44)
	at Main.ordnen(Main.java:43)
	at Main.ordnen(Main.java:44)
	at Main.ordnen(Main.java:43)
	at Main.ordnen(Main.java:44)
	at Main.ordnen(Main.java:43)
	at Main.ordnen(Main.java:44)
	at Main.ordnen(Main.java:43)
	at Main.ordnen(Main.java:44)
	at Main.ordnen(Main.java:43)
	at Main.ordnen(Main.java:44)
	at Main.ordnen(Main.java:43)
	at Main.ordnen(Main.java:44)
	at Main.ordnen(Main.java:43)
	at Main.ordnen(Main.java:44)
	at Main.ordnen(Main.java:43)
	at Main.ordnen(Main.java:44)
	at Main.ordnen(Main.java:43)
	at Main.ordnen(Main.java:44)
	at Main.ordnen(Main.java:43)
	at Main.ordnen(Main.java:44)
	at Main.ordnen(Main.java:43)
	at Main.ordnen(Main.java:44)
	at Main.ordnen(Main.java:43)
	at Main.ordnen(Main.java:44)
	at Main.ordnen(Main.java:43)
	at Main.ordnen(Main.java:44)
	at Main.ordnen(Main.java:43)
	at Main.ordnen(Main.java:44)
	at Main.ordnen(Main.java:43)
	at Main.ordnen(Main.java:44)
	at Main.ordnen(Main.java:43)
	at Main.ordnen(Main.java:44)
	at Main.ordnen(Main.java:43)
	at Main.ordnen(Main.java:44)
	at Main.ordnen(Main.java:43)
	at Main.ordnen(Main.java:44)
	at Main.ordnen(Main.java:43)
	at Main.ordnen(Main.java:44)
	at Main.ordnen(Main.java:43)
	at Main.ordnen(Main.java:44)
	at Main.ordnen(Main.java:43)
	at Main.ordnen(Main.java:44)
	at Main.ordnen(Main.java:43)
	at Main.ordnen(Main.java:44)
	at Main.ordnen(Main.java:43)
	at Main.ordnen(Main.java:44)
	at Main.ordnen(Main.java:43)
	at Main.ordnen(Main.java:44)
	at Main.ordnen(Main.java:43)
	at Main.ordnen(Main.java:44)
	at Main.ordnen(Main.java:43)
	at Main.ordnen(Main.java:44)
	at Main.ordnen(Main.java:43)
	at Main.ordnen(Main.java:44)
	at Main.ordnen(Main.java:43)
	at Main.ordnen(Main.java:44)
	at Main.ordnen(Main.java:43)
	at Main.ordnen(Main.java:44)
	at Main.ordnen(Main.java:43)
	at Main.ordnen(Main.java:44)
	at Main.ordnen(Main.java:43)
	at Main.ordnen(Main.java:44)
	at Main.ordnen(Main.java:43)
	at Main.ordnen(Main.java:44)
	at Main.ordnen(Main.java:43)
	at Main.ordnen(Main.java:44)
	at Main.ordnen(Main.java:43)
	at Main.ordnen(Main.java:44)
	at Main.ordnen(Main.java:43)
	at Main.ordnen(Main.java:44)
	at Main.ordnen(Main.java:43)
	at Main.ordnen(Main.java:44)
	at Main.ordnen(Main.java:43)
	at Main.ordnen(Main.java:44)
	at Main.ordnen(Main.java:43)
	at Main.ordnen(Main.java:44)
	at Main.ordnen(Main.java:43)
	at Main.ordnen(Main.java:44)
	at Main.ordnen(Main.java:43)
	at Main.ordnen(Main.java:44)
	at Main.ordnen(Main.java:43)
	at Main.ordnen(Main.java:44)
	at Main.ordnen(Main.java:43)
	at Main.ordnen(Main.java:44)
	at Main.ordnen(Main.java:43)
	at Main.ordnen(Main.java:44)
	at Main.ordnen(Main.java:43)
	at Main.ordnen(Main.java:44)
	at Main.ordnen(Main.java:43)
	at Main.ordnen(Main.java:44)
	at Main.ordnen(Main.java:43)
	at Main.ordnen(Main.java:44)
	at Main.ordnen(Main.java:43)
	at Main.ordnen(Main.java:44)
	at Main.ordnen(Main.java:43)
	at Main.ordnen(Main.java:44)
	at Main.ordnen(Main.java:43)
	at Main.ordnen(Main.java:44)
	at Main.ordnen(Main.java:43)
	at Main.ordnen(Main.java:44)
	at Main.ordnen(Main.java:43)
	at Main.ordnen(Main.java:44)
	at Main.ordnen(Main.java:43)
	at Main.ordnen(Main.java:44)
	at Main.ordnen(Main.java:43)
	at Main.ordnen(Main.java:44)
	at Main.ordnen(Main.java:43)
	at Main.ordnen(Main.java:44)
	at Main.ordnen(Main.java:43)
	at Main.ordnen(Main.java:44)
	at Main.ordnen(Main.java:43)
	at Main.ordnen(Main.java:44)
	at Main.ordnen(Main.java:43)
	at Main.ordnen(Main.java:44)
	at Main.ordnen(Main.java:43)
	at Main.ordnen(Main.java:44)
	at Main.ordnen(Main.java:43)
	at Main.ordnen(Main.java:44)
	at Main.ordnen(Main.java:43)
	at Main.ordnen(Main.java:44)
	at Main.ordnen(Main.java:43)
	at Main.ordnen(Main.java:44)
	at Main.ordnen(Main.java:43)
	at Main.ordnen(Main.java:44)
	at Main.ordnen(Main.java:43)
	at Main.ordnen(Main.java:44)
	at Main.ordnen(Main.java:43)
	at Main.ordnen(Main.java:44)
	at Main.ordnen(Main.java:43)
	at Main.ordnen(Main.java:44)
	at Main.ordnen(Main.java:43)
	at Main.ordnen(Main.java:44)
	at Main.ordnen(Main.java:43)
	at Main.ordnen(Main.java:44)
	at Main.ordnen(Main.java:43)
	at Main.ordnen(Main.java:44)
	at Main.ordnen(Main.java:43)
	at Main.ordnen(Main.java:44)
	at Main.ordnen(Main.java:43)
	at Main.ordnen(Main.java:44)
	at Main.ordnen(Main.java:43)
	at Main.ordnen(Main.java:44)
	at Main.ordnen(Main.java:43)
	at Main.ordnen(Main.java:44)
	at Main.ordnen(Main.java:43)
	at Main.ordnen(Main.java:44)
	at Main.ordnen(Main.java:43)
	at Main.ordnen(Main.java:44)
	at Main.ordnen(Main.java:43)
	at Main.ordnen(Main.java:44)
	at Main.ordnen(Main.java:43)
	at Main.ordnen(Main.java:44)
	at Main.ordnen(Main.java:43)
	at Main.ordnen(Main.java:44)
	at Main.ordnen(Main.java:43)
	at Main.ordnen(Main.java:44)
	at Main.ordnen(Main.java:43)
	at Main.ordnen(Main.java:44)
	at Main.ordnen(Main.java:43)
	at Main.ordnen(Main.java:44)
	at Main.ordnen(Main.java:43)
	at Main.ordnen(Main.java:44)
	at Main.ordnen(Main.java:43)
	at Main.ordnen(Main.java:44)
	at Main.ordnen(Main.java:43)
	at Main.ordnen(Main.java:44)
	at Main.ordnen(Main.java:43)
	at Main.ordnen(Main.java:44)
	at Main.ordnen(Main.java:43)
	at Main.ordnen(Main.java:44)
	at Main.ordnen(Main.java:43)
	at Main.ordnen(Main.java:44)
	at Main.ordnen(Main.java:43)
	at Main.ordnen(Main.java:44)
	at Main.ordnen(Main.java:43)
	at Main.ordnen(Main.java:44)
	at Main.ordnen(Main.java:43)
	at Main.ordnen(Main.java:44)
	at Main.ordnen(Main.java:43)
	at Main.ordnen(Main.java:44)
	at Main.ordnen(Main.java:43)
	at Main.ordnen(Main.java:44)
	at Main.ordnen(Main.java:43)
	at Main.ordnen(Main.java:44)
	at Main.ordnen(Main.java:43)
	at Main.ordnen(Main.java:44)
	at Main.ordnen(Main.java:43)
	at Main.ordnen(Main.java:44)
	at Main.ordnen(Main.java:43)
	at Main.ordnen(Main.java:44)
	at Main.ordnen(Main.java:43)
	at Main.ordnen(Main.java:44)
	at Main.ordnen(Main.java:43)
	at Main.ordnen(Main.java:44)
	at Main.ordnen(Main.java:43)
	at Main.ordnen(Main.java:44)
	at Main.ordnen(Main.java:43)
	at Main.ordnen(Main.java:44)
	at Main.ordnen(Main.java:43)
	at Main.ordnen(Main.java:44)
	at Main.ordnen(Main.java:43)
	at Main.ordnen(Main.java:44)
	at Main.ordnen(Main.java:43)
	at Main.ordnen(Main.java:44)
	at Main.ordnen(Main.java:43)
	at Main.ordnen(Main.java:44)
	at Main.ordnen(Main.java:43)
	at Main.ordnen(Main.java:44)
	at Main.ordnen(Main.java:43)
	at Main.ordnen(Main.java:44)
	at Main.ordnen(Main.java:43)
	at Main.ordnen(Main.java:44)
	at Main.ordnen(Main.java:43)
	at Main.ordnen(Main.java:44)
	at Main.ordnen(Main.java:43)
	at Main.ordnen(Main.java:44)
	at Main.ordnen(Main.java:43)
	at Main.ordnen(Main.java:44)
	at Main.ordnen(Main.java:43)
	at Main.ordnen(Main.java:44)
	at Main.ordnen(Main.java:43)
	at Main.ordnen(Main.java:44)
	at Main.ordnen(Main.java:43)
	at Main.ordnen(Main.java:44)
	at Main.ordnen(Main.java:43)
	at Main.ordnen(Main.java:44)
	at Main.ordnen(Main.java:43)
	at Main.ordnen(Main.java:44)
	at Main.ordnen(Main.java:43)
	at Main.ordnen(Main.java:44)
	at Main.ordnen(Main.java:43)
	at Main.ordnen(Main.java:44)
	at Main.ordnen(Main.java:43)
	at Main.ordnen(Main.java:44)
	at Main.ordnen(Main.java:43)
	at Main.ordnen(Main.java:44)
	at Main.ordnen(Main.java:43)
	at Main.ordnen(Main.java:44)
	at Main.ordnen(Main.java:43)
	at Main.ordnen(Main.java:44)
	at Main.ordnen(Main.java:43)
	at Main.ordnen(Main.java:44)
	at Main.ordnen(Main.java:43)
	at Main.ordnen(Main.java:44)
	at Main.ordnen(Main.java:43)
	at Main.ordnen(Main.java:44)
	at Main.ordnen(Main.java:43)
	at Main.ordnen(Main.java:44)
	at Main.ordnen(Main.java:43)
	at Main.ordnen(Main.java:44)
	at Main.ordnen(Main.java:43)
	at Main.ordnen(Main.java:44)
	at Main.ordnen(Main.java:43)
	at Main.ordnen(Main.java:44)
	at Main.ordnen(Main.java:43)
	at Main.ordnen(Main.java:44)
	at Main.ordnen(Main.java:43)
	at Main.ordnen(Main.java:44)
	at Main.ordnen(Main.java:43)
	at Main.ordnen(Main.java:44)
	at Main.ordnen(Main.java:43)
	at Main.ordnen(Main.java:44)
	at Main.ordnen(Main.java:43)
	at Main.ordnen(Main.java:44)
	at Main.ordnen(Main.java:43)
	at Main.ordnen(Main.java:44)
	at Main.ordnen(Main.java:43)
	at Main.ordnen(Main.java:44)
	at Main.ordnen(Main.java:43)
	at Main.ordnen(Main.java:44)
	at Main.ordnen(Main.java:43)
	at Main.ordnen(Main.java:44)
	at Main.ordnen(Main.java:43)
	at Main.ordnen(Main.java:44)
	at Main.ordnen(Main.java:43)
	at Main.ordnen(Main.java:44)
	at Main.ordnen(Main.java:43)
	at Main.ordnen(Main.java:44)
	at Main.ordnen(Main.java:43)
	at Main.ordnen(Main.java:44)
	at Main.ordnen(Main.java:43)
	at Main.ordnen(Main.java:44)
	at Main.ordnen(Main.java:43)
	at Main.ordnen(Main.java:44)
	at Main.ordnen(Main.java:43)
	at Main.ordnen(Main.java:44)
	at Main.ordnen(Main.java:43)
	at Main.ordnen(Main.java:44)
	at Main.ordnen(Main.java:43)
	at Main.ordnen(Main.java:44)
	at Main.ordnen(Main.java:43)
	at Main.ordnen(Main.java:44)
	at Main.ordnen(Main.java:43)
	at Main.ordnen(Main.java:44)
	at Main.ordnen(Main.java:43)
	at Main.ordnen(Main.java:44)
	at Main.ordnen(Main.java:43)
	at Main.ordnen(Main.java:44)
	at Main.ordnen(Main.java:43)
	at Main.ordnen(Main.java:44)
	at Main.ordnen(Main.java:43)
	at Main.ordnen(Main.java:44)
	at Main.ordnen(Main.java:43)
	at Main.ordnen(Main.java:44)
	at Main.ordnen(Main.java:43)
	at Main.ordnen(Main.java:44)
	at Main.ordnen(Main.java:43)
	at Main.ordnen(Main.java:44)
	at Main.ordnen(Main.java:43)
	at Main.ordnen(Main.java:44)
	at Main.ordnen(Main.java:43)
	at Main.ordnen(Main.java:44)
	at Main.ordnen(Main.java:43)
	at Main.ordnen(Main.java:44)
	at Main.ordnen(Main.java:43)
	at Main.ordnen(Main.java:44)
	at Main.ordnen(Main.java:43)
	at Main.ordnen(Main.java:44)
	at Main.ordnen(Main.java:43)
	at Main.ordnen(Main.java:44)
	at Main.ordnen(Main.java:43)
	at Main.ordnen(Main.java:44)
	at Main.ordnen(Main.java:43)
	at Main.ordnen(Main.java:44)
	at Main.ordnen(Main.java:43)
	at Main.ordnen(Main.java:44)
	at Main.ordnen(Main.java:43)
	at Main.ordnen(Main.java:44)
	at Main.ordnen(Main.java:43)
	at Main.ordnen(Main.java:44)
	at Main.ordnen(Main.java:43)
	at Main.ordnen(Main.java:44)
	at Main.ordnen(Main.java:43)
	at Main.ordnen(Main.java:44)
	at Main.ordnen(Main.java:43)
	at Main.ordnen(Main.java:44)
	at Main.ordnen(Main.java:43)
	at Main.ordnen(Main.java:44)
	at Main.ordnen(Main.java:43)
	at Main.ordnen(Main.java:44)
	at Main.ordnen(Main.java:43)
	at Main.ordnen(Main.java:44)
	at Main.ordnen(Main.java:43)
	at Main.ordnen(Main.java:44)
	at Main.ordnen(Main.java:43)
	at Main.ordnen(Main.java:44)
	at Main.ordnen(Main.java:43)
	at Main.ordnen(Main.java:44)
	at Main.ordnen(Main.java:43)
	at Main.ordnen(Main.java:44)
	at Main.ordnen(Main.java:43)
	at Main.ordnen(Main.java:44)
	at Main.ordnen(Main.java:43)
	at Main.ordnen(Main.java:44)
	at Main.ordnen(Main.java:43)
	at Main.ordnen(Main.java:44)
	at Main.ordnen(Main.java:43)
	at Main.ordnen(Main.java:44)
	at Main.ordnen(Main.java:43)
	at Main.ordnen(Main.java:44)
	at Main.ordnen(Main.java:43)
	at Main.ordnen(Main.java:44)
	at Main.ordnen(Main.java:43)
	at Main.ordnen(Main.java:44)
	at Main.ordnen(Main.java:43)
	at Main.ordnen(Main.java:44)
	at Main.ordnen(Main.java:43)
	at Main.ordnen(Main.java:44)
	at Main.ordnen(Main.java:43)
	at Main.ordnen(Main.java:44)
	at Main.ordnen(Main.java:43)
	at Main.ordnen(Main.java:44)
	at Main.ordnen(Main.java:43)
	at Main.ordnen(Main.java:44)
	at Main.ordnen(Main.java:43)
	at Main.ordnen(Main.java:44)
	at Main.ordnen(Main.java:43)
	at Main.ordnen(Main.java:44)
	at Main.ordnen(Main.java:43)
	at Main.ordnen(Main.java:44)
	at Main.ordnen(Main.java:43)
	at Main.ordnen(Main.java:44)
	at Main.ordnen(Main.java:43)
	at Main.ordnen(Main.java:44)
	at Main.ordnen(Main.java:43)
	at Main.ordnen(Main.java:44)
	at Main.ordnen(Main.java:43)
	at Main.ordnen(Main.java:44)
	at Main.ordnen(Main.java:43)
	at Main.ordnen(Main.java:44)
	at Main.ordnen(Main.java:43)
	at Main.ordnen(Main.java:44)
	at Main.ordnen(Main.java:43)
	at Main.ordnen(Main.java:44)
	at Main.ordnen(Main.java:43)
	at Main.ordnen(Main.java:44)
	at Main.ordnen(Main.java:43)
	at Main.ordnen(Main.java:44)
	at Main.ordnen(Main.java:43)
	at Main.ordnen(Main.java:44)
	at Main.ordnen(Main.java:43)
	at Main.ordnen(Main.java:44)
	at Main.ordnen(Main.java:43)
	at Main.ordnen(Main.java:44)
	at Main.ordnen(Main.java:43)
	at Main.ordnen(Main.java:44)
	at Main.ordnen(Main.java:43)
	at Main.ordnen(Main.java:44)
	at Main.ordnen(Main.java:43)
	at Main.ordnen(Main.java:44)
	at Main.ordnen(Main.java:43)
	at Main.ordnen(Main.java:44)
	at Main.ordnen(Main.java:43)
	at Main.ordnen(Main.java:44)
	at Main.ordnen(Main.java:43)
	at Main.ordnen(Main.java:44)
	at Main.ordnen(Main.java:43)
	at Main.ordnen(Main.java:44)
	at Main.ordnen(Main.java:43)
	at Main.ordnen(Main.java:44)
	at Main.ordnen(Main.java:43)
	at Main.ordnen(Main.java:44)
	at Main.ordnen(Main.java:43)
	at Main.ordnen(Main.java:44)
	at Main.ordnen(Main.java:43)
	at Main.ordnen(Main.java:44)
	at Main.ordnen(Main.java:43)
	at Main.ordnen(Main.java:44)
	at Main.ordnen(Main.java:43)
	at Main.ordnen(Main.java:44)
	at Main.ordnen(Main.java:43)
	at Main.ordnen(Main.java:44)
	at Main.ordnen(Main.java:43)
	at Main.ordnen(Main.java:44)
	at Main.ordnen(Main.java:43)
	at Main.ordnen(Main.java:44)
	at Main.ordnen(Main.java:43)
	at Main.ordnen(Main.java:44)
	at Main.ordnen(Main.java:43)
	at Main.ordnen(Main.java:44)
	at Main.ordnen(Main.java:43)
	at Main.ordnen(Main.java:44)
	at Main.ordnen(Main.java:43)
	at Main.ordnen(Main.java:44)
	at Main.ordnen(Main.java:43)
	at Main.ordnen(Main.java:44)
	at Main.ordnen(Main.java:43)
	at Main.ordnen(Main.java:44)
	at Main.ordnen(Main.java:43)
	at Main.ordnen(Main.java:44)
	at Main.ordnen(Main.java:43)
	at Main.ordnen(Main.java:44)
	at Main.ordnen(Main.java:43)
	at Main.ordnen(Main.java:44)
	at Main.ordnen(Main.java:43)
	at Main.ordnen(Main.java:44)
	at Main.ordnen(Main.java:43)
	at Main.ordnen(Main.java:44)
	at Main.ordnen(Main.java:43)
	at Main.ordnen(Main.java:44)
	at Main.ordnen(Main.java:43)
	at Main.ordnen(Main.java:44)
	at Main.ordnen(Main.java:43)
	at Main.ordnen(Main.java:44)
	at Main.ordnen(Main.java:43)
	at Main.ordnen(Main.java:44)
	at Main.ordnen(Main.java:43)
	at Main.ordnen(Main.java:44)
	at Main.ordnen(Main.java:43)
	at Main.ordnen(Main.java:44)
	at Main.ordnen(Main.java:43)
	at Main.ordnen(Main.java:44)
	at Main.ordnen(Main.java:43)
	at Main.ordnen(Main.java:44)
	at Main.ordnen(Main.java:43)
	at Main.ordnen(Main.java:44)
	at Main.ordnen(Main.java:43)
	at Main.ordnen(Main.java:44)
	at Main.ordnen(Main.java:43)
	at Main.ordnen(Main.java:44)
	at Main.ordnen(Main.java:43)
	at Main.ordnen(Main.java:44)
	at Main.ordnen(Main.java:43)
	at Main.ordnen(Main.java:44)
	at Main.ordnen(Main.java:43)
	at Main.ordnen(Main.java:44)
	at Main.ordnen(Main.java:43)
	at Main.ordnen(Main.java:44)
	at Main.ordnen(Main.java:43)
	at Main.ordnen(Main.java:44)
	at Main.ordnen(Main.java:43)
	at Main.ordnen(Main.java:44)
	at Main.ordnen(Main.java:43)
	at Main.ordnen(Main.java:44)

Rules:

1. Focus on exactly ONE method or function if possible.
2. The ""replace"" content must be the complete original buggy function or method copied exactly from the student code.
3. The ""with"" content must be the corrected complete version of that same function/method.
4. Do not include main code, test code, markdown, prose inside JSON values.
5. Do not return just a code fragment like a loop, an if block, statement or expression.
6. If you are unable to identify one exact full function/method to replace, then set:
    - ""target_function"" : ""UNKNOWN""
    - ""replace"" : """"
    - ""with"" : """"

Return valid JSON only with exactly these keys:
{
""diagnosis"": ""1-3 short sentences"",
""hints"": [""hint 1"", ""hint 2"", ""hint 3""],
""target_function"": ""function name or UNKNOWN"",
""replace"": ""exact original full function/method or empty string"",
""with"": ""corrected full function/method or empty string""
}","{
""diagnosis"": ""Your quicksort always picks the last element as pivot, which causes worst-case O(n^2) stack depth on already sorted or reverse arrays, leading to StackOverflowError. To fix this, randomize the pivot selection in partition()."",
""hints"": [
""Randomly select a pivot index between links and rechts, and swap it with arr[rechts] before partitioning."",
""This prevents worst-case recursion depth on sorted or nearly sorted arrays."",
""Use java.util.Random to generate the random pivot index.""
],
""target_function"": ""partition"",
""replace"": ""int partition(int arr[], int links, int rechts) {\n\tint pivot = arr[rechts];\n\tint i = (links - 1);\n\tfor (int j = links; j < rechts; j++) {\n\t\tif (arr[j] < pivot) {\n\t\t\ti++;\n\n\t\t\tint temp = arr[i];\n\t\t\tarr[i] = arr[j];\n\t\t\tarr[j] = temp;\n\t\t}\n\t}\n\n\tint temp = arr[i + 1];\n\tarr[i + 1] = arr[rechts];\n\tarr[rechts] = temp;\n\n\treturn i + 1;\n}"",
""with"": ""int partition(int arr[], int links, int rechts) {\n\tjava.util.Random rand = new java.util.Random();\n\tint pivotIndex = links + rand.nextInt(rechts - links + 1);\n\tint tempPivot = arr[pivotIndex];\n\tarr[pivotIndex] = arr[rechts];\n\tarr[rechts] = tempPivot;\n\n\tint pivot = arr[rechts];\n\tint i = (links - 1);\n\tfor (int j = links; j < rechts; j++) {\n\t\tif (arr[j] < pivot) {\n\t\t\ti++;\n\t\t\tint temp = arr[i];\n\t\t\tarr[i] = arr[j];\n\t\t\tarr[j] = temp;\n\t\t}\n\t}\n\n\tint temp = arr[i + 1];\n\tarr[i + 1] = arr[rechts];\n\tarr[rechts] = temp;\n\n\treturn i + 1;\n}""
}",direct_json,"Your quicksort always picks the last element as pivot, which causes worst-case O(n^2) stack depth on already sorted or reverse arrays, leading to StackOverflowError. To fix this, randomize the pivot selection in partition().","['Randomly select a pivot index between links and rechts, and swap it with arr[rechts] before partitioning.', 'This prevents worst-case recursion depth on sorted or nearly sorted arrays.', 'Use java.util.Random to generate the random pivot index.']",partition,"int partition(int arr[], int links, int rechts) {
	int pivot = arr[rechts];
	int i = (links - 1);
	for (int j = links; j < rechts; j++) {
		if (arr[j] < pivot) {
			i++;

			int temp = arr[i];
			arr[i] = arr[j];
			arr[j] = temp;
		}
	}

	int temp = arr[i + 1];
	arr[i + 1] = arr[rechts];
	arr[rechts] = temp;

	return i + 1;
}","int partition(int arr[], int links, int rechts) {
	java.util.Random rand = new java.util.Random();
	int pivotIndex = links + rand.nextInt(rechts - links + 1);
	int tempPivot = arr[pivotIndex];
	arr[pivotIndex] = arr[rechts];
	arr[rechts] = tempPivot;

	int pivot = arr[rechts];
	int i = (links - 1);
	for (int j = links; j < rechts; j++) {
		if (arr[j] < pivot) {
			i++;
			int temp = arr[i];
			arr[i] = arr[j];
			arr[j] = temp;
		}
	}

	int temp = arr[i + 1];
	arr[i + 1] = arr[rechts];
	arr[rechts] = temp;

	return i + 1;
}"
84,20_21-1-2-java,PS3U2NU6,java,1,0.0,runtime_error,"You are a programming tutor.

A student's solution failed tests. Your task is to identify ONE local bug and propose ONE small fix.

Attempt: 1
Approach: Choose the single most likely minimal fix.

Programming language: java
Guessed bug type: runtime_error


    For runtime-error bugs:
    - Check the error message to identify the exact failing access or operation.
    - Check for missing base cases, null checks, invalid parent-child references, and bad index updates.
    - Prioritize fixing the root cause inside one method instead of adding code everywhere to fix it.
    - If the task is a list, tree or array structure then preserve structure invariants after the change.
    

Task title: Sorting (Java)
Task description:
Input: An array $A = [a_1, a_2,...,a_n]$ with $2 \leq n \leq 10^6$
and $\forall 1\leq i \leq n: -10^6 \leq a_i \leq 10^6$

Output:  Array A sorted in ascending order: $A = [a_1, a_2,...,a_n]$,
where $\forall 1 \leq i \leq j \leq n: \; a[i] \leq a[j]$

Implement a sorting procedure in the function ""solution"", which takes
as argument an array ""A"".  Your procedure should
either have a worst-case run time of $O(n \; log \; n)$ or an
average-case run time of $O(n \; log \; n)$ (this should be guaranteed by
randomization). Your solution must not contain the string
""sort"" and ""numpy"" as substring. Importing the random
library is explicitly allowed!

Hint:

Make absolutely sure that you randomize your algorithm using the
Java Random Library. You can ignore this hint
if your implementation has a worst-case runtime of $O(n \; log \; n)$.

Student code currently passes 5/6 tests and fails 1/6 tests.

Student code:
```java
int randPartition(int[] A, int l, int r) {
    int i = r-1;
    int temp = A[i];
    A[i] = A[r];
    A[r] = temp;
    return(partition(A,l,r));
}

int partition(int[] A,int l,int r) {
    int x = A[r];
    int i = l-1;
    for(int j = l;j<r;j++) {
        if(A[j]<=x) {
            i++;
            int t = A[i];
            A[i] = A[j];
            A[j] = t;
        }
    }
    int temp = A[i+1];
    A[i+1] = A[r];
    A[r] = temp;
    return i+1;
}

int[] quick(int[] A, int l, int r) {
    if(l<r) {
        int p = randPartition(A,l,r);
        A = quick(A,l,p-1);
        A = quick(A,p+1,r);
    }
    return A;
}


int [] solution(int arr[]) {
    return quick(arr,0,arr.length-1);
}

Task skeleton (if present):
int [] solution(int arr[]) {
    return;
}

Reference answer (for understanding intent only; do not copy whole program unless the whole student solution is only one function/method):
int [] solution(int arr[]){
    Arrays.sort(arr);
    return arr;
}

First failed test:

- test number: 6.0
- expected output: true
- actual output: 
- error message: Exception in thread ""main"" java.lang.StackOverflowError
	at Main.quick(Main.java:40)
	at Main.quick(Main.java:40)
	at Main.quick(Main.java:41)
	at Main.quick(Main.java:40)
	at Main.quick(Main.java:41)
	at Main.quick(Main.java:40)
	at Main.quick(Main.java:41)
	at Main.quick(Main.java:40)
	at Main.quick(Main.java:41)
	at Main.quick(Main.java:40)
	at Main.quick(Main.java:41)
	at Main.quick(Main.java:40)
	at Main.quick(Main.java:41)
	at Main.quick(Main.java:40)
	at Main.quick(Main.java:41)
	at Main.quick(Main.java:40)
	at Main.quick(Main.java:41)
	at Main.quick(Main.java:40)
	at Main.quick(Main.java:41)
	at Main.quick(Main.java:40)
	at Main.quick(Main.java:41)
	at Main.quick(Main.java:40)
	at Main.quick(Main.java:41)
	at Main.quick(Main.java:40)
	at Main.quick(Main.java:41)
	at Main.quick(Main.java:40)
	at Main.quick(Main.java:41)
	at Main.quick(Main.java:40)
	at Main.quick(Main.java:41)
	at Main.quick(Main.java:40)
	at Main.quick(Main.java:41)
	at Main.quick(Main.java:40)
	at Main.quick(Main.java:41)
	at Main.quick(Main.java:40)
	at Main.quick(Main.java:41)
	at Main.quick(Main.java:40)
	at Main.quick(Main.java:41)
	at Main.quick(Main.java:40)
	at Main.quick(Main.java:41)
	at Main.quick(Main.java:40)
	at Main.quick(Main.java:41)
	at Main.quick(Main.java:40)
	at Main.quick(Main.java:41)
	at Main.quick(Main.java:40)
	at Main.quick(Main.java:41)
	at Main.quick(Main.java:40)
	at Main.quick(Main.java:41)
	at Main.quick(Main.java:40)
	at Main.quick(Main.java:41)
	at Main.quick(Main.java:40)
	at Main.quick(Main.java:41)
	at Main.quick(Main.java:40)
	at Main.quick(Main.java:41)
	at Main.quick(Main.java:40)
	at Main.quick(Main.java:41)
	at Main.quick(Main.java:40)
	at Main.quick(Main.java:41)
	at Main.quick(Main.java:40)
	at Main.quick(Main.java:41)
	at Main.quick(Main.java:40)
	at Main.quick(Main.java:41)
	at Main.quick(Main.java:40)
	at Main.quick(Main.java:41)
	at Main.quick(Main.java:40)
	at Main.quick(Main.java:41)
	at Main.quick(Main.java:40)
	at Main.quick(Main.java:41)
	at Main.quick(Main.java:40)
	at Main.quick(Main.java:41)
	at Main.quick(Main.java:40)
	at Main.quick(Main.java:41)
	at Main.quick(Main.java:40)
	at Main.quick(Main.java:41)
	at Main.quick(Main.java:40)
	at Main.quick(Main.java:41)
	at Main.quick(Main.java:40)
	at Main.quick(Main.java:41)
	at Main.quick(Main.java:40)
	at Main.quick(Main.java:41)
	at Main.quick(Main.java:40)
	at Main.quick(Main.java:41)
	at Main.quick(Main.java:40)
	at Main.quick(Main.java:41)
	at Main.quick(Main.java:40)
	at Main.quick(Main.java:41)
	at Main.quick(Main.java:40)
	at Main.quick(Main.java:41)
	at Main.quick(Main.java:40)
	at Main.quick(Main.java:41)
	at Main.quick(Main.java:40)
	at Main.quick(Main.java:41)
	at Main.quick(Main.java:40)
	at Main.quick(Main.java:41)
	at Main.quick(Main.java:40)
	at Main.quick(Main.java:41)
	at Main.quick(Main.java:40)
	at Main.quick(Main.java:41)
	at Main.quick(Main.java:40)
	at Main.quick(Main.java:41)
	at Main.quick(Main.java:40)
	at Main.quick(Main.java:41)
	at Main.quick(Main.java:40)
	at Main.quick(Main.java:41)
	at Main.quick(Main.java:40)
	at Main.quick(Main.java:41)
	at Main.quick(Main.java:40)
	at Main.quick(Main.java:41)
	at Main.quick(Main.java:40)
	at Main.quick(Main.java:41)
	at Main.quick(Main.java:40)
	at Main.quick(Main.java:41)
	at Main.quick(Main.java:40)
	at Main.quick(Main.java:41)
	at Main.quick(Main.java:40)
	at Main.quick(Main.java:41)
	at Main.quick(Main.java:40)
	at Main.quick(Main.java:41)
	at Main.quick(Main.java:40)
	at Main.quick(Main.java:41)
	at Main.quick(Main.java:40)
	at Main.quick(Main.java:41)
	at Main.quick(Main.java:40)
	at Main.quick(Main.java:41)
	at Main.quick(Main.java:40)
	at Main.quick(Main.java:41)
	at Main.quick(Main.java:40)
	at Main.quick(Main.java:41)
	at Main.quick(Main.java:40)
	at Main.quick(Main.java:41)
	at Main.quick(Main.java:40)
	at Main.quick(Main.java:41)
	at Main.quick(Main.java:40)
	at Main.quick(Main.java:41)
	at Main.quick(Main.java:40)
	at Main.quick(Main.java:41)
	at Main.quick(Main.java:40)
	at Main.quick(Main.java:41)
	at Main.quick(Main.java:40)
	at Main.quick(Main.java:41)
	at Main.quick(Main.java:40)
	at Main.quick(Main.java:41)
	at Main.quick(Main.java:40)
	at Main.quick(Main.java:41)
	at Main.quick(Main.java:40)
	at Main.quick(Main.java:41)
	at Main.quick(Main.java:40)
	at Main.quick(Main.java:41)
	at Main.quick(Main.java:40)
	at Main.quick(Main.java:41)
	at Main.quick(Main.java:40)
	at Main.quick(Main.java:41)
	at Main.quick(Main.java:40)
	at Main.quick(Main.java:41)
	at Main.quick(Main.java:40)
	at Main.quick(Main.java:41)
	at Main.quick(Main.java:40)
	at Main.quick(Main.java:41)
	at Main.quick(Main.java:40)
	at Main.quick(Main.java:41)
	at Main.quick(Main.java:40)
	at Main.quick(Main.java:41)
	at Main.quick(Main.java:40)
	at Main.quick(Main.java:41)
	at Main.quick(Main.java:40)
	at Main.quick(Main.java:41)
	at Main.quick(Main.java:40)
	at Main.quick(Main.java:41)
	at Main.quick(Main.java:40)
	at Main.quick(Main.java:41)
	at Main.quick(Main.java:40)
	at Main.quick(Main.java:41)
	at Main.quick(Main.java:40)
	at Main.quick(Main.java:41)
	at Main.quick(Main.java:40)
	at Main.quick(Main.java:41)
	at Main.quick(Main.java:40)
	at Main.quick(Main.java:41)
	at Main.quick(Main.java:40)
	at Main.quick(Main.java:41)
	at Main.quick(Main.java:40)
	at Main.quick(Main.java:41)
	at Main.quick(Main.java:40)
	at Main.quick(Main.java:41)
	at Main.quick(Main.java:40)
	at Main.quick(Main.java:41)
	at Main.quick(Main.java:40)
	at Main.quick(Main.java:41)
	at Main.quick(Main.java:40)
	at Main.quick(Main.java:41)
	at Main.quick(Main.java:40)
	at Main.quick(Main.java:41)
	at Main.quick(Main.java:40)
	at Main.quick(Main.java:41)
	at Main.quick(Main.java:40)
	at Main.quick(Main.java:41)
	at Main.quick(Main.java:40)
	at Main.quick(Main.java:41)
	at Main.quick(Main.java:40)
	at Main.quick(Main.java:41)
	at Main.quick(Main.java:40)
	at Main.quick(Main.java:41)
	at Main.quick(Main.java:40)
	at Main.quick(Main.java:41)
	at Main.quick(Main.java:40)
	at Main.quick(Main.java:41)
	at Main.quick(Main.java:40)
	at Main.quick(Main.java:41)
	at Main.quick(Main.java:40)
	at Main.quick(Main.java:41)
	at Main.quick(Main.java:40)
	at Main.quick(Main.java:41)
	at Main.quick(Main.java:40)
	at Main.quick(Main.java:41)
	at Main.quick(Main.java:40)
	at Main.quick(Main.java:41)
	at Main.quick(Main.java:40)
	at Main.quick(Main.java:41)
	at Main.quick(Main.java:40)
	at Main.quick(Main.java:41)
	at Main.quick(Main.java:40)
	at Main.quick(Main.java:41)
	at Main.quick(Main.java:40)
	at Main.quick(Main.java:41)
	at Main.quick(Main.java:40)
	at Main.quick(Main.java:41)
	at Main.quick(Main.java:40)
	at Main.quick(Main.java:41)
	at Main.quick(Main.java:40)
	at Main.quick(Main.java:41)
	at Main.quick(Main.java:40)
	at Main.quick(Main.java:41)
	at Main.quick(Main.java:40)
	at Main.quick(Main.java:41)
	at Main.quick(Main.java:40)
	at Main.quick(Main.java:41)
	at Main.quick(Main.java:40)
	at Main.quick(Main.java:41)
	at Main.quick(Main.java:40)
	at Main.quick(Main.java:41)
	at Main.quick(Main.java:40)
	at Main.quick(Main.java:41)
	at Main.quick(Main.java:40)
	at Main.quick(Main.java:41)
	at Main.quick(Main.java:40)
	at Main.quick(Main.java:41)
	at Main.quick(Main.java:40)
	at Main.quick(Main.java:41)
	at Main.quick(Main.java:40)
	at Main.quick(Main.java:41)
	at Main.quick(Main.java:40)
	at Main.quick(Main.java:41)
	at Main.quick(Main.java:40)
	at Main.quick(Main.java:41)
	at Main.quick(Main.java:40)
	at Main.quick(Main.java:41)
	at Main.quick(Main.java:40)
	at Main.quick(Main.java:41)
	at Main.quick(Main.java:40)
	at Main.quick(Main.java:41)
	at Main.quick(Main.java:40)
	at Main.quick(Main.java:41)
	at Main.quick(Main.java:40)
	at Main.quick(Main.java:41)
	at Main.quick(Main.java:40)
	at Main.quick(Main.java:41)
	at Main.quick(Main.java:40)
	at Main.quick(Main.java:41)
	at Main.quick(Main.java:40)
	at Main.quick(Main.java:41)
	at Main.quick(Main.java:40)
	at Main.quick(Main.java:41)
	at Main.quick(Main.java:40)
	at Main.quick(Main.java:41)
	at Main.quick(Main.java:40)
	at Main.quick(Main.java:41)
	at Main.quick(Main.java:40)
	at Main.quick(Main.java:41)
	at Main.quick(Main.java:40)
	at Main.quick(Main.java:41)
	at Main.quick(Main.java:40)
	at Main.quick(Main.java:41)
	at Main.quick(Main.java:40)
	at Main.quick(Main.java:41)
	at Main.quick(Main.java:40)
	at Main.quick(Main.java:41)
	at Main.quick(Main.java:40)
	at Main.quick(Main.java:41)
	at Main.quick(Main.java:40)
	at Main.quick(Main.java:41)
	at Main.quick(Main.java:40)
	at Main.quick(Main.java:41)
	at Main.quick(Main.java:40)
	at Main.quick(Main.java:41)
	at Main.quick(Main.java:40)
	at Main.quick(Main.java:41)
	at Main.quick(Main.java:40)
	at Main.quick(Main.java:41)
	at Main.quick(Main.java:40)
	at Main.quick(Main.java:41)
	at Main.quick(Main.java:40)
	at Main.quick(Main.java:41)
	at Main.quick(Main.java:40)
	at Main.quick(Main.java:41)
	at Main.quick(Main.java:40)
	at Main.quick(Main.java:41)
	at Main.quick(Main.java:40)
	at Main.quick(Main.java:41)
	at Main.quick(Main.java:40)
	at Main.quick(Main.java:41)
	at Main.quick(Main.java:40)
	at Main.quick(Main.java:41)
	at Main.quick(Main.java:40)
	at Main.quick(Main.java:41)
	at Main.quick(Main.java:40)
	at Main.quick(Main.java:41)
	at Main.quick(Main.java:40)
	at Main.quick(Main.java:41)
	at Main.quick(Main.java:40)
	at Main.quick(Main.java:41)
	at Main.quick(Main.java:40)
	at Main.quick(Main.java:41)
	at Main.quick(Main.java:40)
	at Main.quick(Main.java:41)
	at Main.quick(Main.java:40)
	at Main.quick(Main.java:41)
	at Main.quick(Main.java:40)
	at Main.quick(Main.java:41)
	at Main.quick(Main.java:40)
	at Main.quick(Main.java:41)
	at Main.quick(Main.java:40)
	at Main.quick(Main.java:41)
	at Main.quick(Main.java:40)
	at Main.quick(Main.java:41)
	at Main.quick(Main.java:40)
	at Main.quick(Main.java:41)
	at Main.quick(Main.java:40)
	at Main.quick(Main.java:41)
	at Main.quick(Main.java:40)
	at Main.quick(Main.java:41)
	at Main.quick(Main.java:40)
	at Main.quick(Main.java:41)
	at Main.quick(Main.java:40)
	at Main.quick(Main.java:41)
	at Main.quick(Main.java:40)
	at Main.quick(Main.java:41)
	at Main.quick(Main.java:40)
	at Main.quick(Main.java:41)
	at Main.quick(Main.java:40)
	at Main.quick(Main.java:41)
	at Main.quick(Main.java:40)
	at Main.quick(Main.java:41)
	at Main.quick(Main.java:40)
	at Main.quick(Main.java:41)
	at Main.quick(Main.java:40)
	at Main.quick(Main.java:41)
	at Main.quick(Main.java:40)
	at Main.quick(Main.java:41)
	at Main.quick(Main.java:40)
	at Main.quick(Main.java:41)
	at Main.quick(Main.java:40)
	at Main.quick(Main.java:41)
	at Main.quick(Main.java:40)
	at Main.quick(Main.java:41)
	at Main.quick(Main.java:40)
	at Main.quick(Main.java:41)
	at Main.quick(Main.java:40)
	at Main.quick(Main.java:41)
	at Main.quick(Main.java:40)
	at Main.quick(Main.java:41)
	at Main.quick(Main.java:40)
	at Main.quick(Main.java:41)
	at Main.quick(Main.java:40)
	at Main.quick(Main.java:41)
	at Main.quick(Main.java:40)
	at Main.quick(Main.java:41)
	at Main.quick(Main.java:40)
	at Main.quick(Main.java:41)
	at Main.quick(Main.java:40)
	at Main.quick(Main.java:41)
	at Main.quick(Main.java:40)
	at Main.quick(Main.java:41)
	at Main.quick(Main.java:40)
	at Main.quick(Main.java:41)
	at Main.quick(Main.java:40)
	at Main.quick(Main.java:41)
	at Main.quick(Main.java:40)
	at Main.quick(Main.java:41)
	at Main.quick(Main.java:40)
	at Main.quick(Main.java:41)
	at Main.quick(Main.java:40)
	at Main.quick(Main.java:41)
	at Main.quick(Main.java:40)
	at Main.quick(Main.java:41)
	at Main.quick(Main.java:40)
	at Main.quick(Main.java:41)
	at Main.quick(Main.java:40)
	at Main.quick(Main.java:41)
	at Main.quick(Main.java:40)
	at Main.quick(Main.java:41)
	at Main.quick(Main.java:40)
	at Main.quick(Main.java:41)
	at Main.quick(Main.java:40)
	at Main.quick(Main.java:41)
	at Main.quick(Main.java:40)
	at Main.quick(Main.java:41)
	at Main.quick(Main.java:40)
	at Main.quick(Main.java:41)
	at Main.quick(Main.java:40)
	at Main.quick(Main.java:41)
	at Main.quick(Main.java:40)
	at Main.quick(Main.java:41)
	at Main.quick(Main.java:40)
	at Main.quick(Main.java:41)
	at Main.quick(Main.java:40)
	at Main.quick(Main.java:41)
	at Main.quick(Main.java:40)
	at Main.quick(Main.java:41)
	at Main.quick(Main.java:40)
	at Main.quick(Main.java:41)
	at Main.quick(Main.java:40)
	at Main.quick(Main.java:41)
	at Main.quick(Main.java:40)
	at Main.quick(Main.java:41)
	at Main.quick(Main.java:40)
	at Main.quick(Main.java:41)
	at Main.quick(Main.java:40)
	at Main.quick(Main.java:41)
	at Main.quick(Main.java:40)
	at Main.quick(Main.java:41)
	at Main.quick(Main.java:40)
	at Main.quick(Main.java:41)
	at Main.quick(Main.java:40)
	at Main.quick(Main.java:41)
	at Main.quick(Main.java:40)
	at Main.quick(Main.java:41)
	at Main.quick(Main.java:40)
	at Main.quick(Main.java:41)
	at Main.quick(Main.java:40)
	at Main.quick(Main.java:41)
	at Main.quick(Main.java:40)
	at Main.quick(Main.java:41)
	at Main.quick(Main.java:40)
	at Main.quick(Main.java:41)
	at Main.quick(Main.java:40)
	at Main.quick(Main.java:41)
	at Main.quick(Main.java:40)
	at Main.quick(Main.java:41)
	at Main.quick(Main.java:40)
	at Main.quick(Main.java:41)
	at Main.quick(Main.java:40)
	at Main.quick(Main.java:41)
	at Main.quick(Main.java:40)
	at Main.quick(Main.java:41)
	at Main.quick(Main.java:40)
	at Main.quick(Main.java:41)
	at Main.quick(Main.java:40)
	at Main.quick(Main.java:41)
	at Main.quick(Main.java:40)
	at Main.quick(Main.java:41)
	at Main.quick(Main.java:40)
	at Main.quick(Main.java:41)
	at Main.quick(Main.java:40)
	at Main.quick(Main.java:41)
	at Main.quick(Main.java:40)
	at Main.quick(Main.java:41)
	at Main.quick(Main.java:40)
	at Main.quick(Main.java:41)
	at Main.quick(Main.java:40)
	at Main.quick(Main.java:41)
	at Main.quick(Main.java:40)
	at Main.quick(Main.java:41)
	at Main.quick(Main.java:40)
	at Main.quick(Main.java:41)
	at Main.quick(Main.java:40)
	at Main.quick(Main.java:41)
	at Main.quick(Main.java:40)
	at Main.quick(Main.java:41)
	at Main.quick(Main.java:40)
	at Main.quick(Main.java:41)
	at Main.quick(Main.java:40)
	at Main.quick(Main.java:41)
	at Main.quick(Main.java:40)
	at Main.quick(Main.java:41)
	at Main.quick(Main.java:40)
	at Main.quick(Main.java:41)
	at Main.quick(Main.java:40)
	at Main.quick(Main.java:41)
	at Main.quick(Main.java:40)
	at Main.quick(Main.java:41)
	at Main.quick(Main.java:40)
	at Main.quick(Main.java:41)
	at Main.quick(Main.java:40)
	at Main.quick(Main.java:41)
	at Main.quick(Main.java:40)
	at Main.quick(Main.java:41)
	at Main.quick(Main.java:40)
	at Main.quick(Main.java:41)
	at Main.quick(Main.java:40)
	at Main.quick(Main.java:41)
	at Main.quick(Main.java:40)
	at Main.quick(Main.java:41)
	at Main.quick(Main.java:40)
	at Main.quick(Main.java:41)
	at Main.quick(Main.java:40)
	at Main.quick(Main.java:41)
	at Main.quick(Main.java:40)
	at Main.quick(Main.java:41)
	at Main.quick(Main.java:40)
	at Main.quick(Main.java:41)
	at Main.quick(Main.java:40)
	at Main.quick(Main.java:41)
	at Main.quick(Main.java:40)
	at Main.quick(Main.java:41)
	at Main.quick(Main.java:40)
	at Main.quick(Main.java:41)
	at Main.quick(Main.java:40)
	at Main.quick(Main.java:41)
	at Main.quick(Main.java:40)
	at Main.quick(Main.java:41)
	at Main.quick(Main.java:40)
	at Main.quick(Main.java:41)
	at Main.quick(Main.java:40)
	at Main.quick(Main.java:41)
	at Main.quick(Main.java:40)
	at Main.quick(Main.java:41)
	at Main.quick(Main.java:40)
	at Main.quick(Main.java:41)
	at Main.quick(Main.java:40)
	at Main.quick(Main.java:41)
	at Main.quick(Main.java:40)
	at Main.quick(Main.java:41)
	at Main.quick(Main.java:40)
	at Main.quick(Main.java:41)
	at Main.quick(Main.java:40)
	at Main.quick(Main.java:41)
	at Main.quick(Main.java:40)
	at Main.quick(Main.java:41)
	at Main.quick(Main.java:40)
	at Main.quick(Main.java:41)
	at Main.quick(Main.java:40)
	at Main.quick(Main.java:41)
	at Main.quick(Main.java:40)
	at Main.quick(Main.java:41)
	at Main.quick(Main.java:40)
	at Main.quick(Main.java:41)
	at Main.quick(Main.java:40)
	at Main.quick(Main.java:41)
	at Main.quick(Main.java:40)
	at Main.quick(Main.java:41)
	at Main.quick(Main.java:40)
	at Main.quick(Main.java:41)
	at Main.quick(Main.java:40)
	at Main.quick(Main.java:41)
	at Main.quick(Main.java:40)
	at Main.quick(Main.java:41)
	at Main.quick(Main.java:40)
	at Main.quick(Main.java:41)
	at Main.quick(Main.java:40)
	at Main.quick(Main.java:41)
	at Main.quick(Main.java:40)
	at Main.quick(Main.java:41)
	at Main.quick(Main.java:40)
	at Main.quick(Main.java:41)
	at Main.quick(Main.java:40)
	at Main.quick(Main.java:41)
	at Main.quick(Main.java:40)
	at Main.quick(Main.java:41)
	at Main.quick(Main.java:40)
	at Main.quick(Main.java:41)
	at Main.quick(Main.java:40)
	at Main.quick(Main.java:41)
	at Main.quick(Main.java:40)
	at Main.quick(Main.java:41)
	at Main.quick(Main.java:40)
	at Main.quick(Main.java:41)
	at Main.quick(Main.java:40)
	at Main.quick(Main.java:41)
	at Main.quick(Main.java:40)
	at Main.quick(Main.java:41)
	at Main.quick(Main.java:40)
	at Main.quick(Main.java:41)
	at Main.quick(Main.java:40)
	at Main.quick(Main.java:41)
	at Main.quick(Main.java:40)
	at Main.quick(Main.java:41)
	at Main.quick(Main.java:40)
	at Main.quick(Main.java:41)
	at Main.quick(Main.java:40)
	at Main.quick(Main.java:41)
	at Main.quick(Main.java:40)
	at Main.quick(Main.java:41)
	at Main.quick(Main.java:40)
	at Main.quick(Main.java:41)
	at Main.quick(Main.java:40)
	at Main.quick(Main.java:41)
	at Main.quick(Main.java:40)
	at Main.quick(Main.java:41)
	at Main.quick(Main.java:40)
	at Main.quick(Main.java:41)
	at Main.quick(Main.java:40)
	at Main.quick(Main.java:41)
	at Main.quick(Main.java:40)
	at Main.quick(Main.java:41)
	at Main.quick(Main.java:40)
	at Main.quick(Main.java:41)
	at Main.quick(Main.java:40)
	at Main.quick(Main.java:41)
	at Main.quick(Main.java:40)
	at Main.quick(Main.java:41)
	at Main.quick(Main.java:40)
	at Main.quick(Main.java:41)
	at Main.quick(Main.java:40)
	at Main.quick(Main.java:41)
	at Main.quick(Main.java:40)
	at Main.quick(Main.java:41)
	at Main.quick(Main.java:40)
	at Main.quick(Main.java:41)
	at Main.quick(Main.java:40)
	at Main.quick(Main.java:41)
	at Main.quick(Main.java:40)
	at Main.quick(Main.java:41)
	at Main.quick(Main.java:40)
	at Main.quick(Main.java:41)
	at Main.quick(Main.java:40)
	at Main.quick(Main.java:41)
	at Main.quick(Main.java:40)
	at Main.quick(Main.java:41)
	at Main.quick(Main.java:40)
	at Main.quick(Main.java:41)
	at Main.quick(Main.java:40)
	at Main.quick(Main.java:41)
	at Main.quick(Main.java:40)
	at Main.quick(Main.java:41)
	at Main.quick(Main.java:40)
	at Main.quick(Main.java:41)
	at Main.quick(Main.java:40)
	at Main.quick(Main.java:41)
	at Main.quick(Main.java:40)
	at Main.quick(Main.java:41)
	at Main.quick(Main.java:40)
	at Main.quick(Main.java:41)
	at Main.quick(Main.java:40)
	at Main.quick(Main.java:41)
	at Main.quick(Main.java:40)
	at Main.quick(Main.java:41)
	at Main.quick(Main.java:40)
	at Main.quick(Main.java:41)
	at Main.quick(Main.java:40)
	at Main.quick(Main.java:41)
	at Main.quick(Main.java:40)
	at Main.quick(Main.java:41)
	at Main.quick(Main.java:40)
	at Main.quick(Main.java:41)
	at Main.quick(Main.java:40)
	at Main.quick(Main.java:41)
	at Main.quick(Main.java:40)
	at Main.quick(Main.java:41)
	at Main.quick(Main.java:40)
	at Main.quick(Main.java:41)
	at Main.quick(Main.java:40)
	at Main.quick(Main.java:41)
	at Main.quick(Main.java:40)
	at Main.quick(Main.java:41)
	at Main.quick(Main.java:40)
	at Main.quick(Main.java:41)
	at Main.quick(Main.java:40)
	at Main.quick(Main.java:41)
	at Main.quick(Main.java:40)
	at Main.quick(Main.java:41)
	at Main.quick(Main.java:40)
	at Main.quick(Main.java:41)
	at Main.quick(Main.java:40)
	at Main.quick(Main.java:41)
	at Main.quick(Main.java:40)
	at Main.quick(Main.java:41)
	at Main.quick(Main.java:40)
	at Main.quick(Main.java:41)
	at Main.quick(Main.java:40)
	at Main.quick(Main.java:41)
	at Main.quick(Main.java:40)
	at Main.quick(Main.java:41)
	at Main.quick(Main.java:40)
	at Main.quick(Main.java:41)
	at Main.quick(Main.java:40)
	at Main.quick(Main.java:41)
	at Main.quick(Main.java:40)
	at Main.quick(Main.java:41)
	at Main.quick(Main.java:40)
	at Main.quick(Main.java:41)
	at Main.quick(Main.java:40)
	at Main.quick(Main.java:41)
	at Main.quick(Main.java:40)
	at Main.quick(Main.java:41)
	at Main.quick(Main.java:40)
	at Main.quick(Main.java:41)
	at Main.quick(Main.java:40)
	at Main.quick(Main.java:41)
	at Main.quick(Main.java:40)
	at Main.quick(Main.java:41)
	at Main.quick(Main.java:40)
	at Main.quick(Main.java:41)
	at Main.quick(Main.java:40)
	at Main.quick(Main.java:41)
	at Main.quick(Main.java:40)
	at Main.quick(Main.java:41)
	at Main.quick(Main.java:40)
	at Main.quick(Main.java:41)
	at Main.quick(Main.java:40)
	at Main.quick(Main.java:41)
	at Main.quick(Main.java:40)
	at Main.quick(Main.java:41)
	at Main.quick(Main.java:40)
	at Main.quick(Main.java:41)
	at Main.quick(Main.java:40)
	at Main.quick(Main.java:41)
	at Main.quick(Main.java:40)
	at Main.quick(Main.java:41)
	at Main.quick(Main.java:40)
	at Main.quick(Main.java:41)
	at Main.quick(Main.java:40)
	at Main.quick(Main.java:41)
	at Main.quick(Main.java:40)
	at Main.quick(Main.java:41)
	at Main.quick(Main.java:40)
	at Main.quick(Main.java:41)
	at Main.quick(Main.java:40)
	at Main.quick(Main.java:41)
	at Main.quick(Main.java:40)
	at Main.quick(Main.java:41)
	at Main.quick(Main.java:40)
	at Main.quick(Main.java:41)
	at Main.quick(Main.java:40)
	at Main.quick(Main.java:41)
	at Main.quick(Main.java:40)
	at Main.quick(Main.java:41)
	at Main.quick(Main.java:40)
	at Main.quick(Main.java:41)
	at Main.quick(Main.java:40)
	at Main.quick(Main.java:41)
	at Main.quick(Main.java:40)
	at Main.quick(Main.java:41)
	at Main.quick(Main.java:40)
	at Main.quick(Main.java:41)
	at Main.quick(Main.java:40)
	at Main.quick(Main.java:41)
	at Main.quick(Main.java:40)
	at Main.quick(Main.java:41)
	at Main.quick(Main.java:40)
	at Main.quick(Main.java:41)
	at Main.quick(Main.java:40)
	at Main.quick(Main.java:41)
	at Main.quick(Main.java:40)
	at Main.quick(Main.java:41)
	at Main.quick(Main.java:40)
	at Main.quick(Main.java:41)
	at Main.quick(Main.java:40)
	at Main.quick(Main.java:41)
	at Main.quick(Main.java:40)
	at Main.quick(Main.java:41)
	at Main.quick(Main.java:40)
	at Main.quick(Main.java:41)
	at Main.quick(Main.java:40)
	at Main.quick(Main.java:41)
	at Main.quick(Main.java:40)
	at Main.quick(Main.java:41)
	at Main.quick(Main.java:40)
	at Main.quick(Main.java:41)
	at Main.quick(Main.java:40)
	at Main.quick(Main.java:41)
	at Main.quick(Main.java:40)
	at Main.quick(Main.java:41)
	at Main.quick(Main.java:40)
	at Main.quick(Main.java:41)
	at Main.quick(Main.java:40)
	at Main.quick(Main.java:41)
	at Main.quick(Main.java:40)
	at Main.quick(Main.java:41)
	at Main.quick(Main.java:40)
	at Main.quick(Main.java:41)
	at Main.quick(Main.java:40)
	at Main.quick(Main.java:41)
	at Main.quick(Main.java:40)
	at Main.quick(Main.java:41)
	at Main.quick(Main.java:40)
	at Main.quick(Main.java:41)
	at Main.quick(Main.java:40)
	at Main.quick(Main.java:41)
	at Main.quick(Main.java:40)
	at Main.quick(Main.java:41)
	at Main.quick(Main.java:40)
	at Main.quick(Main.java:41)
	at Main.quick(Main.java:40)
	at Main.quick(Main.java:41)
	at Main.quick(Main.java:40)
	at Main.quick(Main.java:41)
	at Main.quick(Main.java:40)
	at Main.quick(Main.java:41)
	at Main.quick(Main.java:40)
	at Main.quick(Main.java:41)
	at Main.quick(Main.java:40)
	at Main.quick(Main.java:41)
	at Main.quick(Main.java:40)
	at Main.quick(Main.java:41)
	at Main.quick(Main.java:40)
	at Main.quick(Main.java:41)
	at Main.quick(Main.java:40)
	at Main.quick(Main.java:41)
	at Main.quick(Main.java:40)
	at Main.quick(Main.java:41)
	at Main.quick(Main.java:40)
	at Main.quick(Main.java:41)
	at Main.quick(Main.java:40)
	at Main.quick(Main.java:41)
	at Main.quick(Main.java:40)
	at Main.quick(Main.java:41)
	at Main.quick(Main.java:40)
	at Main.quick(Main.java:41)
	at Main.quick(Main.java:40)
	at Main.quick(Main.java:41)
	at Main.quick(Main.java:40)
	at Main.quick(Main.java:41)
	at Main.quick(Main.java:40)
	at Main.quick(Main.java:41)
	at Main.quick(Main.java:40)
	at Main.quick(Main.java:41)
	at Main.quick(Main.java:40)
	at Main.quick(Main.java:41)
	at Main.quick(Main.java:40)
	at Main.quick(Main.java:41)
	at Main.quick(Main.java:40)
	at Main.quick(Main.java:41)
	at Main.quick(Main.java:40)
	at Main.quick(Main.java:41)
	at Main.quick(Main.java:40)
	at Main.quick(Main.java:41)
	at Main.quick(Main.java:40)
	at Main.quick(Main.java:41)
	at Main.quick(Main.java:40)
	at Main.quick(Main.java:41)
	at Main.quick(Main.java:40)
	at Main.quick(Main.java:41)
	at Main.quick(Main.java:40)
	at Main.quick(Main.java:41)
	at Main.quick(Main.java:40)
	at Main.quick(Main.java:41)
	at Main.quick(Main.java:40)
	at Main.quick(Main.java:41)
	at Main.quick(Main.java:40)
	at Main.quick(Main.java:41)
	at Main.quick(Main.java:40)
	at Main.quick(Main.java:41)
	at Main.quick(Main.java:40)
	at Main.quick(Main.java:41)
	at Main.quick(Main.java:40)
	at Main.quick(Main.java:41)
	at Main.quick(Main.java:40)
	at Main.quick(Main.java:41)
	at Main.quick(Main.java:40)
	at Main.quick(Main.java:41)
	at Main.quick(Main.java:40)
	at Main.quick(Main.java:41)
	at Main.quick(Main.java:40)
	at Main.quick(Main.java:41)
	at Main.quick(Main.java:40)
	at Main.quick(Main.java:41)
	at Main.quick(Main.java:40)
	at Main.quick(Main.java:41)
	at Main.quick(Main.java:40)
	at Main.quick(Main.java:41)
	at Main.quick(Main.java:40)
	at Main.quick(Main.java:41)
	at Main.quick(Main.java:40)
	at Main.quick(Main.java:41)
	at Main.quick(Main.java:40)
	at Main.quick(Main.java:41)
	at Main.quick(Main.java:40)
	at Main.quick(Main.java:41)
	at Main.quick(Main.java:40)
	at Main.quick(Main.java:41)
	at Main.quick(Main.java:40)
	at Main.quick(Main.java:41)
	at Main.quick(Main.java:40)
	at Main.quick(Main.java:41)
	at Main.quick(Main.java:40)
	at Main.quick(Main.java:41)
	at Main.quick(Main.java:40)
	at Main.quick(Main.java:41)
	at Main.quick(Main.java:40)
	at Main.quick(Main.java:41)
	at Main.quick(Main.java:40)
	at Main.quick(Main.java:41)
	at Main.quick(Main.java:40)
	at Main.quick(Main.java:41)
	at Main.quick(Main.java:40)
	at Main.quick(Main.java:41)
	at Main.quick(Main.java:40)
	at Main.quick(Main.java:41)
	at Main.quick(Main.java:40)
	at Main.quick(Main.java:41)
	at Main.quick(Main.java:40)
	at Main.quick(Main.java:41)
	at Main.quick(Main.java:40)
	at Main.quick(Main.java:41)
	at Main.quick(Main.java:40)
	at Main.quick(Main.java:41)
	at Main.quick(Main.java:40)
	at Main.quick(Main.java:41)
	at Main.quick(Main.java:40)
	at Main.quick(Main.java:41)
	at Main.quick(Main.java:40)
	at Main.quick(Main.java:41)
	at Main.quick(Main.java:40)
	at Main.quick(Main.java:41)
	at Main.quick(Main.java:40)
	at Main.quick(Main.java:41)
	at Main.quick(Main.java:40)
	at Main.quick(Main.java:41)
	at Main.quick(Main.java:40)
	at Main.quick(Main.java:41)
	at Main.quick(Main.java:40)
	at Main.quick(Main.java:41)
	at Main.quick(Main.java:40)
	at Main.quick(Main.java:41)
	at Main.quick(Main.java:40)
	at Main.quick(Main.java:41)
	at Main.quick(Main.java:40)
	at Main.quick(Main.java:41)
	at Main.quick(Main.java:40)
	at Main.quick(Main.java:41)
	at Main.quick(Main.java:40)
	at Main.quick(Main.java:41)
	at Main.quick(Main.java:40)
	at Main.quick(Main.java:41)
	at Main.quick(Main.java:40)
	at Main.quick(Main.java:41)
	at Main.quick(Main.java:40)
	at Main.quick(Main.java:41)
	at Main.quick(Main.java:40)
	at Main.quick(Main.java:41)
	at Main.quick(Main.java:40)
	at Main.quick(Main.java:41)
	at Main.quick(Main.java:40)
	at Main.quick(Main.java:41)
	at Main.quick(Main.java:40)
	at Main.quick(Main.java:41)
	at Main.quick(Main.java:40)
	at Main.quick(Main.java:41)
	at Main.quick(Main.java:40)
	at Main.quick(Main.java:41)
	at Main.quick(Main.java:40)
	at Main.quick(Main.java:41)
	at Main.quick(Main.java:40)
	at Main.quick(Main.java:41)
	at Main.quick(Main.java:40)
	at Main.quick(Main.java:41)
	at Main.quick(Main.java:40)
	at Main.quick(Main.java:41)
	at Main.quick(Main.java:40)
	at Main.quick(Main.java:41)
	at Main.quick(Main.java:40)
	at Main.quick(Main.java:41)
	at Main.quick(Main.java:40)
	at Main.quick(Main.java:41)
	at Main.quick(Main.java:40)
	at Main.quick(Main.java:41)
	at Main.quick(Main.java:40)
	at Main.quick(Main.java:41)
	at Main.quick(Main.java:40)
	at Main.quick(Main.java:41)
	at Main.quick(Main.java:40)
	at Main.quick(Main.java:41)
	at Main.quick(Main.java:40)
	at Main.quick(Main.java:41)
	at Main.quick(Main.java:40)
	at Main.quick(Main.java:41)
	at Main.quick(Main.java:40)
	at Main.quick(Main.java:41)
	at Main.quick(Main.java:40)
	at Main.quick(Main.java:41)
	at Main.quick(Main.java:40)
	at Main.quick(Main.java:41)
	at Main.quick(Main.java:40)
	at Main.quick(Main.java:41)
	at Main.quick(Main.java:40)
	at Main.quick(Main.java:41)
	at Main.quick(Main.java:40)
	at Main.quick(Main.java:41)
	at Main.quick(Main.java:40)
	at Main.quick(Main.java:41)
	at Main.quick(Main.java:40)
	at Main.quick(Main.java:41)
	at Main.quick(Main.java:40)
	at Main.quick(Main.java:41)
	at Main.quick(Main.java:40)
	at Main.quick(Main.java:41)
	at Main.quick(Main.java:40)
	at Main.quick(Main.java:41)
	at Main.quick(Main.java:40)
	at Main.quick(Main.java:41)
	at Main.quick(Main.java:40)
	at Main.quick(Main.java:41)
	at Main.quick(Main.java:40)
	at Main.quick(Main.java:41)
	at Main.quick(Main.java:40)
	at Main.quick(Main.java:41)
	at Main.quick(Main.java:40)
	at Main.quick(Main.java:41)
	at Main.quick(Main.java:40)
	at Main.quick(Main.java:41)
	at Main.quick(Main.java:40)
	at Main.quick(Main.java:41)
	at Main.quick(Main.java:40)
	at Main.quick(Main.java:41)
	at Main.quick(Main.java:40)
	at Main.quick(Main.java:41)
	at Main.quick(Main.java:40)
	at Main.quick(Main.java:41)
	at Main.quick(Main.java:40)
	at Main.quick(Main.java:41)
	at Main.quick(Main.java:40)
	at Main.quick(Main.java:41)
	at Main.quick(Main.java:40)
	at Main.quick(Main.java:41)
	at Main.quick(Main.java:40)

Rules:

1. Focus on exactly ONE method or function if possible.
2. The ""replace"" content must be the complete original buggy function or method copied exactly from the student code.
3. The ""with"" content must be the corrected complete version of that same function/method.
4. Do not include main code, test code, markdown, prose inside JSON values.
5. Do not return just a code fragment like a loop, an if block, statement or expression.
6. If you are unable to identify one exact full function/method to replace, then set:
    - ""target_function"" : ""UNKNOWN""
    - ""replace"" : """"
    - ""with"" : """"

Return valid JSON only with exactly these keys:
{
""diagnosis"": ""1-3 short sentences"",
""hints"": [""hint 1"", ""hint 2"", ""hint 3""],
""target_function"": ""function name or UNKNOWN"",
""replace"": ""exact original full function/method or empty string"",
""with"": ""corrected full function/method or empty string""
}","{
""diagnosis"": ""The randPartition function does not actually randomize the pivot; it always swaps with r-1, which can cause worst-case recursion depth on sorted or nearly sorted arrays, leading to StackOverflowError. You need to select a truly random pivot index between l and r. Fix randPartition to swap with a random index."",
""hints"": [
""randPartition should pick a random index between l and r (inclusive) for the pivot."",
""Swapping with r-1 does not randomize the pivot and can cause worst-case recursion."",
""Use java.util.Random to generate the random index.""
],
""target_function"": ""randPartition"",
""replace"": ""int randPartition(int[] A, int l, int r) {\n    int i = r-1;\n    int temp = A[i];\n    A[i] = A[r];\n    A[r] = temp;\n    return(partition(A,l,r));\n}"",
""with"": ""int randPartition(int[] A, int l, int r) {\n    java.util.Random rand = new java.util.Random();\n    int pivotIndex = l + rand.nextInt(r - l + 1);\n    int temp = A[pivotIndex];\n    A[pivotIndex] = A[r];\n    A[r] = temp;\n    return partition(A, l, r);\n}""
}",direct_json,"The randPartition function does not actually randomize the pivot; it always swaps with r-1, which can cause worst-case recursion depth on sorted or nearly sorted arrays, leading to StackOverflowError. You need to select a truly random pivot index between l and r. Fix randPartition to swap with a random index.","['randPartition should pick a random index between l and r (inclusive) for the pivot.', 'Swapping with r-1 does not randomize the pivot and can cause worst-case recursion.', 'Use java.util.Random to generate the random index.']",randPartition,"int randPartition(int[] A, int l, int r) {
    int i = r-1;
    int temp = A[i];
    A[i] = A[r];
    A[r] = temp;
    return(partition(A,l,r));
}","int randPartition(int[] A, int l, int r) {
    java.util.Random rand = new java.util.Random();
    int pivotIndex = l + rand.nextInt(r - l + 1);
    int temp = A[pivotIndex];
    A[pivotIndex] = A[r];
    A[r] = temp;
    return partition(A, l, r);
}"
84,20_21-1-2-java,PS3U2NU6,java,2,0.2,runtime_error,"You are a programming tutor.

A student's solution failed tests. Your task is to identify ONE local bug and propose ONE small fix.

Attempt: 2
Approach: Choose a different localized fix, prioritizing null checks, state updates, index updates, or base-case errors when relevant.

Programming language: java
Guessed bug type: runtime_error


    For runtime-error bugs:
    - Check the error message to identify the exact failing access or operation.
    - Check for missing base cases, null checks, invalid parent-child references, and bad index updates.
    - Prioritize fixing the root cause inside one method instead of adding code everywhere to fix it.
    - If the task is a list, tree or array structure then preserve structure invariants after the change.
    

Task title: Sorting (Java)
Task description:
Input: An array $A = [a_1, a_2,...,a_n]$ with $2 \leq n \leq 10^6$
and $\forall 1\leq i \leq n: -10^6 \leq a_i \leq 10^6$

Output:  Array A sorted in ascending order: $A = [a_1, a_2,...,a_n]$,
where $\forall 1 \leq i \leq j \leq n: \; a[i] \leq a[j]$

Implement a sorting procedure in the function ""solution"", which takes
as argument an array ""A"".  Your procedure should
either have a worst-case run time of $O(n \; log \; n)$ or an
average-case run time of $O(n \; log \; n)$ (this should be guaranteed by
randomization). Your solution must not contain the string
""sort"" and ""numpy"" as substring. Importing the random
library is explicitly allowed!

Hint:

Make absolutely sure that you randomize your algorithm using the
Java Random Library. You can ignore this hint
if your implementation has a worst-case runtime of $O(n \; log \; n)$.

Student code currently passes 5/6 tests and fails 1/6 tests.

Student code:
```java
int randPartition(int[] A, int l, int r) {
    int i = r-1;
    int temp = A[i];
    A[i] = A[r];
    A[r] = temp;
    return(partition(A,l,r));
}

int partition(int[] A,int l,int r) {
    int x = A[r];
    int i = l-1;
    for(int j = l;j<r;j++) {
        if(A[j]<=x) {
            i++;
            int t = A[i];
            A[i] = A[j];
            A[j] = t;
        }
    }
    int temp = A[i+1];
    A[i+1] = A[r];
    A[r] = temp;
    return i+1;
}

int[] quick(int[] A, int l, int r) {
    if(l<r) {
        int p = randPartition(A,l,r);
        A = quick(A,l,p-1);
        A = quick(A,p+1,r);
    }
    return A;
}


int [] solution(int arr[]) {
    return quick(arr,0,arr.length-1);
}

Task skeleton (if present):
int [] solution(int arr[]) {
    return;
}

Reference answer (for understanding intent only; do not copy whole program unless the whole student solution is only one function/method):
int [] solution(int arr[]){
    Arrays.sort(arr);
    return arr;
}

First failed test:

- test number: 6.0
- expected output: true
- actual output: 
- error message: Exception in thread ""main"" java.lang.StackOverflowError
	at Main.quick(Main.java:40)
	at Main.quick(Main.java:40)
	at Main.quick(Main.java:41)
	at Main.quick(Main.java:40)
	at Main.quick(Main.java:41)
	at Main.quick(Main.java:40)
	at Main.quick(Main.java:41)
	at Main.quick(Main.java:40)
	at Main.quick(Main.java:41)
	at Main.quick(Main.java:40)
	at Main.quick(Main.java:41)
	at Main.quick(Main.java:40)
	at Main.quick(Main.java:41)
	at Main.quick(Main.java:40)
	at Main.quick(Main.java:41)
	at Main.quick(Main.java:40)
	at Main.quick(Main.java:41)
	at Main.quick(Main.java:40)
	at Main.quick(Main.java:41)
	at Main.quick(Main.java:40)
	at Main.quick(Main.java:41)
	at Main.quick(Main.java:40)
	at Main.quick(Main.java:41)
	at Main.quick(Main.java:40)
	at Main.quick(Main.java:41)
	at Main.quick(Main.java:40)
	at Main.quick(Main.java:41)
	at Main.quick(Main.java:40)
	at Main.quick(Main.java:41)
	at Main.quick(Main.java:40)
	at Main.quick(Main.java:41)
	at Main.quick(Main.java:40)
	at Main.quick(Main.java:41)
	at Main.quick(Main.java:40)
	at Main.quick(Main.java:41)
	at Main.quick(Main.java:40)
	at Main.quick(Main.java:41)
	at Main.quick(Main.java:40)
	at Main.quick(Main.java:41)
	at Main.quick(Main.java:40)
	at Main.quick(Main.java:41)
	at Main.quick(Main.java:40)
	at Main.quick(Main.java:41)
	at Main.quick(Main.java:40)
	at Main.quick(Main.java:41)
	at Main.quick(Main.java:40)
	at Main.quick(Main.java:41)
	at Main.quick(Main.java:40)
	at Main.quick(Main.java:41)
	at Main.quick(Main.java:40)
	at Main.quick(Main.java:41)
	at Main.quick(Main.java:40)
	at Main.quick(Main.java:41)
	at Main.quick(Main.java:40)
	at Main.quick(Main.java:41)
	at Main.quick(Main.java:40)
	at Main.quick(Main.java:41)
	at Main.quick(Main.java:40)
	at Main.quick(Main.java:41)
	at Main.quick(Main.java:40)
	at Main.quick(Main.java:41)
	at Main.quick(Main.java:40)
	at Main.quick(Main.java:41)
	at Main.quick(Main.java:40)
	at Main.quick(Main.java:41)
	at Main.quick(Main.java:40)
	at Main.quick(Main.java:41)
	at Main.quick(Main.java:40)
	at Main.quick(Main.java:41)
	at Main.quick(Main.java:40)
	at Main.quick(Main.java:41)
	at Main.quick(Main.java:40)
	at Main.quick(Main.java:41)
	at Main.quick(Main.java:40)
	at Main.quick(Main.java:41)
	at Main.quick(Main.java:40)
	at Main.quick(Main.java:41)
	at Main.quick(Main.java:40)
	at Main.quick(Main.java:41)
	at Main.quick(Main.java:40)
	at Main.quick(Main.java:41)
	at Main.quick(Main.java:40)
	at Main.quick(Main.java:41)
	at Main.quick(Main.java:40)
	at Main.quick(Main.java:41)
	at Main.quick(Main.java:40)
	at Main.quick(Main.java:41)
	at Main.quick(Main.java:40)
	at Main.quick(Main.java:41)
	at Main.quick(Main.java:40)
	at Main.quick(Main.java:41)
	at Main.quick(Main.java:40)
	at Main.quick(Main.java:41)
	at Main.quick(Main.java:40)
	at Main.quick(Main.java:41)
	at Main.quick(Main.java:40)
	at Main.quick(Main.java:41)
	at Main.quick(Main.java:40)
	at Main.quick(Main.java:41)
	at Main.quick(Main.java:40)
	at Main.quick(Main.java:41)
	at Main.quick(Main.java:40)
	at Main.quick(Main.java:41)
	at Main.quick(Main.java:40)
	at Main.quick(Main.java:41)
	at Main.quick(Main.java:40)
	at Main.quick(Main.java:41)
	at Main.quick(Main.java:40)
	at Main.quick(Main.java:41)
	at Main.quick(Main.java:40)
	at Main.quick(Main.java:41)
	at Main.quick(Main.java:40)
	at Main.quick(Main.java:41)
	at Main.quick(Main.java:40)
	at Main.quick(Main.java:41)
	at Main.quick(Main.java:40)
	at Main.quick(Main.java:41)
	at Main.quick(Main.java:40)
	at Main.quick(Main.java:41)
	at Main.quick(Main.java:40)
	at Main.quick(Main.java:41)
	at Main.quick(Main.java:40)
	at Main.quick(Main.java:41)
	at Main.quick(Main.java:40)
	at Main.quick(Main.java:41)
	at Main.quick(Main.java:40)
	at Main.quick(Main.java:41)
	at Main.quick(Main.java:40)
	at Main.quick(Main.java:41)
	at Main.quick(Main.java:40)
	at Main.quick(Main.java:41)
	at Main.quick(Main.java:40)
	at Main.quick(Main.java:41)
	at Main.quick(Main.java:40)
	at Main.quick(Main.java:41)
	at Main.quick(Main.java:40)
	at Main.quick(Main.java:41)
	at Main.quick(Main.java:40)
	at Main.quick(Main.java:41)
	at Main.quick(Main.java:40)
	at Main.quick(Main.java:41)
	at Main.quick(Main.java:40)
	at Main.quick(Main.java:41)
	at Main.quick(Main.java:40)
	at Main.quick(Main.java:41)
	at Main.quick(Main.java:40)
	at Main.quick(Main.java:41)
	at Main.quick(Main.java:40)
	at Main.quick(Main.java:41)
	at Main.quick(Main.java:40)
	at Main.quick(Main.java:41)
	at Main.quick(Main.java:40)
	at Main.quick(Main.java:41)
	at Main.quick(Main.java:40)
	at Main.quick(Main.java:41)
	at Main.quick(Main.java:40)
	at Main.quick(Main.java:41)
	at Main.quick(Main.java:40)
	at Main.quick(Main.java:41)
	at Main.quick(Main.java:40)
	at Main.quick(Main.java:41)
	at Main.quick(Main.java:40)
	at Main.quick(Main.java:41)
	at Main.quick(Main.java:40)
	at Main.quick(Main.java:41)
	at Main.quick(Main.java:40)
	at Main.quick(Main.java:41)
	at Main.quick(Main.java:40)
	at Main.quick(Main.java:41)
	at Main.quick(Main.java:40)
	at Main.quick(Main.java:41)
	at Main.quick(Main.java:40)
	at Main.quick(Main.java:41)
	at Main.quick(Main.java:40)
	at Main.quick(Main.java:41)
	at Main.quick(Main.java:40)
	at Main.quick(Main.java:41)
	at Main.quick(Main.java:40)
	at Main.quick(Main.java:41)
	at Main.quick(Main.java:40)
	at Main.quick(Main.java:41)
	at Main.quick(Main.java:40)
	at Main.quick(Main.java:41)
	at Main.quick(Main.java:40)
	at Main.quick(Main.java:41)
	at Main.quick(Main.java:40)
	at Main.quick(Main.java:41)
	at Main.quick(Main.java:40)
	at Main.quick(Main.java:41)
	at Main.quick(Main.java:40)
	at Main.quick(Main.java:41)
	at Main.quick(Main.java:40)
	at Main.quick(Main.java:41)
	at Main.quick(Main.java:40)
	at Main.quick(Main.java:41)
	at Main.quick(Main.java:40)
	at Main.quick(Main.java:41)
	at Main.quick(Main.java:40)
	at Main.quick(Main.java:41)
	at Main.quick(Main.java:40)
	at Main.quick(Main.java:41)
	at Main.quick(Main.java:40)
	at Main.quick(Main.java:41)
	at Main.quick(Main.java:40)
	at Main.quick(Main.java:41)
	at Main.quick(Main.java:40)
	at Main.quick(Main.java:41)
	at Main.quick(Main.java:40)
	at Main.quick(Main.java:41)
	at Main.quick(Main.java:40)
	at Main.quick(Main.java:41)
	at Main.quick(Main.java:40)
	at Main.quick(Main.java:41)
	at Main.quick(Main.java:40)
	at Main.quick(Main.java:41)
	at Main.quick(Main.java:40)
	at Main.quick(Main.java:41)
	at Main.quick(Main.java:40)
	at Main.quick(Main.java:41)
	at Main.quick(Main.java:40)
	at Main.quick(Main.java:41)
	at Main.quick(Main.java:40)
	at Main.quick(Main.java:41)
	at Main.quick(Main.java:40)
	at Main.quick(Main.java:41)
	at Main.quick(Main.java:40)
	at Main.quick(Main.java:41)
	at Main.quick(Main.java:40)
	at Main.quick(Main.java:41)
	at Main.quick(Main.java:40)
	at Main.quick(Main.java:41)
	at Main.quick(Main.java:40)
	at Main.quick(Main.java:41)
	at Main.quick(Main.java:40)
	at Main.quick(Main.java:41)
	at Main.quick(Main.java:40)
	at Main.quick(Main.java:41)
	at Main.quick(Main.java:40)
	at Main.quick(Main.java:41)
	at Main.quick(Main.java:40)
	at Main.quick(Main.java:41)
	at Main.quick(Main.java:40)
	at Main.quick(Main.java:41)
	at Main.quick(Main.java:40)
	at Main.quick(Main.java:41)
	at Main.quick(Main.java:40)
	at Main.quick(Main.java:41)
	at Main.quick(Main.java:40)
	at Main.quick(Main.java:41)
	at Main.quick(Main.java:40)
	at Main.quick(Main.java:41)
	at Main.quick(Main.java:40)
	at Main.quick(Main.java:41)
	at Main.quick(Main.java:40)
	at Main.quick(Main.java:41)
	at Main.quick(Main.java:40)
	at Main.quick(Main.java:41)
	at Main.quick(Main.java:40)
	at Main.quick(Main.java:41)
	at Main.quick(Main.java:40)
	at Main.quick(Main.java:41)
	at Main.quick(Main.java:40)
	at Main.quick(Main.java:41)
	at Main.quick(Main.java:40)
	at Main.quick(Main.java:41)
	at Main.quick(Main.java:40)
	at Main.quick(Main.java:41)
	at Main.quick(Main.java:40)
	at Main.quick(Main.java:41)
	at Main.quick(Main.java:40)
	at Main.quick(Main.java:41)
	at Main.quick(Main.java:40)
	at Main.quick(Main.java:41)
	at Main.quick(Main.java:40)
	at Main.quick(Main.java:41)
	at Main.quick(Main.java:40)
	at Main.quick(Main.java:41)
	at Main.quick(Main.java:40)
	at Main.quick(Main.java:41)
	at Main.quick(Main.java:40)
	at Main.quick(Main.java:41)
	at Main.quick(Main.java:40)
	at Main.quick(Main.java:41)
	at Main.quick(Main.java:40)
	at Main.quick(Main.java:41)
	at Main.quick(Main.java:40)
	at Main.quick(Main.java:41)
	at Main.quick(Main.java:40)
	at Main.quick(Main.java:41)
	at Main.quick(Main.java:40)
	at Main.quick(Main.java:41)
	at Main.quick(Main.java:40)
	at Main.quick(Main.java:41)
	at Main.quick(Main.java:40)
	at Main.quick(Main.java:41)
	at Main.quick(Main.java:40)
	at Main.quick(Main.java:41)
	at Main.quick(Main.java:40)
	at Main.quick(Main.java:41)
	at Main.quick(Main.java:40)
	at Main.quick(Main.java:41)
	at Main.quick(Main.java:40)
	at Main.quick(Main.java:41)
	at Main.quick(Main.java:40)
	at Main.quick(Main.java:41)
	at Main.quick(Main.java:40)
	at Main.quick(Main.java:41)
	at Main.quick(Main.java:40)
	at Main.quick(Main.java:41)
	at Main.quick(Main.java:40)
	at Main.quick(Main.java:41)
	at Main.quick(Main.java:40)
	at Main.quick(Main.java:41)
	at Main.quick(Main.java:40)
	at Main.quick(Main.java:41)
	at Main.quick(Main.java:40)
	at Main.quick(Main.java:41)
	at Main.quick(Main.java:40)
	at Main.quick(Main.java:41)
	at Main.quick(Main.java:40)
	at Main.quick(Main.java:41)
	at Main.quick(Main.java:40)
	at Main.quick(Main.java:41)
	at Main.quick(Main.java:40)
	at Main.quick(Main.java:41)
	at Main.quick(Main.java:40)
	at Main.quick(Main.java:41)
	at Main.quick(Main.java:40)
	at Main.quick(Main.java:41)
	at Main.quick(Main.java:40)
	at Main.quick(Main.java:41)
	at Main.quick(Main.java:40)
	at Main.quick(Main.java:41)
	at Main.quick(Main.java:40)
	at Main.quick(Main.java:41)
	at Main.quick(Main.java:40)
	at Main.quick(Main.java:41)
	at Main.quick(Main.java:40)
	at Main.quick(Main.java:41)
	at Main.quick(Main.java:40)
	at Main.quick(Main.java:41)
	at Main.quick(Main.java:40)
	at Main.quick(Main.java:41)
	at Main.quick(Main.java:40)
	at Main.quick(Main.java:41)
	at Main.quick(Main.java:40)
	at Main.quick(Main.java:41)
	at Main.quick(Main.java:40)
	at Main.quick(Main.java:41)
	at Main.quick(Main.java:40)
	at Main.quick(Main.java:41)
	at Main.quick(Main.java:40)
	at Main.quick(Main.java:41)
	at Main.quick(Main.java:40)
	at Main.quick(Main.java:41)
	at Main.quick(Main.java:40)
	at Main.quick(Main.java:41)
	at Main.quick(Main.java:40)
	at Main.quick(Main.java:41)
	at Main.quick(Main.java:40)
	at Main.quick(Main.java:41)
	at Main.quick(Main.java:40)
	at Main.quick(Main.java:41)
	at Main.quick(Main.java:40)
	at Main.quick(Main.java:41)
	at Main.quick(Main.java:40)
	at Main.quick(Main.java:41)
	at Main.quick(Main.java:40)
	at Main.quick(Main.java:41)
	at Main.quick(Main.java:40)
	at Main.quick(Main.java:41)
	at Main.quick(Main.java:40)
	at Main.quick(Main.java:41)
	at Main.quick(Main.java:40)
	at Main.quick(Main.java:41)
	at Main.quick(Main.java:40)
	at Main.quick(Main.java:41)
	at Main.quick(Main.java:40)
	at Main.quick(Main.java:41)
	at Main.quick(Main.java:40)
	at Main.quick(Main.java:41)
	at Main.quick(Main.java:40)
	at Main.quick(Main.java:41)
	at Main.quick(Main.java:40)
	at Main.quick(Main.java:41)
	at Main.quick(Main.java:40)
	at Main.quick(Main.java:41)
	at Main.quick(Main.java:40)
	at Main.quick(Main.java:41)
	at Main.quick(Main.java:40)
	at Main.quick(Main.java:41)
	at Main.quick(Main.java:40)
	at Main.quick(Main.java:41)
	at Main.quick(Main.java:40)
	at Main.quick(Main.java:41)
	at Main.quick(Main.java:40)
	at Main.quick(Main.java:41)
	at Main.quick(Main.java:40)
	at Main.quick(Main.java:41)
	at Main.quick(Main.java:40)
	at Main.quick(Main.java:41)
	at Main.quick(Main.java:40)
	at Main.quick(Main.java:41)
	at Main.quick(Main.java:40)
	at Main.quick(Main.java:41)
	at Main.quick(Main.java:40)
	at Main.quick(Main.java:41)
	at Main.quick(Main.java:40)
	at Main.quick(Main.java:41)
	at Main.quick(Main.java:40)
	at Main.quick(Main.java:41)
	at Main.quick(Main.java:40)
	at Main.quick(Main.java:41)
	at Main.quick(Main.java:40)
	at Main.quick(Main.java:41)
	at Main.quick(Main.java:40)
	at Main.quick(Main.java:41)
	at Main.quick(Main.java:40)
	at Main.quick(Main.java:41)
	at Main.quick(Main.java:40)
	at Main.quick(Main.java:41)
	at Main.quick(Main.java:40)
	at Main.quick(Main.java:41)
	at Main.quick(Main.java:40)
	at Main.quick(Main.java:41)
	at Main.quick(Main.java:40)
	at Main.quick(Main.java:41)
	at Main.quick(Main.java:40)
	at Main.quick(Main.java:41)
	at Main.quick(Main.java:40)
	at Main.quick(Main.java:41)
	at Main.quick(Main.java:40)
	at Main.quick(Main.java:41)
	at Main.quick(Main.java:40)
	at Main.quick(Main.java:41)
	at Main.quick(Main.java:40)
	at Main.quick(Main.java:41)
	at Main.quick(Main.java:40)
	at Main.quick(Main.java:41)
	at Main.quick(Main.java:40)
	at Main.quick(Main.java:41)
	at Main.quick(Main.java:40)
	at Main.quick(Main.java:41)
	at Main.quick(Main.java:40)
	at Main.quick(Main.java:41)
	at Main.quick(Main.java:40)
	at Main.quick(Main.java:41)
	at Main.quick(Main.java:40)
	at Main.quick(Main.java:41)
	at Main.quick(Main.java:40)
	at Main.quick(Main.java:41)
	at Main.quick(Main.java:40)
	at Main.quick(Main.java:41)
	at Main.quick(Main.java:40)
	at Main.quick(Main.java:41)
	at Main.quick(Main.java:40)
	at Main.quick(Main.java:41)
	at Main.quick(Main.java:40)
	at Main.quick(Main.java:41)
	at Main.quick(Main.java:40)
	at Main.quick(Main.java:41)
	at Main.quick(Main.java:40)
	at Main.quick(Main.java:41)
	at Main.quick(Main.java:40)
	at Main.quick(Main.java:41)
	at Main.quick(Main.java:40)
	at Main.quick(Main.java:41)
	at Main.quick(Main.java:40)
	at Main.quick(Main.java:41)
	at Main.quick(Main.java:40)
	at Main.quick(Main.java:41)
	at Main.quick(Main.java:40)
	at Main.quick(Main.java:41)
	at Main.quick(Main.java:40)
	at Main.quick(Main.java:41)
	at Main.quick(Main.java:40)
	at Main.quick(Main.java:41)
	at Main.quick(Main.java:40)
	at Main.quick(Main.java:41)
	at Main.quick(Main.java:40)
	at Main.quick(Main.java:41)
	at Main.quick(Main.java:40)
	at Main.quick(Main.java:41)
	at Main.quick(Main.java:40)
	at Main.quick(Main.java:41)
	at Main.quick(Main.java:40)
	at Main.quick(Main.java:41)
	at Main.quick(Main.java:40)
	at Main.quick(Main.java:41)
	at Main.quick(Main.java:40)
	at Main.quick(Main.java:41)
	at Main.quick(Main.java:40)
	at Main.quick(Main.java:41)
	at Main.quick(Main.java:40)
	at Main.quick(Main.java:41)
	at Main.quick(Main.java:40)
	at Main.quick(Main.java:41)
	at Main.quick(Main.java:40)
	at Main.quick(Main.java:41)
	at Main.quick(Main.java:40)
	at Main.quick(Main.java:41)
	at Main.quick(Main.java:40)
	at Main.quick(Main.java:41)
	at Main.quick(Main.java:40)
	at Main.quick(Main.java:41)
	at Main.quick(Main.java:40)
	at Main.quick(Main.java:41)
	at Main.quick(Main.java:40)
	at Main.quick(Main.java:41)
	at Main.quick(Main.java:40)
	at Main.quick(Main.java:41)
	at Main.quick(Main.java:40)
	at Main.quick(Main.java:41)
	at Main.quick(Main.java:40)
	at Main.quick(Main.java:41)
	at Main.quick(Main.java:40)
	at Main.quick(Main.java:41)
	at Main.quick(Main.java:40)
	at Main.quick(Main.java:41)
	at Main.quick(Main.java:40)
	at Main.quick(Main.java:41)
	at Main.quick(Main.java:40)
	at Main.quick(Main.java:41)
	at Main.quick(Main.java:40)
	at Main.quick(Main.java:41)
	at Main.quick(Main.java:40)
	at Main.quick(Main.java:41)
	at Main.quick(Main.java:40)
	at Main.quick(Main.java:41)
	at Main.quick(Main.java:40)
	at Main.quick(Main.java:41)
	at Main.quick(Main.java:40)
	at Main.quick(Main.java:41)
	at Main.quick(Main.java:40)
	at Main.quick(Main.java:41)
	at Main.quick(Main.java:40)
	at Main.quick(Main.java:41)
	at Main.quick(Main.java:40)
	at Main.quick(Main.java:41)
	at Main.quick(Main.java:40)
	at Main.quick(Main.java:41)
	at Main.quick(Main.java:40)
	at Main.quick(Main.java:41)
	at Main.quick(Main.java:40)
	at Main.quick(Main.java:41)
	at Main.quick(Main.java:40)
	at Main.quick(Main.java:41)
	at Main.quick(Main.java:40)
	at Main.quick(Main.java:41)
	at Main.quick(Main.java:40)
	at Main.quick(Main.java:41)
	at Main.quick(Main.java:40)
	at Main.quick(Main.java:41)
	at Main.quick(Main.java:40)
	at Main.quick(Main.java:41)
	at Main.quick(Main.java:40)
	at Main.quick(Main.java:41)
	at Main.quick(Main.java:40)
	at Main.quick(Main.java:41)
	at Main.quick(Main.java:40)
	at Main.quick(Main.java:41)
	at Main.quick(Main.java:40)
	at Main.quick(Main.java:41)
	at Main.quick(Main.java:40)
	at Main.quick(Main.java:41)
	at Main.quick(Main.java:40)
	at Main.quick(Main.java:41)
	at Main.quick(Main.java:40)
	at Main.quick(Main.java:41)
	at Main.quick(Main.java:40)
	at Main.quick(Main.java:41)
	at Main.quick(Main.java:40)
	at Main.quick(Main.java:41)
	at Main.quick(Main.java:40)
	at Main.quick(Main.java:41)
	at Main.quick(Main.java:40)
	at Main.quick(Main.java:41)
	at Main.quick(Main.java:40)
	at Main.quick(Main.java:41)
	at Main.quick(Main.java:40)
	at Main.quick(Main.java:41)
	at Main.quick(Main.java:40)
	at Main.quick(Main.java:41)
	at Main.quick(Main.java:40)
	at Main.quick(Main.java:41)
	at Main.quick(Main.java:40)
	at Main.quick(Main.java:41)
	at Main.quick(Main.java:40)
	at Main.quick(Main.java:41)
	at Main.quick(Main.java:40)
	at Main.quick(Main.java:41)
	at Main.quick(Main.java:40)
	at Main.quick(Main.java:41)
	at Main.quick(Main.java:40)
	at Main.quick(Main.java:41)
	at Main.quick(Main.java:40)
	at Main.quick(Main.java:41)
	at Main.quick(Main.java:40)
	at Main.quick(Main.java:41)
	at Main.quick(Main.java:40)
	at Main.quick(Main.java:41)
	at Main.quick(Main.java:40)
	at Main.quick(Main.java:41)
	at Main.quick(Main.java:40)
	at Main.quick(Main.java:41)
	at Main.quick(Main.java:40)
	at Main.quick(Main.java:41)
	at Main.quick(Main.java:40)
	at Main.quick(Main.java:41)
	at Main.quick(Main.java:40)
	at Main.quick(Main.java:41)
	at Main.quick(Main.java:40)
	at Main.quick(Main.java:41)
	at Main.quick(Main.java:40)
	at Main.quick(Main.java:41)
	at Main.quick(Main.java:40)
	at Main.quick(Main.java:41)
	at Main.quick(Main.java:40)
	at Main.quick(Main.java:41)
	at Main.quick(Main.java:40)
	at Main.quick(Main.java:41)
	at Main.quick(Main.java:40)
	at Main.quick(Main.java:41)
	at Main.quick(Main.java:40)
	at Main.quick(Main.java:41)
	at Main.quick(Main.java:40)
	at Main.quick(Main.java:41)
	at Main.quick(Main.java:40)
	at Main.quick(Main.java:41)
	at Main.quick(Main.java:40)
	at Main.quick(Main.java:41)
	at Main.quick(Main.java:40)
	at Main.quick(Main.java:41)
	at Main.quick(Main.java:40)
	at Main.quick(Main.java:41)
	at Main.quick(Main.java:40)
	at Main.quick(Main.java:41)
	at Main.quick(Main.java:40)
	at Main.quick(Main.java:41)
	at Main.quick(Main.java:40)
	at Main.quick(Main.java:41)
	at Main.quick(Main.java:40)
	at Main.quick(Main.java:41)
	at Main.quick(Main.java:40)
	at Main.quick(Main.java:41)
	at Main.quick(Main.java:40)
	at Main.quick(Main.java:41)
	at Main.quick(Main.java:40)
	at Main.quick(Main.java:41)
	at Main.quick(Main.java:40)
	at Main.quick(Main.java:41)
	at Main.quick(Main.java:40)
	at Main.quick(Main.java:41)
	at Main.quick(Main.java:40)
	at Main.quick(Main.java:41)
	at Main.quick(Main.java:40)
	at Main.quick(Main.java:41)
	at Main.quick(Main.java:40)
	at Main.quick(Main.java:41)
	at Main.quick(Main.java:40)
	at Main.quick(Main.java:41)
	at Main.quick(Main.java:40)
	at Main.quick(Main.java:41)
	at Main.quick(Main.java:40)
	at Main.quick(Main.java:41)
	at Main.quick(Main.java:40)
	at Main.quick(Main.java:41)
	at Main.quick(Main.java:40)
	at Main.quick(Main.java:41)
	at Main.quick(Main.java:40)
	at Main.quick(Main.java:41)
	at Main.quick(Main.java:40)
	at Main.quick(Main.java:41)
	at Main.quick(Main.java:40)
	at Main.quick(Main.java:41)
	at Main.quick(Main.java:40)
	at Main.quick(Main.java:41)
	at Main.quick(Main.java:40)
	at Main.quick(Main.java:41)
	at Main.quick(Main.java:40)
	at Main.quick(Main.java:41)
	at Main.quick(Main.java:40)
	at Main.quick(Main.java:41)
	at Main.quick(Main.java:40)
	at Main.quick(Main.java:41)
	at Main.quick(Main.java:40)
	at Main.quick(Main.java:41)
	at Main.quick(Main.java:40)
	at Main.quick(Main.java:41)
	at Main.quick(Main.java:40)
	at Main.quick(Main.java:41)
	at Main.quick(Main.java:40)
	at Main.quick(Main.java:41)
	at Main.quick(Main.java:40)
	at Main.quick(Main.java:41)
	at Main.quick(Main.java:40)
	at Main.quick(Main.java:41)
	at Main.quick(Main.java:40)
	at Main.quick(Main.java:41)
	at Main.quick(Main.java:40)
	at Main.quick(Main.java:41)
	at Main.quick(Main.java:40)
	at Main.quick(Main.java:41)
	at Main.quick(Main.java:40)
	at Main.quick(Main.java:41)
	at Main.quick(Main.java:40)
	at Main.quick(Main.java:41)
	at Main.quick(Main.java:40)
	at Main.quick(Main.java:41)
	at Main.quick(Main.java:40)
	at Main.quick(Main.java:41)
	at Main.quick(Main.java:40)
	at Main.quick(Main.java:41)
	at Main.quick(Main.java:40)
	at Main.quick(Main.java:41)
	at Main.quick(Main.java:40)
	at Main.quick(Main.java:41)
	at Main.quick(Main.java:40)
	at Main.quick(Main.java:41)
	at Main.quick(Main.java:40)
	at Main.quick(Main.java:41)
	at Main.quick(Main.java:40)
	at Main.quick(Main.java:41)
	at Main.quick(Main.java:40)
	at Main.quick(Main.java:41)
	at Main.quick(Main.java:40)
	at Main.quick(Main.java:41)
	at Main.quick(Main.java:40)
	at Main.quick(Main.java:41)
	at Main.quick(Main.java:40)
	at Main.quick(Main.java:41)
	at Main.quick(Main.java:40)
	at Main.quick(Main.java:41)
	at Main.quick(Main.java:40)
	at Main.quick(Main.java:41)
	at Main.quick(Main.java:40)
	at Main.quick(Main.java:41)
	at Main.quick(Main.java:40)
	at Main.quick(Main.java:41)
	at Main.quick(Main.java:40)
	at Main.quick(Main.java:41)
	at Main.quick(Main.java:40)
	at Main.quick(Main.java:41)
	at Main.quick(Main.java:40)
	at Main.quick(Main.java:41)
	at Main.quick(Main.java:40)
	at Main.quick(Main.java:41)
	at Main.quick(Main.java:40)
	at Main.quick(Main.java:41)
	at Main.quick(Main.java:40)
	at Main.quick(Main.java:41)
	at Main.quick(Main.java:40)
	at Main.quick(Main.java:41)
	at Main.quick(Main.java:40)
	at Main.quick(Main.java:41)
	at Main.quick(Main.java:40)
	at Main.quick(Main.java:41)
	at Main.quick(Main.java:40)
	at Main.quick(Main.java:41)
	at Main.quick(Main.java:40)
	at Main.quick(Main.java:41)
	at Main.quick(Main.java:40)
	at Main.quick(Main.java:41)
	at Main.quick(Main.java:40)
	at Main.quick(Main.java:41)
	at Main.quick(Main.java:40)
	at Main.quick(Main.java:41)
	at Main.quick(Main.java:40)
	at Main.quick(Main.java:41)
	at Main.quick(Main.java:40)
	at Main.quick(Main.java:41)
	at Main.quick(Main.java:40)
	at Main.quick(Main.java:41)
	at Main.quick(Main.java:40)
	at Main.quick(Main.java:41)
	at Main.quick(Main.java:40)
	at Main.quick(Main.java:41)
	at Main.quick(Main.java:40)
	at Main.quick(Main.java:41)
	at Main.quick(Main.java:40)
	at Main.quick(Main.java:41)
	at Main.quick(Main.java:40)
	at Main.quick(Main.java:41)
	at Main.quick(Main.java:40)
	at Main.quick(Main.java:41)
	at Main.quick(Main.java:40)
	at Main.quick(Main.java:41)
	at Main.quick(Main.java:40)
	at Main.quick(Main.java:41)
	at Main.quick(Main.java:40)
	at Main.quick(Main.java:41)
	at Main.quick(Main.java:40)
	at Main.quick(Main.java:41)
	at Main.quick(Main.java:40)
	at Main.quick(Main.java:41)
	at Main.quick(Main.java:40)
	at Main.quick(Main.java:41)
	at Main.quick(Main.java:40)
	at Main.quick(Main.java:41)
	at Main.quick(Main.java:40)
	at Main.quick(Main.java:41)
	at Main.quick(Main.java:40)
	at Main.quick(Main.java:41)
	at Main.quick(Main.java:40)
	at Main.quick(Main.java:41)
	at Main.quick(Main.java:40)
	at Main.quick(Main.java:41)
	at Main.quick(Main.java:40)
	at Main.quick(Main.java:41)
	at Main.quick(Main.java:40)
	at Main.quick(Main.java:41)
	at Main.quick(Main.java:40)
	at Main.quick(Main.java:41)
	at Main.quick(Main.java:40)
	at Main.quick(Main.java:41)
	at Main.quick(Main.java:40)
	at Main.quick(Main.java:41)
	at Main.quick(Main.java:40)
	at Main.quick(Main.java:41)
	at Main.quick(Main.java:40)
	at Main.quick(Main.java:41)
	at Main.quick(Main.java:40)
	at Main.quick(Main.java:41)
	at Main.quick(Main.java:40)
	at Main.quick(Main.java:41)
	at Main.quick(Main.java:40)
	at Main.quick(Main.java:41)
	at Main.quick(Main.java:40)
	at Main.quick(Main.java:41)
	at Main.quick(Main.java:40)
	at Main.quick(Main.java:41)
	at Main.quick(Main.java:40)
	at Main.quick(Main.java:41)
	at Main.quick(Main.java:40)
	at Main.quick(Main.java:41)
	at Main.quick(Main.java:40)
	at Main.quick(Main.java:41)
	at Main.quick(Main.java:40)
	at Main.quick(Main.java:41)
	at Main.quick(Main.java:40)
	at Main.quick(Main.java:41)
	at Main.quick(Main.java:40)
	at Main.quick(Main.java:41)
	at Main.quick(Main.java:40)
	at Main.quick(Main.java:41)
	at Main.quick(Main.java:40)
	at Main.quick(Main.java:41)
	at Main.quick(Main.java:40)
	at Main.quick(Main.java:41)
	at Main.quick(Main.java:40)
	at Main.quick(Main.java:41)
	at Main.quick(Main.java:40)
	at Main.quick(Main.java:41)
	at Main.quick(Main.java:40)
	at Main.quick(Main.java:41)
	at Main.quick(Main.java:40)
	at Main.quick(Main.java:41)
	at Main.quick(Main.java:40)
	at Main.quick(Main.java:41)
	at Main.quick(Main.java:40)
	at Main.quick(Main.java:41)
	at Main.quick(Main.java:40)
	at Main.quick(Main.java:41)
	at Main.quick(Main.java:40)
	at Main.quick(Main.java:41)
	at Main.quick(Main.java:40)
	at Main.quick(Main.java:41)
	at Main.quick(Main.java:40)
	at Main.quick(Main.java:41)
	at Main.quick(Main.java:40)
	at Main.quick(Main.java:41)
	at Main.quick(Main.java:40)
	at Main.quick(Main.java:41)
	at Main.quick(Main.java:40)
	at Main.quick(Main.java:41)
	at Main.quick(Main.java:40)
	at Main.quick(Main.java:41)
	at Main.quick(Main.java:40)
	at Main.quick(Main.java:41)
	at Main.quick(Main.java:40)
	at Main.quick(Main.java:41)
	at Main.quick(Main.java:40)
	at Main.quick(Main.java:41)
	at Main.quick(Main.java:40)
	at Main.quick(Main.java:41)
	at Main.quick(Main.java:40)
	at Main.quick(Main.java:41)
	at Main.quick(Main.java:40)
	at Main.quick(Main.java:41)
	at Main.quick(Main.java:40)
	at Main.quick(Main.java:41)
	at Main.quick(Main.java:40)
	at Main.quick(Main.java:41)
	at Main.quick(Main.java:40)
	at Main.quick(Main.java:41)
	at Main.quick(Main.java:40)
	at Main.quick(Main.java:41)
	at Main.quick(Main.java:40)
	at Main.quick(Main.java:41)
	at Main.quick(Main.java:40)
	at Main.quick(Main.java:41)
	at Main.quick(Main.java:40)
	at Main.quick(Main.java:41)
	at Main.quick(Main.java:40)
	at Main.quick(Main.java:41)
	at Main.quick(Main.java:40)
	at Main.quick(Main.java:41)
	at Main.quick(Main.java:40)
	at Main.quick(Main.java:41)
	at Main.quick(Main.java:40)
	at Main.quick(Main.java:41)
	at Main.quick(Main.java:40)
	at Main.quick(Main.java:41)
	at Main.quick(Main.java:40)
	at Main.quick(Main.java:41)
	at Main.quick(Main.java:40)
	at Main.quick(Main.java:41)
	at Main.quick(Main.java:40)
	at Main.quick(Main.java:41)
	at Main.quick(Main.java:40)
	at Main.quick(Main.java:41)
	at Main.quick(Main.java:40)
	at Main.quick(Main.java:41)
	at Main.quick(Main.java:40)
	at Main.quick(Main.java:41)
	at Main.quick(Main.java:40)
	at Main.quick(Main.java:41)
	at Main.quick(Main.java:40)
	at Main.quick(Main.java:41)
	at Main.quick(Main.java:40)
	at Main.quick(Main.java:41)
	at Main.quick(Main.java:40)
	at Main.quick(Main.java:41)
	at Main.quick(Main.java:40)
	at Main.quick(Main.java:41)
	at Main.quick(Main.java:40)
	at Main.quick(Main.java:41)
	at Main.quick(Main.java:40)
	at Main.quick(Main.java:41)
	at Main.quick(Main.java:40)
	at Main.quick(Main.java:41)
	at Main.quick(Main.java:40)
	at Main.quick(Main.java:41)
	at Main.quick(Main.java:40)
	at Main.quick(Main.java:41)
	at Main.quick(Main.java:40)
	at Main.quick(Main.java:41)
	at Main.quick(Main.java:40)
	at Main.quick(Main.java:41)
	at Main.quick(Main.java:40)
	at Main.quick(Main.java:41)
	at Main.quick(Main.java:40)
	at Main.quick(Main.java:41)
	at Main.quick(Main.java:40)
	at Main.quick(Main.java:41)
	at Main.quick(Main.java:40)
	at Main.quick(Main.java:41)
	at Main.quick(Main.java:40)
	at Main.quick(Main.java:41)
	at Main.quick(Main.java:40)
	at Main.quick(Main.java:41)
	at Main.quick(Main.java:40)
	at Main.quick(Main.java:41)
	at Main.quick(Main.java:40)
	at Main.quick(Main.java:41)
	at Main.quick(Main.java:40)
	at Main.quick(Main.java:41)
	at Main.quick(Main.java:40)
	at Main.quick(Main.java:41)
	at Main.quick(Main.java:40)
	at Main.quick(Main.java:41)
	at Main.quick(Main.java:40)
	at Main.quick(Main.java:41)
	at Main.quick(Main.java:40)
	at Main.quick(Main.java:41)
	at Main.quick(Main.java:40)
	at Main.quick(Main.java:41)
	at Main.quick(Main.java:40)
	at Main.quick(Main.java:41)
	at Main.quick(Main.java:40)
	at Main.quick(Main.java:41)
	at Main.quick(Main.java:40)
	at Main.quick(Main.java:41)
	at Main.quick(Main.java:40)
	at Main.quick(Main.java:41)
	at Main.quick(Main.java:40)
	at Main.quick(Main.java:41)
	at Main.quick(Main.java:40)
	at Main.quick(Main.java:41)
	at Main.quick(Main.java:40)
	at Main.quick(Main.java:41)
	at Main.quick(Main.java:40)
	at Main.quick(Main.java:41)
	at Main.quick(Main.java:40)
	at Main.quick(Main.java:41)
	at Main.quick(Main.java:40)
	at Main.quick(Main.java:41)
	at Main.quick(Main.java:40)
	at Main.quick(Main.java:41)
	at Main.quick(Main.java:40)
	at Main.quick(Main.java:41)
	at Main.quick(Main.java:40)
	at Main.quick(Main.java:41)
	at Main.quick(Main.java:40)
	at Main.quick(Main.java:41)
	at Main.quick(Main.java:40)
	at Main.quick(Main.java:41)
	at Main.quick(Main.java:40)
	at Main.quick(Main.java:41)
	at Main.quick(Main.java:40)
	at Main.quick(Main.java:41)
	at Main.quick(Main.java:40)
	at Main.quick(Main.java:41)
	at Main.quick(Main.java:40)
	at Main.quick(Main.java:41)
	at Main.quick(Main.java:40)
	at Main.quick(Main.java:41)
	at Main.quick(Main.java:40)
	at Main.quick(Main.java:41)
	at Main.quick(Main.java:40)
	at Main.quick(Main.java:41)
	at Main.quick(Main.java:40)
	at Main.quick(Main.java:41)
	at Main.quick(Main.java:40)

Rules:

1. Focus on exactly ONE method or function if possible.
2. The ""replace"" content must be the complete original buggy function or method copied exactly from the student code.
3. The ""with"" content must be the corrected complete version of that same function/method.
4. Do not include main code, test code, markdown, prose inside JSON values.
5. Do not return just a code fragment like a loop, an if block, statement or expression.
6. If you are unable to identify one exact full function/method to replace, then set:
    - ""target_function"" : ""UNKNOWN""
    - ""replace"" : """"
    - ""with"" : """"

Return valid JSON only with exactly these keys:
{
""diagnosis"": ""1-3 short sentences"",
""hints"": [""hint 1"", ""hint 2"", ""hint 3""],
""target_function"": ""function name or UNKNOWN"",
""replace"": ""exact original full function/method or empty string"",
""with"": ""corrected full function/method or empty string""
}","{
""diagnosis"": ""The randPartition method does not actually randomize the pivot; it always swaps the last two elements, which can cause worst-case recursion and stack overflow on sorted or nearly sorted input. The fix is to select a random index between l and r and swap it with A[r] before partitioning."",
""hints"": [
""Check if the pivot selection is truly random in randPartition."",
""StackOverflowError in quicksort often means bad pivot selection or unbalanced recursion."",
""Use java.util.Random to pick a random pivot index between l and r.""
],
""target_function"": ""randPartition"",
""replace"": ""int randPartition(int[] A, int l, int r) {\n    int i = r-1;\n    int temp = A[i];\n    A[i] = A[r];\n    A[r] = temp;\n    return(partition(A,l,r));\n}"",
""with"": ""int randPartition(int[] A, int l, int r) {\n    java.util.Random rand = new java.util.Random();\n    int pivotIdx = l + rand.nextInt(r - l + 1);\n    int temp = A[pivotIdx];\n    A[pivotIdx] = A[r];\n    A[r] = temp;\n    return partition(A, l, r);\n}""
}",direct_json,"The randPartition method does not actually randomize the pivot; it always swaps the last two elements, which can cause worst-case recursion and stack overflow on sorted or nearly sorted input. The fix is to select a random index between l and r and swap it with A[r] before partitioning.","['Check if the pivot selection is truly random in randPartition.', 'StackOverflowError in quicksort often means bad pivot selection or unbalanced recursion.', 'Use java.util.Random to pick a random pivot index between l and r.']",randPartition,"int randPartition(int[] A, int l, int r) {
    int i = r-1;
    int temp = A[i];
    A[i] = A[r];
    A[r] = temp;
    return(partition(A,l,r));
}","int randPartition(int[] A, int l, int r) {
    java.util.Random rand = new java.util.Random();
    int pivotIdx = l + rand.nextInt(r - l + 1);
    int temp = A[pivotIdx];
    A[pivotIdx] = A[r];
    A[r] = temp;
    return partition(A, l, r);
}"
88,20_21-1-2-java,RZECKLKA,java,1,0.0,runtime_error,"You are a programming tutor.

A student's solution failed tests. Your task is to identify ONE local bug and propose ONE small fix.

Attempt: 1
Approach: Choose the single most likely minimal fix.

Programming language: java
Guessed bug type: runtime_error


    For runtime-error bugs:
    - Check the error message to identify the exact failing access or operation.
    - Check for missing base cases, null checks, invalid parent-child references, and bad index updates.
    - Prioritize fixing the root cause inside one method instead of adding code everywhere to fix it.
    - If the task is a list, tree or array structure then preserve structure invariants after the change.
    

Task title: Sorting (Java)
Task description:
Input: An array $A = [a_1, a_2,...,a_n]$ with $2 \leq n \leq 10^6$
and $\forall 1\leq i \leq n: -10^6 \leq a_i \leq 10^6$

Output:  Array A sorted in ascending order: $A = [a_1, a_2,...,a_n]$,
where $\forall 1 \leq i \leq j \leq n: \; a[i] \leq a[j]$

Implement a sorting procedure in the function ""solution"", which takes
as argument an array ""A"".  Your procedure should
either have a worst-case run time of $O(n \; log \; n)$ or an
average-case run time of $O(n \; log \; n)$ (this should be guaranteed by
randomization). Your solution must not contain the string
""sort"" and ""numpy"" as substring. Importing the random
library is explicitly allowed!

Hint:

Make absolutely sure that you randomize your algorithm using the
Java Random Library. You can ignore this hint
if your implementation has a worst-case runtime of $O(n \; log \; n)$.

Student code currently passes 5/6 tests and fails 1/6 tests.

Student code:
```java
int [] solution(int arr[]) {
    quicksort(arr,0,arr.length-1);
    return arr;
}

int partition(int intArray[], int low, int high) { 
        int pi = intArray[high]; 
        int i = (low-1);
        for (int j=low; j<high; j++) { 
            if (intArray[j] <= pi) { 
                i++; 
                int temp = intArray[i]; 
                intArray[i] = intArray[j]; 
                intArray[j] = temp; 
            } 
        } 
        int temp = intArray[i+1]; 
        intArray[i+1] = intArray[high]; 
        intArray[high] = temp; 
   
        return i+1; 
}

void quicksort(int intArray[], int low, int high) { 
        if (low < high) { 
            int pi = partition(intArray, low, high); 

            quicksort(intArray, low, pi-1); 
            quicksort(intArray, pi+1, high); 
        } 
    }

Task skeleton (if present):
int [] solution(int arr[]) {
    return;
}

Reference answer (for understanding intent only; do not copy whole program unless the whole student solution is only one function/method):
int [] solution(int arr[]){
    Arrays.sort(arr);
    return arr;
}

First failed test:

- test number: 6.0
- expected output: true
- actual output: 
- error message: Exception in thread ""main"" java.lang.StackOverflowError
	at Main.quicksort(Main.java:39)
	at Main.quicksort(Main.java:40)
	at Main.quicksort(Main.java:39)
	at Main.quicksort(Main.java:40)
	at Main.quicksort(Main.java:39)
	at Main.quicksort(Main.java:40)
	at Main.quicksort(Main.java:39)
	at Main.quicksort(Main.java:40)
	at Main.quicksort(Main.java:39)
	at Main.quicksort(Main.java:40)
	at Main.quicksort(Main.java:39)
	at Main.quicksort(Main.java:40)
	at Main.quicksort(Main.java:39)
	at Main.quicksort(Main.java:40)
	at Main.quicksort(Main.java:39)
	at Main.quicksort(Main.java:40)
	at Main.quicksort(Main.java:39)
	at Main.quicksort(Main.java:40)
	at Main.quicksort(Main.java:39)
	at Main.quicksort(Main.java:40)
	at Main.quicksort(Main.java:39)
	at Main.quicksort(Main.java:40)
	at Main.quicksort(Main.java:39)
	at Main.quicksort(Main.java:40)
	at Main.quicksort(Main.java:39)
	at Main.quicksort(Main.java:40)
	at Main.quicksort(Main.java:39)
	at Main.quicksort(Main.java:40)
	at Main.quicksort(Main.java:39)
	at Main.quicksort(Main.java:40)
	at Main.quicksort(Main.java:39)
	at Main.quicksort(Main.java:40)
	at Main.quicksort(Main.java:39)
	at Main.quicksort(Main.java:40)
	at Main.quicksort(Main.java:39)
	at Main.quicksort(Main.java:40)
	at Main.quicksort(Main.java:39)
	at Main.quicksort(Main.java:40)
	at Main.quicksort(Main.java:39)
	at Main.quicksort(Main.java:40)
	at Main.quicksort(Main.java:39)
	at Main.quicksort(Main.java:40)
	at Main.quicksort(Main.java:39)
	at Main.quicksort(Main.java:40)
	at Main.quicksort(Main.java:39)
	at Main.quicksort(Main.java:40)
	at Main.quicksort(Main.java:39)
	at Main.quicksort(Main.java:40)
	at Main.quicksort(Main.java:39)
	at Main.quicksort(Main.java:40)
	at Main.quicksort(Main.java:39)
	at Main.quicksort(Main.java:40)
	at Main.quicksort(Main.java:39)
	at Main.quicksort(Main.java:40)
	at Main.quicksort(Main.java:39)
	at Main.quicksort(Main.java:40)
	at Main.quicksort(Main.java:39)
	at Main.quicksort(Main.java:40)
	at Main.quicksort(Main.java:39)
	at Main.quicksort(Main.java:40)
	at Main.quicksort(Main.java:39)
	at Main.quicksort(Main.java:40)
	at Main.quicksort(Main.java:39)
	at Main.quicksort(Main.java:40)
	at Main.quicksort(Main.java:39)
	at Main.quicksort(Main.java:40)
	at Main.quicksort(Main.java:39)
	at Main.quicksort(Main.java:40)
	at Main.quicksort(Main.java:39)
	at Main.quicksort(Main.java:40)
	at Main.quicksort(Main.java:39)
	at Main.quicksort(Main.java:40)
	at Main.quicksort(Main.java:39)
	at Main.quicksort(Main.java:40)
	at Main.quicksort(Main.java:39)
	at Main.quicksort(Main.java:40)
	at Main.quicksort(Main.java:39)
	at Main.quicksort(Main.java:40)
	at Main.quicksort(Main.java:39)
	at Main.quicksort(Main.java:40)
	at Main.quicksort(Main.java:39)
	at Main.quicksort(Main.java:40)
	at Main.quicksort(Main.java:39)
	at Main.quicksort(Main.java:40)
	at Main.quicksort(Main.java:39)
	at Main.quicksort(Main.java:40)
	at Main.quicksort(Main.java:39)
	at Main.quicksort(Main.java:40)
	at Main.quicksort(Main.java:39)
	at Main.quicksort(Main.java:40)
	at Main.quicksort(Main.java:39)
	at Main.quicksort(Main.java:40)
	at Main.quicksort(Main.java:39)
	at Main.quicksort(Main.java:40)
	at Main.quicksort(Main.java:39)
	at Main.quicksort(Main.java:40)
	at Main.quicksort(Main.java:39)
	at Main.quicksort(Main.java:40)
	at Main.quicksort(Main.java:39)
	at Main.quicksort(Main.java:40)
	at Main.quicksort(Main.java:39)
	at Main.quicksort(Main.java:40)
	at Main.quicksort(Main.java:39)
	at Main.quicksort(Main.java:40)
	at Main.quicksort(Main.java:39)
	at Main.quicksort(Main.java:40)
	at Main.quicksort(Main.java:39)
	at Main.quicksort(Main.java:40)
	at Main.quicksort(Main.java:39)
	at Main.quicksort(Main.java:40)
	at Main.quicksort(Main.java:39)
	at Main.quicksort(Main.java:40)
	at Main.quicksort(Main.java:39)
	at Main.quicksort(Main.java:40)
	at Main.quicksort(Main.java:39)
	at Main.quicksort(Main.java:40)
	at Main.quicksort(Main.java:39)
	at Main.quicksort(Main.java:40)
	at Main.quicksort(Main.java:39)
	at Main.quicksort(Main.java:40)
	at Main.quicksort(Main.java:39)
	at Main.quicksort(Main.java:40)
	at Main.quicksort(Main.java:39)
	at Main.quicksort(Main.java:40)
	at Main.quicksort(Main.java:39)
	at Main.quicksort(Main.java:40)
	at Main.quicksort(Main.java:39)
	at Main.quicksort(Main.java:40)
	at Main.quicksort(Main.java:39)
	at Main.quicksort(Main.java:40)
	at Main.quicksort(Main.java:39)
	at Main.quicksort(Main.java:40)
	at Main.quicksort(Main.java:39)
	at Main.quicksort(Main.java:40)
	at Main.quicksort(Main.java:39)
	at Main.quicksort(Main.java:40)
	at Main.quicksort(Main.java:39)
	at Main.quicksort(Main.java:40)
	at Main.quicksort(Main.java:39)
	at Main.quicksort(Main.java:40)
	at Main.quicksort(Main.java:39)
	at Main.quicksort(Main.java:40)
	at Main.quicksort(Main.java:39)
	at Main.quicksort(Main.java:40)
	at Main.quicksort(Main.java:39)
	at Main.quicksort(Main.java:40)
	at Main.quicksort(Main.java:39)
	at Main.quicksort(Main.java:40)
	at Main.quicksort(Main.java:39)
	at Main.quicksort(Main.java:40)
	at Main.quicksort(Main.java:39)
	at Main.quicksort(Main.java:40)
	at Main.quicksort(Main.java:39)
	at Main.quicksort(Main.java:40)
	at Main.quicksort(Main.java:39)
	at Main.quicksort(Main.java:40)
	at Main.quicksort(Main.java:39)
	at Main.quicksort(Main.java:40)
	at Main.quicksort(Main.java:39)
	at Main.quicksort(Main.java:40)
	at Main.quicksort(Main.java:39)
	at Main.quicksort(Main.java:40)
	at Main.quicksort(Main.java:39)
	at Main.quicksort(Main.java:40)
	at Main.quicksort(Main.java:39)
	at Main.quicksort(Main.java:40)
	at Main.quicksort(Main.java:39)
	at Main.quicksort(Main.java:40)
	at Main.quicksort(Main.java:39)
	at Main.quicksort(Main.java:40)
	at Main.quicksort(Main.java:39)
	at Main.quicksort(Main.java:40)
	at Main.quicksort(Main.java:39)
	at Main.quicksort(Main.java:40)
	at Main.quicksort(Main.java:39)
	at Main.quicksort(Main.java:40)
	at Main.quicksort(Main.java:39)
	at Main.quicksort(Main.java:40)
	at Main.quicksort(Main.java:39)
	at Main.quicksort(Main.java:40)
	at Main.quicksort(Main.java:39)
	at Main.quicksort(Main.java:40)
	at Main.quicksort(Main.java:39)
	at Main.quicksort(Main.java:40)
	at Main.quicksort(Main.java:39)
	at Main.quicksort(Main.java:40)
	at Main.quicksort(Main.java:39)
	at Main.quicksort(Main.java:40)
	at Main.quicksort(Main.java:39)
	at Main.quicksort(Main.java:40)
	at Main.quicksort(Main.java:39)
	at Main.quicksort(Main.java:40)
	at Main.quicksort(Main.java:39)
	at Main.quicksort(Main.java:40)
	at Main.quicksort(Main.java:39)
	at Main.quicksort(Main.java:40)
	at Main.quicksort(Main.java:39)
	at Main.quicksort(Main.java:40)
	at Main.quicksort(Main.java:39)
	at Main.quicksort(Main.java:40)
	at Main.quicksort(Main.java:39)
	at Main.quicksort(Main.java:40)
	at Main.quicksort(Main.java:39)
	at Main.quicksort(Main.java:40)
	at Main.quicksort(Main.java:39)
	at Main.quicksort(Main.java:40)
	at Main.quicksort(Main.java:39)
	at Main.quicksort(Main.java:40)
	at Main.quicksort(Main.java:39)
	at Main.quicksort(Main.java:40)
	at Main.quicksort(Main.java:39)
	at Main.quicksort(Main.java:40)
	at Main.quicksort(Main.java:39)
	at Main.quicksort(Main.java:40)
	at Main.quicksort(Main.java:39)
	at Main.quicksort(Main.java:40)
	at Main.quicksort(Main.java:39)
	at Main.quicksort(Main.java:40)
	at Main.quicksort(Main.java:39)
	at Main.quicksort(Main.java:40)
	at Main.quicksort(Main.java:39)
	at Main.quicksort(Main.java:40)
	at Main.quicksort(Main.java:39)
	at Main.quicksort(Main.java:40)
	at Main.quicksort(Main.java:39)
	at Main.quicksort(Main.java:40)
	at Main.quicksort(Main.java:39)
	at Main.quicksort(Main.java:40)
	at Main.quicksort(Main.java:39)
	at Main.quicksort(Main.java:40)
	at Main.quicksort(Main.java:39)
	at Main.quicksort(Main.java:40)
	at Main.quicksort(Main.java:39)
	at Main.quicksort(Main.java:40)
	at Main.quicksort(Main.java:39)
	at Main.quicksort(Main.java:40)
	at Main.quicksort(Main.java:39)
	at Main.quicksort(Main.java:40)
	at Main.quicksort(Main.java:39)
	at Main.quicksort(Main.java:40)
	at Main.quicksort(Main.java:39)
	at Main.quicksort(Main.java:40)
	at Main.quicksort(Main.java:39)
	at Main.quicksort(Main.java:40)
	at Main.quicksort(Main.java:39)
	at Main.quicksort(Main.java:40)
	at Main.quicksort(Main.java:39)
	at Main.quicksort(Main.java:40)
	at Main.quicksort(Main.java:39)
	at Main.quicksort(Main.java:40)
	at Main.quicksort(Main.java:39)
	at Main.quicksort(Main.java:40)
	at Main.quicksort(Main.java:39)
	at Main.quicksort(Main.java:40)
	at Main.quicksort(Main.java:39)
	at Main.quicksort(Main.java:40)
	at Main.quicksort(Main.java:39)
	at Main.quicksort(Main.java:40)
	at Main.quicksort(Main.java:39)
	at Main.quicksort(Main.java:40)
	at Main.quicksort(Main.java:39)
	at Main.quicksort(Main.java:40)
	at Main.quicksort(Main.java:39)
	at Main.quicksort(Main.java:40)
	at Main.quicksort(Main.java:39)
	at Main.quicksort(Main.java:40)
	at Main.quicksort(Main.java:39)
	at Main.quicksort(Main.java:40)
	at Main.quicksort(Main.java:39)
	at Main.quicksort(Main.java:40)
	at Main.quicksort(Main.java:39)
	at Main.quicksort(Main.java:40)
	at Main.quicksort(Main.java:39)
	at Main.quicksort(Main.java:40)
	at Main.quicksort(Main.java:39)
	at Main.quicksort(Main.java:40)
	at Main.quicksort(Main.java:39)
	at Main.quicksort(Main.java:40)
	at Main.quicksort(Main.java:39)
	at Main.quicksort(Main.java:40)
	at Main.quicksort(Main.java:39)
	at Main.quicksort(Main.java:40)
	at Main.quicksort(Main.java:39)
	at Main.quicksort(Main.java:40)
	at Main.quicksort(Main.java:39)
	at Main.quicksort(Main.java:40)
	at Main.quicksort(Main.java:39)
	at Main.quicksort(Main.java:40)
	at Main.quicksort(Main.java:39)
	at Main.quicksort(Main.java:40)
	at Main.quicksort(Main.java:39)
	at Main.quicksort(Main.java:40)
	at Main.quicksort(Main.java:39)
	at Main.quicksort(Main.java:40)
	at Main.quicksort(Main.java:39)
	at Main.quicksort(Main.java:40)
	at Main.quicksort(Main.java:39)
	at Main.quicksort(Main.java:40)
	at Main.quicksort(Main.java:39)
	at Main.quicksort(Main.java:40)
	at Main.quicksort(Main.java:39)
	at Main.quicksort(Main.java:40)
	at Main.quicksort(Main.java:39)
	at Main.quicksort(Main.java:40)
	at Main.quicksort(Main.java:39)
	at Main.quicksort(Main.java:40)
	at Main.quicksort(Main.java:39)
	at Main.quicksort(Main.java:40)
	at Main.quicksort(Main.java:39)
	at Main.quicksort(Main.java:40)
	at Main.quicksort(Main.java:39)
	at Main.quicksort(Main.java:40)
	at Main.quicksort(Main.java:39)
	at Main.quicksort(Main.java:40)
	at Main.quicksort(Main.java:39)
	at Main.quicksort(Main.java:40)
	at Main.quicksort(Main.java:39)
	at Main.quicksort(Main.java:40)
	at Main.quicksort(Main.java:39)
	at Main.quicksort(Main.java:40)
	at Main.quicksort(Main.java:39)
	at Main.quicksort(Main.java:40)
	at Main.quicksort(Main.java:39)
	at Main.quicksort(Main.java:40)
	at Main.quicksort(Main.java:39)
	at Main.quicksort(Main.java:40)
	at Main.quicksort(Main.java:39)
	at Main.quicksort(Main.java:40)
	at Main.quicksort(Main.java:39)
	at Main.quicksort(Main.java:40)
	at Main.quicksort(Main.java:39)
	at Main.quicksort(Main.java:40)
	at Main.quicksort(Main.java:39)
	at Main.quicksort(Main.java:40)
	at Main.quicksort(Main.java:39)
	at Main.quicksort(Main.java:40)
	at Main.quicksort(Main.java:39)
	at Main.quicksort(Main.java:40)
	at Main.quicksort(Main.java:39)
	at Main.quicksort(Main.java:40)
	at Main.quicksort(Main.java:39)
	at Main.quicksort(Main.java:40)
	at Main.quicksort(Main.java:39)
	at Main.quicksort(Main.java:40)
	at Main.quicksort(Main.java:39)
	at Main.quicksort(Main.java:40)
	at Main.quicksort(Main.java:39)
	at Main.quicksort(Main.java:40)
	at Main.quicksort(Main.java:39)
	at Main.quicksort(Main.java:40)
	at Main.quicksort(Main.java:39)
	at Main.quicksort(Main.java:40)
	at Main.quicksort(Main.java:39)
	at Main.quicksort(Main.java:40)
	at Main.quicksort(Main.java:39)
	at Main.quicksort(Main.java:40)
	at Main.quicksort(Main.java:39)
	at Main.quicksort(Main.java:40)
	at Main.quicksort(Main.java:39)
	at Main.quicksort(Main.java:40)
	at Main.quicksort(Main.java:39)
	at Main.quicksort(Main.java:40)
	at Main.quicksort(Main.java:39)
	at Main.quicksort(Main.java:40)
	at Main.quicksort(Main.java:39)
	at Main.quicksort(Main.java:40)
	at Main.quicksort(Main.java:39)
	at Main.quicksort(Main.java:40)
	at Main.quicksort(Main.java:39)
	at Main.quicksort(Main.java:40)
	at Main.quicksort(Main.java:39)
	at Main.quicksort(Main.java:40)
	at Main.quicksort(Main.java:39)
	at Main.quicksort(Main.java:40)
	at Main.quicksort(Main.java:39)
	at Main.quicksort(Main.java:40)
	at Main.quicksort(Main.java:39)
	at Main.quicksort(Main.java:40)
	at Main.quicksort(Main.java:39)
	at Main.quicksort(Main.java:40)
	at Main.quicksort(Main.java:39)
	at Main.quicksort(Main.java:40)
	at Main.quicksort(Main.java:39)
	at Main.quicksort(Main.java:40)
	at Main.quicksort(Main.java:39)
	at Main.quicksort(Main.java:40)
	at Main.quicksort(Main.java:39)
	at Main.quicksort(Main.java:40)
	at Main.quicksort(Main.java:39)
	at Main.quicksort(Main.java:40)
	at Main.quicksort(Main.java:39)
	at Main.quicksort(Main.java:40)
	at Main.quicksort(Main.java:39)
	at Main.quicksort(Main.java:40)
	at Main.quicksort(Main.java:39)
	at Main.quicksort(Main.java:40)
	at Main.quicksort(Main.java:39)
	at Main.quicksort(Main.java:40)
	at Main.quicksort(Main.java:39)
	at Main.quicksort(Main.java:40)
	at Main.quicksort(Main.java:39)
	at Main.quicksort(Main.java:40)
	at Main.quicksort(Main.java:39)
	at Main.quicksort(Main.java:40)
	at Main.quicksort(Main.java:39)
	at Main.quicksort(Main.java:40)
	at Main.quicksort(Main.java:39)
	at Main.quicksort(Main.java:40)
	at Main.quicksort(Main.java:39)
	at Main.quicksort(Main.java:40)
	at Main.quicksort(Main.java:39)
	at Main.quicksort(Main.java:40)
	at Main.quicksort(Main.java:39)
	at Main.quicksort(Main.java:40)
	at Main.quicksort(Main.java:39)
	at Main.quicksort(Main.java:40)
	at Main.quicksort(Main.java:39)
	at Main.quicksort(Main.java:40)
	at Main.quicksort(Main.java:39)
	at Main.quicksort(Main.java:40)
	at Main.quicksort(Main.java:39)
	at Main.quicksort(Main.java:40)
	at Main.quicksort(Main.java:39)
	at Main.quicksort(Main.java:40)
	at Main.quicksort(Main.java:39)
	at Main.quicksort(Main.java:40)
	at Main.quicksort(Main.java:39)
	at Main.quicksort(Main.java:40)
	at Main.quicksort(Main.java:39)
	at Main.quicksort(Main.java:40)
	at Main.quicksort(Main.java:39)
	at Main.quicksort(Main.java:40)
	at Main.quicksort(Main.java:39)
	at Main.quicksort(Main.java:40)
	at Main.quicksort(Main.java:39)
	at Main.quicksort(Main.java:40)
	at Main.quicksort(Main.java:39)
	at Main.quicksort(Main.java:40)
	at Main.quicksort(Main.java:39)
	at Main.quicksort(Main.java:40)
	at Main.quicksort(Main.java:39)
	at Main.quicksort(Main.java:40)
	at Main.quicksort(Main.java:39)
	at Main.quicksort(Main.java:40)
	at Main.quicksort(Main.java:39)
	at Main.quicksort(Main.java:40)
	at Main.quicksort(Main.java:39)
	at Main.quicksort(Main.java:40)
	at Main.quicksort(Main.java:39)
	at Main.quicksort(Main.java:40)
	at Main.quicksort(Main.java:39)
	at Main.quicksort(Main.java:40)
	at Main.quicksort(Main.java:39)
	at Main.quicksort(Main.java:40)
	at Main.quicksort(Main.java:39)
	at Main.quicksort(Main.java:40)
	at Main.quicksort(Main.java:39)
	at Main.quicksort(Main.java:40)
	at Main.quicksort(Main.java:39)
	at Main.quicksort(Main.java:40)
	at Main.quicksort(Main.java:39)
	at Main.quicksort(Main.java:40)
	at Main.quicksort(Main.java:39)
	at Main.quicksort(Main.java:40)
	at Main.quicksort(Main.java:39)
	at Main.quicksort(Main.java:40)
	at Main.quicksort(Main.java:39)
	at Main.quicksort(Main.java:40)
	at Main.quicksort(Main.java:39)
	at Main.quicksort(Main.java:40)
	at Main.quicksort(Main.java:39)
	at Main.quicksort(Main.java:40)
	at Main.quicksort(Main.java:39)
	at Main.quicksort(Main.java:40)
	at Main.quicksort(Main.java:39)
	at Main.quicksort(Main.java:40)
	at Main.quicksort(Main.java:39)
	at Main.quicksort(Main.java:40)
	at Main.quicksort(Main.java:39)
	at Main.quicksort(Main.java:40)
	at Main.quicksort(Main.java:39)
	at Main.quicksort(Main.java:40)
	at Main.quicksort(Main.java:39)
	at Main.quicksort(Main.java:40)
	at Main.quicksort(Main.java:39)
	at Main.quicksort(Main.java:40)
	at Main.quicksort(Main.java:39)
	at Main.quicksort(Main.java:40)
	at Main.quicksort(Main.java:39)
	at Main.quicksort(Main.java:40)
	at Main.quicksort(Main.java:39)
	at Main.quicksort(Main.java:40)
	at Main.quicksort(Main.java:39)
	at Main.quicksort(Main.java:40)
	at Main.quicksort(Main.java:39)
	at Main.quicksort(Main.java:40)
	at Main.quicksort(Main.java:39)
	at Main.quicksort(Main.java:40)
	at Main.quicksort(Main.java:39)
	at Main.quicksort(Main.java:40)
	at Main.quicksort(Main.java:39)
	at Main.quicksort(Main.java:40)
	at Main.quicksort(Main.java:39)
	at Main.quicksort(Main.java:40)
	at Main.quicksort(Main.java:39)
	at Main.quicksort(Main.java:40)
	at Main.quicksort(Main.java:39)
	at Main.quicksort(Main.java:40)
	at Main.quicksort(Main.java:39)
	at Main.quicksort(Main.java:40)
	at Main.quicksort(Main.java:39)
	at Main.quicksort(Main.java:40)
	at Main.quicksort(Main.java:39)
	at Main.quicksort(Main.java:40)
	at Main.quicksort(Main.java:39)
	at Main.quicksort(Main.java:40)
	at Main.quicksort(Main.java:39)
	at Main.quicksort(Main.java:40)
	at Main.quicksort(Main.java:39)
	at Main.quicksort(Main.java:40)
	at Main.quicksort(Main.java:39)
	at Main.quicksort(Main.java:40)
	at Main.quicksort(Main.java:39)
	at Main.quicksort(Main.java:40)
	at Main.quicksort(Main.java:39)
	at Main.quicksort(Main.java:40)
	at Main.quicksort(Main.java:39)
	at Main.quicksort(Main.java:40)
	at Main.quicksort(Main.java:39)
	at Main.quicksort(Main.java:40)
	at Main.quicksort(Main.java:39)
	at Main.quicksort(Main.java:40)
	at Main.quicksort(Main.java:39)
	at Main.quicksort(Main.java:40)
	at Main.quicksort(Main.java:39)
	at Main.quicksort(Main.java:40)
	at Main.quicksort(Main.java:39)
	at Main.quicksort(Main.java:40)
	at Main.quicksort(Main.java:39)
	at Main.quicksort(Main.java:40)
	at Main.quicksort(Main.java:39)
	at Main.quicksort(Main.java:40)
	at Main.quicksort(Main.java:39)
	at Main.quicksort(Main.java:40)
	at Main.quicksort(Main.java:39)
	at Main.quicksort(Main.java:40)
	at Main.quicksort(Main.java:39)
	at Main.quicksort(Main.java:40)
	at Main.quicksort(Main.java:39)
	at Main.quicksort(Main.java:40)
	at Main.quicksort(Main.java:39)
	at Main.quicksort(Main.java:40)
	at Main.quicksort(Main.java:39)
	at Main.quicksort(Main.java:40)
	at Main.quicksort(Main.java:39)
	at Main.quicksort(Main.java:40)
	at Main.quicksort(Main.java:39)
	at Main.quicksort(Main.java:40)
	at Main.quicksort(Main.java:39)
	at Main.quicksort(Main.java:40)
	at Main.quicksort(Main.java:39)
	at Main.quicksort(Main.java:40)
	at Main.quicksort(Main.java:39)
	at Main.quicksort(Main.java:40)
	at Main.quicksort(Main.java:39)
	at Main.quicksort(Main.java:40)
	at Main.quicksort(Main.java:39)
	at Main.quicksort(Main.java:40)
	at Main.quicksort(Main.java:39)
	at Main.quicksort(Main.java:40)
	at Main.quicksort(Main.java:39)
	at Main.quicksort(Main.java:40)
	at Main.quicksort(Main.java:39)
	at Main.quicksort(Main.java:40)
	at Main.quicksort(Main.java:39)
	at Main.quicksort(Main.java:40)
	at Main.quicksort(Main.java:39)
	at Main.quicksort(Main.java:40)
	at Main.quicksort(Main.java:39)
	at Main.quicksort(Main.java:40)
	at Main.quicksort(Main.java:39)
	at Main.quicksort(Main.java:40)
	at Main.quicksort(Main.java:39)
	at Main.quicksort(Main.java:40)
	at Main.quicksort(Main.java:39)
	at Main.quicksort(Main.java:40)
	at Main.quicksort(Main.java:39)
	at Main.quicksort(Main.java:40)
	at Main.quicksort(Main.java:39)
	at Main.quicksort(Main.java:40)
	at Main.quicksort(Main.java:39)
	at Main.quicksort(Main.java:40)
	at Main.quicksort(Main.java:39)
	at Main.quicksort(Main.java:40)
	at Main.quicksort(Main.java:39)
	at Main.quicksort(Main.java:40)
	at Main.quicksort(Main.java:39)
	at Main.quicksort(Main.java:40)
	at Main.quicksort(Main.java:39)
	at Main.quicksort(Main.java:40)
	at Main.quicksort(Main.java:39)
	at Main.quicksort(Main.java:40)
	at Main.quicksort(Main.java:39)
	at Main.quicksort(Main.java:40)
	at Main.quicksort(Main.java:39)
	at Main.quicksort(Main.java:40)
	at Main.quicksort(Main.java:39)
	at Main.quicksort(Main.java:40)
	at Main.quicksort(Main.java:39)
	at Main.quicksort(Main.java:40)
	at Main.quicksort(Main.java:39)
	at Main.quicksort(Main.java:40)
	at Main.quicksort(Main.java:39)
	at Main.quicksort(Main.java:40)
	at Main.quicksort(Main.java:39)
	at Main.quicksort(Main.java:40)
	at Main.quicksort(Main.java:39)
	at Main.quicksort(Main.java:40)
	at Main.quicksort(Main.java:39)
	at Main.quicksort(Main.java:40)
	at Main.quicksort(Main.java:39)
	at Main.quicksort(Main.java:40)
	at Main.quicksort(Main.java:39)
	at Main.quicksort(Main.java:40)
	at Main.quicksort(Main.java:39)
	at Main.quicksort(Main.java:40)
	at Main.quicksort(Main.java:39)
	at Main.quicksort(Main.java:40)
	at Main.quicksort(Main.java:39)
	at Main.quicksort(Main.java:40)
	at Main.quicksort(Main.java:39)
	at Main.quicksort(Main.java:40)
	at Main.quicksort(Main.java:39)
	at Main.quicksort(Main.java:40)
	at Main.quicksort(Main.java:39)
	at Main.quicksort(Main.java:40)
	at Main.quicksort(Main.java:39)
	at Main.quicksort(Main.java:40)
	at Main.quicksort(Main.java:39)
	at Main.quicksort(Main.java:40)
	at Main.quicksort(Main.java:39)
	at Main.quicksort(Main.java:40)
	at Main.quicksort(Main.java:39)
	at Main.quicksort(Main.java:40)
	at Main.quicksort(Main.java:39)
	at Main.quicksort(Main.java:40)
	at Main.quicksort(Main.java:39)
	at Main.quicksort(Main.java:40)
	at Main.quicksort(Main.java:39)
	at Main.quicksort(Main.java:40)
	at Main.quicksort(Main.java:39)
	at Main.quicksort(Main.java:40)
	at Main.quicksort(Main.java:39)
	at Main.quicksort(Main.java:40)
	at Main.quicksort(Main.java:39)
	at Main.quicksort(Main.java:40)
	at Main.quicksort(Main.java:39)
	at Main.quicksort(Main.java:40)
	at Main.quicksort(Main.java:39)
	at Main.quicksort(Main.java:40)
	at Main.quicksort(Main.java:39)
	at Main.quicksort(Main.java:40)
	at Main.quicksort(Main.java:39)
	at Main.quicksort(Main.java:40)
	at Main.quicksort(Main.java:39)
	at Main.quicksort(Main.java:40)
	at Main.quicksort(Main.java:39)
	at Main.quicksort(Main.java:40)
	at Main.quicksort(Main.java:39)
	at Main.quicksort(Main.java:40)
	at Main.quicksort(Main.java:39)
	at Main.quicksort(Main.java:40)
	at Main.quicksort(Main.java:39)
	at Main.quicksort(Main.java:40)
	at Main.quicksort(Main.java:39)
	at Main.quicksort(Main.java:40)
	at Main.quicksort(Main.java:39)
	at Main.quicksort(Main.java:40)
	at Main.quicksort(Main.java:39)
	at Main.quicksort(Main.java:40)
	at Main.quicksort(Main.java:39)
	at Main.quicksort(Main.java:40)
	at Main.quicksort(Main.java:39)
	at Main.quicksort(Main.java:40)
	at Main.quicksort(Main.java:39)
	at Main.quicksort(Main.java:40)
	at Main.quicksort(Main.java:39)
	at Main.quicksort(Main.java:40)
	at Main.quicksort(Main.java:39)
	at Main.quicksort(Main.java:40)
	at Main.quicksort(Main.java:39)
	at Main.quicksort(Main.java:40)
	at Main.quicksort(Main.java:39)
	at Main.quicksort(Main.java:40)
	at Main.quicksort(Main.java:39)
	at Main.quicksort(Main.java:40)
	at Main.quicksort(Main.java:39)
	at Main.quicksort(Main.java:40)
	at Main.quicksort(Main.java:39)
	at Main.quicksort(Main.java:40)
	at Main.quicksort(Main.java:39)
	at Main.quicksort(Main.java:40)
	at Main.quicksort(Main.java:39)
	at Main.quicksort(Main.java:40)
	at Main.quicksort(Main.java:39)
	at Main.quicksort(Main.java:40)
	at Main.quicksort(Main.java:39)
	at Main.quicksort(Main.java:40)
	at Main.quicksort(Main.java:39)
	at Main.quicksort(Main.java:40)
	at Main.quicksort(Main.java:39)
	at Main.quicksort(Main.java:40)
	at Main.quicksort(Main.java:39)
	at Main.quicksort(Main.java:40)
	at Main.quicksort(Main.java:39)
	at Main.quicksort(Main.java:40)
	at Main.quicksort(Main.java:39)
	at Main.quicksort(Main.java:40)
	at Main.quicksort(Main.java:39)
	at Main.quicksort(Main.java:40)
	at Main.quicksort(Main.java:39)
	at Main.quicksort(Main.java:40)
	at Main.quicksort(Main.java:39)
	at Main.quicksort(Main.java:40)
	at Main.quicksort(Main.java:39)
	at Main.quicksort(Main.java:40)
	at Main.quicksort(Main.java:39)
	at Main.quicksort(Main.java:40)
	at Main.quicksort(Main.java:39)
	at Main.quicksort(Main.java:40)
	at Main.quicksort(Main.java:39)
	at Main.quicksort(Main.java:40)
	at Main.quicksort(Main.java:39)
	at Main.quicksort(Main.java:40)
	at Main.quicksort(Main.java:39)
	at Main.quicksort(Main.java:40)
	at Main.quicksort(Main.java:39)
	at Main.quicksort(Main.java:40)
	at Main.quicksort(Main.java:39)
	at Main.quicksort(Main.java:40)
	at Main.quicksort(Main.java:39)
	at Main.quicksort(Main.java:40)
	at Main.quicksort(Main.java:39)
	at Main.quicksort(Main.java:40)
	at Main.quicksort(Main.java:39)
	at Main.quicksort(Main.java:40)
	at Main.quicksort(Main.java:39)
	at Main.quicksort(Main.java:40)
	at Main.quicksort(Main.java:39)
	at Main.quicksort(Main.java:40)
	at Main.quicksort(Main.java:39)
	at Main.quicksort(Main.java:40)
	at Main.quicksort(Main.java:39)
	at Main.quicksort(Main.java:40)
	at Main.quicksort(Main.java:39)
	at Main.quicksort(Main.java:40)
	at Main.quicksort(Main.java:39)
	at Main.quicksort(Main.java:40)
	at Main.quicksort(Main.java:39)
	at Main.quicksort(Main.java:40)
	at Main.quicksort(Main.java:39)
	at Main.quicksort(Main.java:40)
	at Main.quicksort(Main.java:39)
	at Main.quicksort(Main.java:40)
	at Main.quicksort(Main.java:39)
	at Main.quicksort(Main.java:40)
	at Main.quicksort(Main.java:39)
	at Main.quicksort(Main.java:40)
	at Main.quicksort(Main.java:39)
	at Main.quicksort(Main.java:40)
	at Main.quicksort(Main.java:39)
	at Main.quicksort(Main.java:40)
	at Main.quicksort(Main.java:39)
	at Main.quicksort(Main.java:40)
	at Main.quicksort(Main.java:39)
	at Main.quicksort(Main.java:40)
	at Main.quicksort(Main.java:39)
	at Main.quicksort(Main.java:40)
	at Main.quicksort(Main.java:39)
	at Main.quicksort(Main.java:40)
	at Main.quicksort(Main.java:39)
	at Main.quicksort(Main.java:40)
	at Main.quicksort(Main.java:39)
	at Main.quicksort(Main.java:40)
	at Main.quicksort(Main.java:39)
	at Main.quicksort(Main.java:40)
	at Main.quicksort(Main.java:39)
	at Main.quicksort(Main.java:40)
	at Main.quicksort(Main.java:39)
	at Main.quicksort(Main.java:40)
	at Main.quicksort(Main.java:39)
	at Main.quicksort(Main.java:40)
	at Main.quicksort(Main.java:39)
	at Main.quicksort(Main.java:40)
	at Main.quicksort(Main.java:39)
	at Main.quicksort(Main.java:40)
	at Main.quicksort(Main.java:39)
	at Main.quicksort(Main.java:40)
	at Main.quicksort(Main.java:39)
	at Main.quicksort(Main.java:40)
	at Main.quicksort(Main.java:39)
	at Main.quicksort(Main.java:40)
	at Main.quicksort(Main.java:39)
	at Main.quicksort(Main.java:40)
	at Main.quicksort(Main.java:39)
	at Main.quicksort(Main.java:40)
	at Main.quicksort(Main.java:39)
	at Main.quicksort(Main.java:40)
	at Main.quicksort(Main.java:39)
	at Main.quicksort(Main.java:40)
	at Main.quicksort(Main.java:39)
	at Main.quicksort(Main.java:40)
	at Main.quicksort(Main.java:39)
	at Main.quicksort(Main.java:40)
	at Main.quicksort(Main.java:39)
	at Main.quicksort(Main.java:40)
	at Main.quicksort(Main.java:39)
	at Main.quicksort(Main.java:40)
	at Main.quicksort(Main.java:39)
	at Main.quicksort(Main.java:40)
	at Main.quicksort(Main.java:39)
	at Main.quicksort(Main.java:40)
	at Main.quicksort(Main.java:39)
	at Main.quicksort(Main.java:40)
	at Main.quicksort(Main.java:39)
	at Main.quicksort(Main.java:40)
	at Main.quicksort(Main.java:39)
	at Main.quicksort(Main.java:40)
	at Main.quicksort(Main.java:39)
	at Main.quicksort(Main.java:40)
	at Main.quicksort(Main.java:39)
	at Main.quicksort(Main.java:40)
	at Main.quicksort(Main.java:39)
	at Main.quicksort(Main.java:40)
	at Main.quicksort(Main.java:39)
	at Main.quicksort(Main.java:40)
	at Main.quicksort(Main.java:39)
	at Main.quicksort(Main.java:40)
	at Main.quicksort(Main.java:39)
	at Main.quicksort(Main.java:40)
	at Main.quicksort(Main.java:39)
	at Main.quicksort(Main.java:40)
	at Main.quicksort(Main.java:39)
	at Main.quicksort(Main.java:40)
	at Main.quicksort(Main.java:39)
	at Main.quicksort(Main.java:40)
	at Main.quicksort(Main.java:39)
	at Main.quicksort(Main.java:40)
	at Main.quicksort(Main.java:39)
	at Main.quicksort(Main.java:40)
	at Main.quicksort(Main.java:39)
	at Main.quicksort(Main.java:40)
	at Main.quicksort(Main.java:39)
	at Main.quicksort(Main.java:40)
	at Main.quicksort(Main.java:39)
	at Main.quicksort(Main.java:40)
	at Main.quicksort(Main.java:39)
	at Main.quicksort(Main.java:40)
	at Main.quicksort(Main.java:39)
	at Main.quicksort(Main.java:40)
	at Main.quicksort(Main.java:39)
	at Main.quicksort(Main.java:40)
	at Main.quicksort(Main.java:39)
	at Main.quicksort(Main.java:40)
	at Main.quicksort(Main.java:39)
	at Main.quicksort(Main.java:40)
	at Main.quicksort(Main.java:39)
	at Main.quicksort(Main.java:40)
	at Main.quicksort(Main.java:39)
	at Main.quicksort(Main.java:40)
	at Main.quicksort(Main.java:39)
	at Main.quicksort(Main.java:40)
	at Main.quicksort(Main.java:39)
	at Main.quicksort(Main.java:40)
	at Main.quicksort(Main.java:39)
	at Main.quicksort(Main.java:40)
	at Main.quicksort(Main.java:39)
	at Main.quicksort(Main.java:40)
	at Main.quicksort(Main.java:39)
	at Main.quicksort(Main.java:40)
	at Main.quicksort(Main.java:39)
	at Main.quicksort(Main.java:40)
	at Main.quicksort(Main.java:39)
	at Main.quicksort(Main.java:40)
	at Main.quicksort(Main.java:39)
	at Main.quicksort(Main.java:40)
	at Main.quicksort(Main.java:39)
	at Main.quicksort(Main.java:40)
	at Main.quicksort(Main.java:39)
	at Main.quicksort(Main.java:40)
	at Main.quicksort(Main.java:39)
	at Main.quicksort(Main.java:40)
	at Main.quicksort(Main.java:39)
	at Main.quicksort(Main.java:40)
	at Main.quicksort(Main.java:39)
	at Main.quicksort(Main.java:40)
	at Main.quicksort(Main.java:39)
	at Main.quicksort(Main.java:40)
	at Main.quicksort(Main.java:39)
	at Main.quicksort(Main.java:40)
	at Main.quicksort(Main.java:39)
	at Main.quicksort(Main.java:40)
	at Main.quicksort(Main.java:39)
	at Main.quicksort(Main.java:40)
	at Main.quicksort(Main.java:39)
	at Main.quicksort(Main.java:40)
	at Main.quicksort(Main.java:39)
	at Main.quicksort(Main.java:40)
	at Main.quicksort(Main.java:39)
	at Main.quicksort(Main.java:40)
	at Main.quicksort(Main.java:39)
	at Main.quicksort(Main.java:40)
	at Main.quicksort(Main.java:39)
	at Main.quicksort(Main.java:40)
	at Main.quicksort(Main.java:39)
	at Main.quicksort(Main.java:40)
	at Main.quicksort(Main.java:39)
	at Main.quicksort(Main.java:40)
	at Main.quicksort(Main.java:39)
	at Main.quicksort(Main.java:40)
	at Main.quicksort(Main.java:39)
	at Main.quicksort(Main.java:40)
	at Main.quicksort(Main.java:39)
	at Main.quicksort(Main.java:40)
	at Main.quicksort(Main.java:39)
	at Main.quicksort(Main.java:40)
	at Main.quicksort(Main.java:39)
	at Main.quicksort(Main.java:40)
	at Main.quicksort(Main.java:39)
	at Main.quicksort(Main.java:40)
	at Main.quicksort(Main.java:39)
	at Main.quicksort(Main.java:40)
	at Main.quicksort(Main.java:39)
	at Main.quicksort(Main.java:40)
	at Main.quicksort(Main.java:39)
	at Main.quicksort(Main.java:40)
	at Main.quicksort(Main.java:39)
	at Main.quicksort(Main.java:40)
	at Main.quicksort(Main.java:39)
	at Main.quicksort(Main.java:40)
	at Main.quicksort(Main.java:39)
	at Main.quicksort(Main.java:40)
	at Main.quicksort(Main.java:39)
	at Main.quicksort(Main.java:40)
	at Main.quicksort(Main.java:39)
	at Main.quicksort(Main.java:40)
	at Main.quicksort(Main.java:39)
	at Main.quicksort(Main.java:40)
	at Main.quicksort(Main.java:39)
	at Main.quicksort(Main.java:40)
	at Main.quicksort(Main.java:39)
	at Main.quicksort(Main.java:40)
	at Main.quicksort(Main.java:39)
	at Main.quicksort(Main.java:40)
	at Main.quicksort(Main.java:39)
	at Main.quicksort(Main.java:40)
	at Main.quicksort(Main.java:39)
	at Main.quicksort(Main.java:40)
	at Main.quicksort(Main.java:39)
	at Main.quicksort(Main.java:40)
	at Main.quicksort(Main.java:39)
	at Main.quicksort(Main.java:40)
	at Main.quicksort(Main.java:39)
	at Main.quicksort(Main.java:40)
	at Main.quicksort(Main.java:39)
	at Main.quicksort(Main.java:40)
	at Main.quicksort(Main.java:39)
	at Main.quicksort(Main.java:40)
	at Main.quicksort(Main.java:39)
	at Main.quicksort(Main.java:40)
	at Main.quicksort(Main.java:39)
	at Main.quicksort(Main.java:40)
	at Main.quicksort(Main.java:39)
	at Main.quicksort(Main.java:40)
	at Main.quicksort(Main.java:39)
	at Main.quicksort(Main.java:40)
	at Main.quicksort(Main.java:39)
	at Main.quicksort(Main.java:40)
	at Main.quicksort(Main.java:39)
	at Main.quicksort(Main.java:40)
	at Main.quicksort(Main.java:39)
	at Main.quicksort(Main.java:40)
	at Main.quicksort(Main.java:39)
	at Main.quicksort(Main.java:40)
	at Main.quicksort(Main.java:39)
	at Main.quicksort(Main.java:40)
	at Main.quicksort(Main.java:39)
	at Main.quicksort(Main.java:40)
	at Main.quicksort(Main.java:39)
	at Main.quicksort(Main.java:40)
	at Main.quicksort(Main.java:39)
	at Main.quicksort(Main.java:40)
	at Main.quicksort(Main.java:39)
	at Main.quicksort(Main.java:40)
	at Main.quicksort(Main.java:39)
	at Main.quicksort(Main.java:40)
	at Main.quicksort(Main.java:39)
	at Main.quicksort(Main.java:40)
	at Main.quicksort(Main.java:39)
	at Main.quicksort(Main.java:40)
	at Main.quicksort(Main.java:39)
	at Main.quicksort(Main.java:40)
	at Main.quicksort(Main.java:39)
	at Main.quicksort(Main.java:40)
	at Main.quicksort(Main.java:39)
	at Main.quicksort(Main.java:40)
	at Main.quicksort(Main.java:39)
	at Main.quicksort(Main.java:40)
	at Main.quicksort(Main.java:39)
	at Main.quicksort(Main.java:40)
	at Main.quicksort(Main.java:39)
	at Main.quicksort(Main.java:40)
	at Main.quicksort(Main.java:39)
	at Main.quicksort(Main.java:40)
	at Main.quicksort(Main.java:39)
	at Main.quicksort(Main.java:40)
	at Main.quicksort(Main.java:39)
	at Main.quicksort(Main.java:40)
	at Main.quicksort(Main.java:39)
	at Main.quicksort(Main.java:40)
	at Main.quicksort(Main.java:39)
	at Main.quicksort(Main.java:40)
	at Main.quicksort(Main.java:39)
	at Main.quicksort(Main.java:40)

Rules:

1. Focus on exactly ONE method or function if possible.
2. The ""replace"" content must be the complete original buggy function or method copied exactly from the student code.
3. The ""with"" content must be the corrected complete version of that same function/method.
4. Do not include main code, test code, markdown, prose inside JSON values.
5. Do not return just a code fragment like a loop, an if block, statement or expression.
6. If you are unable to identify one exact full function/method to replace, then set:
    - ""target_function"" : ""UNKNOWN""
    - ""replace"" : """"
    - ""with"" : """"

Return valid JSON only with exactly these keys:
{
""diagnosis"": ""1-3 short sentences"",
""hints"": [""hint 1"", ""hint 2"", ""hint 3""],
""target_function"": ""function name or UNKNOWN"",
""replace"": ""exact original full function/method or empty string"",
""with"": ""corrected full function/method or empty string""
}","{
""diagnosis"": ""Your quicksort implementation can hit worst-case recursion depth (StackOverflowError) on already sorted or nearly sorted arrays. To fix this, randomize the pivot selection in partition()."",
""hints"": [""Always randomize the pivot in quicksort to avoid worst-case recursion."", ""Use java.util.Random to pick a random index between low and high."", ""Swap the random pivot with the high element before partitioning.""],
""target_function"": ""partition"",
""replace"": ""int partition(int intArray[], int low, int high) { \n        int pi = intArray[high]; \n        int i = (low-1);\n        for (int j=low; j<high; j++) { \n            if (intArray[j] <= pi) { \n                i++; \n                int temp = intArray[i]; \n                intArray[i] = intArray[j]; \n                intArray[j] = temp; \n            } \n        } \n        int temp = intArray[i+1]; \n        intArray[i+1] = intArray[high]; \n        intArray[high] = temp; \n   \n        return i+1; \n}"",
""with"": ""int partition(int intArray[], int low, int high) { \n        java.util.Random rand = new java.util.Random();\n        int pivotIndex = low + rand.nextInt(high - low + 1);\n        int tempPivot = intArray[pivotIndex];\n        intArray[pivotIndex] = intArray[high];\n        intArray[high] = tempPivot;\n        int pi = intArray[high]; \n        int i = (low-1);\n        for (int j=low; j<high; j++) { \n            if (intArray[j] <= pi) { \n                i++; \n                int temp = intArray[i]; \n                intArray[i] = intArray[j]; \n                intArray[j] = temp; \n            } \n        } \n        int temp = intArray[i+1]; \n        intArray[i+1] = intArray[high]; \n        intArray[high] = temp; \n   \n        return i+1; \n}""
}",direct_json,"Your quicksort implementation can hit worst-case recursion depth (StackOverflowError) on already sorted or nearly sorted arrays. To fix this, randomize the pivot selection in partition().","['Always randomize the pivot in quicksort to avoid worst-case recursion.', 'Use java.util.Random to pick a random index between low and high.', 'Swap the random pivot with the high element before partitioning.']",partition,"int partition(int intArray[], int low, int high) { 
        int pi = intArray[high]; 
        int i = (low-1);
        for (int j=low; j<high; j++) { 
            if (intArray[j] <= pi) { 
                i++; 
                int temp = intArray[i]; 
                intArray[i] = intArray[j]; 
                intArray[j] = temp; 
            } 
        } 
        int temp = intArray[i+1]; 
        intArray[i+1] = intArray[high]; 
        intArray[high] = temp; 
   
        return i+1; 
}","int partition(int intArray[], int low, int high) { 
        java.util.Random rand = new java.util.Random();
        int pivotIndex = low + rand.nextInt(high - low + 1);
        int tempPivot = intArray[pivotIndex];
        intArray[pivotIndex] = intArray[high];
        intArray[high] = tempPivot;
        int pi = intArray[high]; 
        int i = (low-1);
        for (int j=low; j<high; j++) { 
            if (intArray[j] <= pi) { 
                i++; 
                int temp = intArray[i]; 
                intArray[i] = intArray[j]; 
                intArray[j] = temp; 
            } 
        } 
        int temp = intArray[i+1]; 
        intArray[i+1] = intArray[high]; 
        intArray[high] = temp; 
   
        return i+1; 
}"
88,20_21-1-2-java,RZECKLKA,java,2,0.2,runtime_error,"You are a programming tutor.

A student's solution failed tests. Your task is to identify ONE local bug and propose ONE small fix.

Attempt: 2
Approach: Choose a different localized fix, prioritizing null checks, state updates, index updates, or base-case errors when relevant.

Programming language: java
Guessed bug type: runtime_error


    For runtime-error bugs:
    - Check the error message to identify the exact failing access or operation.
    - Check for missing base cases, null checks, invalid parent-child references, and bad index updates.
    - Prioritize fixing the root cause inside one method instead of adding code everywhere to fix it.
    - If the task is a list, tree or array structure then preserve structure invariants after the change.
    

Task title: Sorting (Java)
Task description:
Input: An array $A = [a_1, a_2,...,a_n]$ with $2 \leq n \leq 10^6$
and $\forall 1\leq i \leq n: -10^6 \leq a_i \leq 10^6$

Output:  Array A sorted in ascending order: $A = [a_1, a_2,...,a_n]$,
where $\forall 1 \leq i \leq j \leq n: \; a[i] \leq a[j]$

Implement a sorting procedure in the function ""solution"", which takes
as argument an array ""A"".  Your procedure should
either have a worst-case run time of $O(n \; log \; n)$ or an
average-case run time of $O(n \; log \; n)$ (this should be guaranteed by
randomization). Your solution must not contain the string
""sort"" and ""numpy"" as substring. Importing the random
library is explicitly allowed!

Hint:

Make absolutely sure that you randomize your algorithm using the
Java Random Library. You can ignore this hint
if your implementation has a worst-case runtime of $O(n \; log \; n)$.

Student code currently passes 5/6 tests and fails 1/6 tests.

Student code:
```java
int [] solution(int arr[]) {
    quicksort(arr,0,arr.length-1);
    return arr;
}

int partition(int intArray[], int low, int high) { 
        int pi = intArray[high]; 
        int i = (low-1);
        for (int j=low; j<high; j++) { 
            if (intArray[j] <= pi) { 
                i++; 
                int temp = intArray[i]; 
                intArray[i] = intArray[j]; 
                intArray[j] = temp; 
            } 
        } 
        int temp = intArray[i+1]; 
        intArray[i+1] = intArray[high]; 
        intArray[high] = temp; 
   
        return i+1; 
}

void quicksort(int intArray[], int low, int high) { 
        if (low < high) { 
            int pi = partition(intArray, low, high); 

            quicksort(intArray, low, pi-1); 
            quicksort(intArray, pi+1, high); 
        } 
    }

Task skeleton (if present):
int [] solution(int arr[]) {
    return;
}

Reference answer (for understanding intent only; do not copy whole program unless the whole student solution is only one function/method):
int [] solution(int arr[]){
    Arrays.sort(arr);
    return arr;
}

First failed test:

- test number: 6.0
- expected output: true
- actual output: 
- error message: Exception in thread ""main"" java.lang.StackOverflowError
	at Main.quicksort(Main.java:39)
	at Main.quicksort(Main.java:40)
	at Main.quicksort(Main.java:39)
	at Main.quicksort(Main.java:40)
	at Main.quicksort(Main.java:39)
	at Main.quicksort(Main.java:40)
	at Main.quicksort(Main.java:39)
	at Main.quicksort(Main.java:40)
	at Main.quicksort(Main.java:39)
	at Main.quicksort(Main.java:40)
	at Main.quicksort(Main.java:39)
	at Main.quicksort(Main.java:40)
	at Main.quicksort(Main.java:39)
	at Main.quicksort(Main.java:40)
	at Main.quicksort(Main.java:39)
	at Main.quicksort(Main.java:40)
	at Main.quicksort(Main.java:39)
	at Main.quicksort(Main.java:40)
	at Main.quicksort(Main.java:39)
	at Main.quicksort(Main.java:40)
	at Main.quicksort(Main.java:39)
	at Main.quicksort(Main.java:40)
	at Main.quicksort(Main.java:39)
	at Main.quicksort(Main.java:40)
	at Main.quicksort(Main.java:39)
	at Main.quicksort(Main.java:40)
	at Main.quicksort(Main.java:39)
	at Main.quicksort(Main.java:40)
	at Main.quicksort(Main.java:39)
	at Main.quicksort(Main.java:40)
	at Main.quicksort(Main.java:39)
	at Main.quicksort(Main.java:40)
	at Main.quicksort(Main.java:39)
	at Main.quicksort(Main.java:40)
	at Main.quicksort(Main.java:39)
	at Main.quicksort(Main.java:40)
	at Main.quicksort(Main.java:39)
	at Main.quicksort(Main.java:40)
	at Main.quicksort(Main.java:39)
	at Main.quicksort(Main.java:40)
	at Main.quicksort(Main.java:39)
	at Main.quicksort(Main.java:40)
	at Main.quicksort(Main.java:39)
	at Main.quicksort(Main.java:40)
	at Main.quicksort(Main.java:39)
	at Main.quicksort(Main.java:40)
	at Main.quicksort(Main.java:39)
	at Main.quicksort(Main.java:40)
	at Main.quicksort(Main.java:39)
	at Main.quicksort(Main.java:40)
	at Main.quicksort(Main.java:39)
	at Main.quicksort(Main.java:40)
	at Main.quicksort(Main.java:39)
	at Main.quicksort(Main.java:40)
	at Main.quicksort(Main.java:39)
	at Main.quicksort(Main.java:40)
	at Main.quicksort(Main.java:39)
	at Main.quicksort(Main.java:40)
	at Main.quicksort(Main.java:39)
	at Main.quicksort(Main.java:40)
	at Main.quicksort(Main.java:39)
	at Main.quicksort(Main.java:40)
	at Main.quicksort(Main.java:39)
	at Main.quicksort(Main.java:40)
	at Main.quicksort(Main.java:39)
	at Main.quicksort(Main.java:40)
	at Main.quicksort(Main.java:39)
	at Main.quicksort(Main.java:40)
	at Main.quicksort(Main.java:39)
	at Main.quicksort(Main.java:40)
	at Main.quicksort(Main.java:39)
	at Main.quicksort(Main.java:40)
	at Main.quicksort(Main.java:39)
	at Main.quicksort(Main.java:40)
	at Main.quicksort(Main.java:39)
	at Main.quicksort(Main.java:40)
	at Main.quicksort(Main.java:39)
	at Main.quicksort(Main.java:40)
	at Main.quicksort(Main.java:39)
	at Main.quicksort(Main.java:40)
	at Main.quicksort(Main.java:39)
	at Main.quicksort(Main.java:40)
	at Main.quicksort(Main.java:39)
	at Main.quicksort(Main.java:40)
	at Main.quicksort(Main.java:39)
	at Main.quicksort(Main.java:40)
	at Main.quicksort(Main.java:39)
	at Main.quicksort(Main.java:40)
	at Main.quicksort(Main.java:39)
	at Main.quicksort(Main.java:40)
	at Main.quicksort(Main.java:39)
	at Main.quicksort(Main.java:40)
	at Main.quicksort(Main.java:39)
	at Main.quicksort(Main.java:40)
	at Main.quicksort(Main.java:39)
	at Main.quicksort(Main.java:40)
	at Main.quicksort(Main.java:39)
	at Main.quicksort(Main.java:40)
	at Main.quicksort(Main.java:39)
	at Main.quicksort(Main.java:40)
	at Main.quicksort(Main.java:39)
	at Main.quicksort(Main.java:40)
	at Main.quicksort(Main.java:39)
	at Main.quicksort(Main.java:40)
	at Main.quicksort(Main.java:39)
	at Main.quicksort(Main.java:40)
	at Main.quicksort(Main.java:39)
	at Main.quicksort(Main.java:40)
	at Main.quicksort(Main.java:39)
	at Main.quicksort(Main.java:40)
	at Main.quicksort(Main.java:39)
	at Main.quicksort(Main.java:40)
	at Main.quicksort(Main.java:39)
	at Main.quicksort(Main.java:40)
	at Main.quicksort(Main.java:39)
	at Main.quicksort(Main.java:40)
	at Main.quicksort(Main.java:39)
	at Main.quicksort(Main.java:40)
	at Main.quicksort(Main.java:39)
	at Main.quicksort(Main.java:40)
	at Main.quicksort(Main.java:39)
	at Main.quicksort(Main.java:40)
	at Main.quicksort(Main.java:39)
	at Main.quicksort(Main.java:40)
	at Main.quicksort(Main.java:39)
	at Main.quicksort(Main.java:40)
	at Main.quicksort(Main.java:39)
	at Main.quicksort(Main.java:40)
	at Main.quicksort(Main.java:39)
	at Main.quicksort(Main.java:40)
	at Main.quicksort(Main.java:39)
	at Main.quicksort(Main.java:40)
	at Main.quicksort(Main.java:39)
	at Main.quicksort(Main.java:40)
	at Main.quicksort(Main.java:39)
	at Main.quicksort(Main.java:40)
	at Main.quicksort(Main.java:39)
	at Main.quicksort(Main.java:40)
	at Main.quicksort(Main.java:39)
	at Main.quicksort(Main.java:40)
	at Main.quicksort(Main.java:39)
	at Main.quicksort(Main.java:40)
	at Main.quicksort(Main.java:39)
	at Main.quicksort(Main.java:40)
	at Main.quicksort(Main.java:39)
	at Main.quicksort(Main.java:40)
	at Main.quicksort(Main.java:39)
	at Main.quicksort(Main.java:40)
	at Main.quicksort(Main.java:39)
	at Main.quicksort(Main.java:40)
	at Main.quicksort(Main.java:39)
	at Main.quicksort(Main.java:40)
	at Main.quicksort(Main.java:39)
	at Main.quicksort(Main.java:40)
	at Main.quicksort(Main.java:39)
	at Main.quicksort(Main.java:40)
	at Main.quicksort(Main.java:39)
	at Main.quicksort(Main.java:40)
	at Main.quicksort(Main.java:39)
	at Main.quicksort(Main.java:40)
	at Main.quicksort(Main.java:39)
	at Main.quicksort(Main.java:40)
	at Main.quicksort(Main.java:39)
	at Main.quicksort(Main.java:40)
	at Main.quicksort(Main.java:39)
	at Main.quicksort(Main.java:40)
	at Main.quicksort(Main.java:39)
	at Main.quicksort(Main.java:40)
	at Main.quicksort(Main.java:39)
	at Main.quicksort(Main.java:40)
	at Main.quicksort(Main.java:39)
	at Main.quicksort(Main.java:40)
	at Main.quicksort(Main.java:39)
	at Main.quicksort(Main.java:40)
	at Main.quicksort(Main.java:39)
	at Main.quicksort(Main.java:40)
	at Main.quicksort(Main.java:39)
	at Main.quicksort(Main.java:40)
	at Main.quicksort(Main.java:39)
	at Main.quicksort(Main.java:40)
	at Main.quicksort(Main.java:39)
	at Main.quicksort(Main.java:40)
	at Main.quicksort(Main.java:39)
	at Main.quicksort(Main.java:40)
	at Main.quicksort(Main.java:39)
	at Main.quicksort(Main.java:40)
	at Main.quicksort(Main.java:39)
	at Main.quicksort(Main.java:40)
	at Main.quicksort(Main.java:39)
	at Main.quicksort(Main.java:40)
	at Main.quicksort(Main.java:39)
	at Main.quicksort(Main.java:40)
	at Main.quicksort(Main.java:39)
	at Main.quicksort(Main.java:40)
	at Main.quicksort(Main.java:39)
	at Main.quicksort(Main.java:40)
	at Main.quicksort(Main.java:39)
	at Main.quicksort(Main.java:40)
	at Main.quicksort(Main.java:39)
	at Main.quicksort(Main.java:40)
	at Main.quicksort(Main.java:39)
	at Main.quicksort(Main.java:40)
	at Main.quicksort(Main.java:39)
	at Main.quicksort(Main.java:40)
	at Main.quicksort(Main.java:39)
	at Main.quicksort(Main.java:40)
	at Main.quicksort(Main.java:39)
	at Main.quicksort(Main.java:40)
	at Main.quicksort(Main.java:39)
	at Main.quicksort(Main.java:40)
	at Main.quicksort(Main.java:39)
	at Main.quicksort(Main.java:40)
	at Main.quicksort(Main.java:39)
	at Main.quicksort(Main.java:40)
	at Main.quicksort(Main.java:39)
	at Main.quicksort(Main.java:40)
	at Main.quicksort(Main.java:39)
	at Main.quicksort(Main.java:40)
	at Main.quicksort(Main.java:39)
	at Main.quicksort(Main.java:40)
	at Main.quicksort(Main.java:39)
	at Main.quicksort(Main.java:40)
	at Main.quicksort(Main.java:39)
	at Main.quicksort(Main.java:40)
	at Main.quicksort(Main.java:39)
	at Main.quicksort(Main.java:40)
	at Main.quicksort(Main.java:39)
	at Main.quicksort(Main.java:40)
	at Main.quicksort(Main.java:39)
	at Main.quicksort(Main.java:40)
	at Main.quicksort(Main.java:39)
	at Main.quicksort(Main.java:40)
	at Main.quicksort(Main.java:39)
	at Main.quicksort(Main.java:40)
	at Main.quicksort(Main.java:39)
	at Main.quicksort(Main.java:40)
	at Main.quicksort(Main.java:39)
	at Main.quicksort(Main.java:40)
	at Main.quicksort(Main.java:39)
	at Main.quicksort(Main.java:40)
	at Main.quicksort(Main.java:39)
	at Main.quicksort(Main.java:40)
	at Main.quicksort(Main.java:39)
	at Main.quicksort(Main.java:40)
	at Main.quicksort(Main.java:39)
	at Main.quicksort(Main.java:40)
	at Main.quicksort(Main.java:39)
	at Main.quicksort(Main.java:40)
	at Main.quicksort(Main.java:39)
	at Main.quicksort(Main.java:40)
	at Main.quicksort(Main.java:39)
	at Main.quicksort(Main.java:40)
	at Main.quicksort(Main.java:39)
	at Main.quicksort(Main.java:40)
	at Main.quicksort(Main.java:39)
	at Main.quicksort(Main.java:40)
	at Main.quicksort(Main.java:39)
	at Main.quicksort(Main.java:40)
	at Main.quicksort(Main.java:39)
	at Main.quicksort(Main.java:40)
	at Main.quicksort(Main.java:39)
	at Main.quicksort(Main.java:40)
	at Main.quicksort(Main.java:39)
	at Main.quicksort(Main.java:40)
	at Main.quicksort(Main.java:39)
	at Main.quicksort(Main.java:40)
	at Main.quicksort(Main.java:39)
	at Main.quicksort(Main.java:40)
	at Main.quicksort(Main.java:39)
	at Main.quicksort(Main.java:40)
	at Main.quicksort(Main.java:39)
	at Main.quicksort(Main.java:40)
	at Main.quicksort(Main.java:39)
	at Main.quicksort(Main.java:40)
	at Main.quicksort(Main.java:39)
	at Main.quicksort(Main.java:40)
	at Main.quicksort(Main.java:39)
	at Main.quicksort(Main.java:40)
	at Main.quicksort(Main.java:39)
	at Main.quicksort(Main.java:40)
	at Main.quicksort(Main.java:39)
	at Main.quicksort(Main.java:40)
	at Main.quicksort(Main.java:39)
	at Main.quicksort(Main.java:40)
	at Main.quicksort(Main.java:39)
	at Main.quicksort(Main.java:40)
	at Main.quicksort(Main.java:39)
	at Main.quicksort(Main.java:40)
	at Main.quicksort(Main.java:39)
	at Main.quicksort(Main.java:40)
	at Main.quicksort(Main.java:39)
	at Main.quicksort(Main.java:40)
	at Main.quicksort(Main.java:39)
	at Main.quicksort(Main.java:40)
	at Main.quicksort(Main.java:39)
	at Main.quicksort(Main.java:40)
	at Main.quicksort(Main.java:39)
	at Main.quicksort(Main.java:40)
	at Main.quicksort(Main.java:39)
	at Main.quicksort(Main.java:40)
	at Main.quicksort(Main.java:39)
	at Main.quicksort(Main.java:40)
	at Main.quicksort(Main.java:39)
	at Main.quicksort(Main.java:40)
	at Main.quicksort(Main.java:39)
	at Main.quicksort(Main.java:40)
	at Main.quicksort(Main.java:39)
	at Main.quicksort(Main.java:40)
	at Main.quicksort(Main.java:39)
	at Main.quicksort(Main.java:40)
	at Main.quicksort(Main.java:39)
	at Main.quicksort(Main.java:40)
	at Main.quicksort(Main.java:39)
	at Main.quicksort(Main.java:40)
	at Main.quicksort(Main.java:39)
	at Main.quicksort(Main.java:40)
	at Main.quicksort(Main.java:39)
	at Main.quicksort(Main.java:40)
	at Main.quicksort(Main.java:39)
	at Main.quicksort(Main.java:40)
	at Main.quicksort(Main.java:39)
	at Main.quicksort(Main.java:40)
	at Main.quicksort(Main.java:39)
	at Main.quicksort(Main.java:40)
	at Main.quicksort(Main.java:39)
	at Main.quicksort(Main.java:40)
	at Main.quicksort(Main.java:39)
	at Main.quicksort(Main.java:40)
	at Main.quicksort(Main.java:39)
	at Main.quicksort(Main.java:40)
	at Main.quicksort(Main.java:39)
	at Main.quicksort(Main.java:40)
	at Main.quicksort(Main.java:39)
	at Main.quicksort(Main.java:40)
	at Main.quicksort(Main.java:39)
	at Main.quicksort(Main.java:40)
	at Main.quicksort(Main.java:39)
	at Main.quicksort(Main.java:40)
	at Main.quicksort(Main.java:39)
	at Main.quicksort(Main.java:40)
	at Main.quicksort(Main.java:39)
	at Main.quicksort(Main.java:40)
	at Main.quicksort(Main.java:39)
	at Main.quicksort(Main.java:40)
	at Main.quicksort(Main.java:39)
	at Main.quicksort(Main.java:40)
	at Main.quicksort(Main.java:39)
	at Main.quicksort(Main.java:40)
	at Main.quicksort(Main.java:39)
	at Main.quicksort(Main.java:40)
	at Main.quicksort(Main.java:39)
	at Main.quicksort(Main.java:40)
	at Main.quicksort(Main.java:39)
	at Main.quicksort(Main.java:40)
	at Main.quicksort(Main.java:39)
	at Main.quicksort(Main.java:40)
	at Main.quicksort(Main.java:39)
	at Main.quicksort(Main.java:40)
	at Main.quicksort(Main.java:39)
	at Main.quicksort(Main.java:40)
	at Main.quicksort(Main.java:39)
	at Main.quicksort(Main.java:40)
	at Main.quicksort(Main.java:39)
	at Main.quicksort(Main.java:40)
	at Main.quicksort(Main.java:39)
	at Main.quicksort(Main.java:40)
	at Main.quicksort(Main.java:39)
	at Main.quicksort(Main.java:40)
	at Main.quicksort(Main.java:39)
	at Main.quicksort(Main.java:40)
	at Main.quicksort(Main.java:39)
	at Main.quicksort(Main.java:40)
	at Main.quicksort(Main.java:39)
	at Main.quicksort(Main.java:40)
	at Main.quicksort(Main.java:39)
	at Main.quicksort(Main.java:40)
	at Main.quicksort(Main.java:39)
	at Main.quicksort(Main.java:40)
	at Main.quicksort(Main.java:39)
	at Main.quicksort(Main.java:40)
	at Main.quicksort(Main.java:39)
	at Main.quicksort(Main.java:40)
	at Main.quicksort(Main.java:39)
	at Main.quicksort(Main.java:40)
	at Main.quicksort(Main.java:39)
	at Main.quicksort(Main.java:40)
	at Main.quicksort(Main.java:39)
	at Main.quicksort(Main.java:40)
	at Main.quicksort(Main.java:39)
	at Main.quicksort(Main.java:40)
	at Main.quicksort(Main.java:39)
	at Main.quicksort(Main.java:40)
	at Main.quicksort(Main.java:39)
	at Main.quicksort(Main.java:40)
	at Main.quicksort(Main.java:39)
	at Main.quicksort(Main.java:40)
	at Main.quicksort(Main.java:39)
	at Main.quicksort(Main.java:40)
	at Main.quicksort(Main.java:39)
	at Main.quicksort(Main.java:40)
	at Main.quicksort(Main.java:39)
	at Main.quicksort(Main.java:40)
	at Main.quicksort(Main.java:39)
	at Main.quicksort(Main.java:40)
	at Main.quicksort(Main.java:39)
	at Main.quicksort(Main.java:40)
	at Main.quicksort(Main.java:39)
	at Main.quicksort(Main.java:40)
	at Main.quicksort(Main.java:39)
	at Main.quicksort(Main.java:40)
	at Main.quicksort(Main.java:39)
	at Main.quicksort(Main.java:40)
	at Main.quicksort(Main.java:39)
	at Main.quicksort(Main.java:40)
	at Main.quicksort(Main.java:39)
	at Main.quicksort(Main.java:40)
	at Main.quicksort(Main.java:39)
	at Main.quicksort(Main.java:40)
	at Main.quicksort(Main.java:39)
	at Main.quicksort(Main.java:40)
	at Main.quicksort(Main.java:39)
	at Main.quicksort(Main.java:40)
	at Main.quicksort(Main.java:39)
	at Main.quicksort(Main.java:40)
	at Main.quicksort(Main.java:39)
	at Main.quicksort(Main.java:40)
	at Main.quicksort(Main.java:39)
	at Main.quicksort(Main.java:40)
	at Main.quicksort(Main.java:39)
	at Main.quicksort(Main.java:40)
	at Main.quicksort(Main.java:39)
	at Main.quicksort(Main.java:40)
	at Main.quicksort(Main.java:39)
	at Main.quicksort(Main.java:40)
	at Main.quicksort(Main.java:39)
	at Main.quicksort(Main.java:40)
	at Main.quicksort(Main.java:39)
	at Main.quicksort(Main.java:40)
	at Main.quicksort(Main.java:39)
	at Main.quicksort(Main.java:40)
	at Main.quicksort(Main.java:39)
	at Main.quicksort(Main.java:40)
	at Main.quicksort(Main.java:39)
	at Main.quicksort(Main.java:40)
	at Main.quicksort(Main.java:39)
	at Main.quicksort(Main.java:40)
	at Main.quicksort(Main.java:39)
	at Main.quicksort(Main.java:40)
	at Main.quicksort(Main.java:39)
	at Main.quicksort(Main.java:40)
	at Main.quicksort(Main.java:39)
	at Main.quicksort(Main.java:40)
	at Main.quicksort(Main.java:39)
	at Main.quicksort(Main.java:40)
	at Main.quicksort(Main.java:39)
	at Main.quicksort(Main.java:40)
	at Main.quicksort(Main.java:39)
	at Main.quicksort(Main.java:40)
	at Main.quicksort(Main.java:39)
	at Main.quicksort(Main.java:40)
	at Main.quicksort(Main.java:39)
	at Main.quicksort(Main.java:40)
	at Main.quicksort(Main.java:39)
	at Main.quicksort(Main.java:40)
	at Main.quicksort(Main.java:39)
	at Main.quicksort(Main.java:40)
	at Main.quicksort(Main.java:39)
	at Main.quicksort(Main.java:40)
	at Main.quicksort(Main.java:39)
	at Main.quicksort(Main.java:40)
	at Main.quicksort(Main.java:39)
	at Main.quicksort(Main.java:40)
	at Main.quicksort(Main.java:39)
	at Main.quicksort(Main.java:40)
	at Main.quicksort(Main.java:39)
	at Main.quicksort(Main.java:40)
	at Main.quicksort(Main.java:39)
	at Main.quicksort(Main.java:40)
	at Main.quicksort(Main.java:39)
	at Main.quicksort(Main.java:40)
	at Main.quicksort(Main.java:39)
	at Main.quicksort(Main.java:40)
	at Main.quicksort(Main.java:39)
	at Main.quicksort(Main.java:40)
	at Main.quicksort(Main.java:39)
	at Main.quicksort(Main.java:40)
	at Main.quicksort(Main.java:39)
	at Main.quicksort(Main.java:40)
	at Main.quicksort(Main.java:39)
	at Main.quicksort(Main.java:40)
	at Main.quicksort(Main.java:39)
	at Main.quicksort(Main.java:40)
	at Main.quicksort(Main.java:39)
	at Main.quicksort(Main.java:40)
	at Main.quicksort(Main.java:39)
	at Main.quicksort(Main.java:40)
	at Main.quicksort(Main.java:39)
	at Main.quicksort(Main.java:40)
	at Main.quicksort(Main.java:39)
	at Main.quicksort(Main.java:40)
	at Main.quicksort(Main.java:39)
	at Main.quicksort(Main.java:40)
	at Main.quicksort(Main.java:39)
	at Main.quicksort(Main.java:40)
	at Main.quicksort(Main.java:39)
	at Main.quicksort(Main.java:40)
	at Main.quicksort(Main.java:39)
	at Main.quicksort(Main.java:40)
	at Main.quicksort(Main.java:39)
	at Main.quicksort(Main.java:40)
	at Main.quicksort(Main.java:39)
	at Main.quicksort(Main.java:40)
	at Main.quicksort(Main.java:39)
	at Main.quicksort(Main.java:40)
	at Main.quicksort(Main.java:39)
	at Main.quicksort(Main.java:40)
	at Main.quicksort(Main.java:39)
	at Main.quicksort(Main.java:40)
	at Main.quicksort(Main.java:39)
	at Main.quicksort(Main.java:40)
	at Main.quicksort(Main.java:39)
	at Main.quicksort(Main.java:40)
	at Main.quicksort(Main.java:39)
	at Main.quicksort(Main.java:40)
	at Main.quicksort(Main.java:39)
	at Main.quicksort(Main.java:40)
	at Main.quicksort(Main.java:39)
	at Main.quicksort(Main.java:40)
	at Main.quicksort(Main.java:39)
	at Main.quicksort(Main.java:40)
	at Main.quicksort(Main.java:39)
	at Main.quicksort(Main.java:40)
	at Main.quicksort(Main.java:39)
	at Main.quicksort(Main.java:40)
	at Main.quicksort(Main.java:39)
	at Main.quicksort(Main.java:40)
	at Main.quicksort(Main.java:39)
	at Main.quicksort(Main.java:40)
	at Main.quicksort(Main.java:39)
	at Main.quicksort(Main.java:40)
	at Main.quicksort(Main.java:39)
	at Main.quicksort(Main.java:40)
	at Main.quicksort(Main.java:39)
	at Main.quicksort(Main.java:40)
	at Main.quicksort(Main.java:39)
	at Main.quicksort(Main.java:40)
	at Main.quicksort(Main.java:39)
	at Main.quicksort(Main.java:40)
	at Main.quicksort(Main.java:39)
	at Main.quicksort(Main.java:40)
	at Main.quicksort(Main.java:39)
	at Main.quicksort(Main.java:40)
	at Main.quicksort(Main.java:39)
	at Main.quicksort(Main.java:40)
	at Main.quicksort(Main.java:39)
	at Main.quicksort(Main.java:40)
	at Main.quicksort(Main.java:39)
	at Main.quicksort(Main.java:40)
	at Main.quicksort(Main.java:39)
	at Main.quicksort(Main.java:40)
	at Main.quicksort(Main.java:39)
	at Main.quicksort(Main.java:40)
	at Main.quicksort(Main.java:39)
	at Main.quicksort(Main.java:40)
	at Main.quicksort(Main.java:39)
	at Main.quicksort(Main.java:40)
	at Main.quicksort(Main.java:39)
	at Main.quicksort(Main.java:40)
	at Main.quicksort(Main.java:39)
	at Main.quicksort(Main.java:40)
	at Main.quicksort(Main.java:39)
	at Main.quicksort(Main.java:40)
	at Main.quicksort(Main.java:39)
	at Main.quicksort(Main.java:40)
	at Main.quicksort(Main.java:39)
	at Main.quicksort(Main.java:40)
	at Main.quicksort(Main.java:39)
	at Main.quicksort(Main.java:40)
	at Main.quicksort(Main.java:39)
	at Main.quicksort(Main.java:40)
	at Main.quicksort(Main.java:39)
	at Main.quicksort(Main.java:40)
	at Main.quicksort(Main.java:39)
	at Main.quicksort(Main.java:40)
	at Main.quicksort(Main.java:39)
	at Main.quicksort(Main.java:40)
	at Main.quicksort(Main.java:39)
	at Main.quicksort(Main.java:40)
	at Main.quicksort(Main.java:39)
	at Main.quicksort(Main.java:40)
	at Main.quicksort(Main.java:39)
	at Main.quicksort(Main.java:40)
	at Main.quicksort(Main.java:39)
	at Main.quicksort(Main.java:40)
	at Main.quicksort(Main.java:39)
	at Main.quicksort(Main.java:40)
	at Main.quicksort(Main.java:39)
	at Main.quicksort(Main.java:40)
	at Main.quicksort(Main.java:39)
	at Main.quicksort(Main.java:40)
	at Main.quicksort(Main.java:39)
	at Main.quicksort(Main.java:40)
	at Main.quicksort(Main.java:39)
	at Main.quicksort(Main.java:40)
	at Main.quicksort(Main.java:39)
	at Main.quicksort(Main.java:40)
	at Main.quicksort(Main.java:39)
	at Main.quicksort(Main.java:40)
	at Main.quicksort(Main.java:39)
	at Main.quicksort(Main.java:40)
	at Main.quicksort(Main.java:39)
	at Main.quicksort(Main.java:40)
	at Main.quicksort(Main.java:39)
	at Main.quicksort(Main.java:40)
	at Main.quicksort(Main.java:39)
	at Main.quicksort(Main.java:40)
	at Main.quicksort(Main.java:39)
	at Main.quicksort(Main.java:40)
	at Main.quicksort(Main.java:39)
	at Main.quicksort(Main.java:40)
	at Main.quicksort(Main.java:39)
	at Main.quicksort(Main.java:40)
	at Main.quicksort(Main.java:39)
	at Main.quicksort(Main.java:40)
	at Main.quicksort(Main.java:39)
	at Main.quicksort(Main.java:40)
	at Main.quicksort(Main.java:39)
	at Main.quicksort(Main.java:40)
	at Main.quicksort(Main.java:39)
	at Main.quicksort(Main.java:40)
	at Main.quicksort(Main.java:39)
	at Main.quicksort(Main.java:40)
	at Main.quicksort(Main.java:39)
	at Main.quicksort(Main.java:40)
	at Main.quicksort(Main.java:39)
	at Main.quicksort(Main.java:40)
	at Main.quicksort(Main.java:39)
	at Main.quicksort(Main.java:40)
	at Main.quicksort(Main.java:39)
	at Main.quicksort(Main.java:40)
	at Main.quicksort(Main.java:39)
	at Main.quicksort(Main.java:40)
	at Main.quicksort(Main.java:39)
	at Main.quicksort(Main.java:40)
	at Main.quicksort(Main.java:39)
	at Main.quicksort(Main.java:40)
	at Main.quicksort(Main.java:39)
	at Main.quicksort(Main.java:40)
	at Main.quicksort(Main.java:39)
	at Main.quicksort(Main.java:40)
	at Main.quicksort(Main.java:39)
	at Main.quicksort(Main.java:40)
	at Main.quicksort(Main.java:39)
	at Main.quicksort(Main.java:40)
	at Main.quicksort(Main.java:39)
	at Main.quicksort(Main.java:40)
	at Main.quicksort(Main.java:39)
	at Main.quicksort(Main.java:40)
	at Main.quicksort(Main.java:39)
	at Main.quicksort(Main.java:40)
	at Main.quicksort(Main.java:39)
	at Main.quicksort(Main.java:40)
	at Main.quicksort(Main.java:39)
	at Main.quicksort(Main.java:40)
	at Main.quicksort(Main.java:39)
	at Main.quicksort(Main.java:40)
	at Main.quicksort(Main.java:39)
	at Main.quicksort(Main.java:40)
	at Main.quicksort(Main.java:39)
	at Main.quicksort(Main.java:40)
	at Main.quicksort(Main.java:39)
	at Main.quicksort(Main.java:40)
	at Main.quicksort(Main.java:39)
	at Main.quicksort(Main.java:40)
	at Main.quicksort(Main.java:39)
	at Main.quicksort(Main.java:40)
	at Main.quicksort(Main.java:39)
	at Main.quicksort(Main.java:40)
	at Main.quicksort(Main.java:39)
	at Main.quicksort(Main.java:40)
	at Main.quicksort(Main.java:39)
	at Main.quicksort(Main.java:40)
	at Main.quicksort(Main.java:39)
	at Main.quicksort(Main.java:40)
	at Main.quicksort(Main.java:39)
	at Main.quicksort(Main.java:40)
	at Main.quicksort(Main.java:39)
	at Main.quicksort(Main.java:40)
	at Main.quicksort(Main.java:39)
	at Main.quicksort(Main.java:40)
	at Main.quicksort(Main.java:39)
	at Main.quicksort(Main.java:40)
	at Main.quicksort(Main.java:39)
	at Main.quicksort(Main.java:40)
	at Main.quicksort(Main.java:39)
	at Main.quicksort(Main.java:40)
	at Main.quicksort(Main.java:39)
	at Main.quicksort(Main.java:40)
	at Main.quicksort(Main.java:39)
	at Main.quicksort(Main.java:40)
	at Main.quicksort(Main.java:39)
	at Main.quicksort(Main.java:40)
	at Main.quicksort(Main.java:39)
	at Main.quicksort(Main.java:40)
	at Main.quicksort(Main.java:39)
	at Main.quicksort(Main.java:40)
	at Main.quicksort(Main.java:39)
	at Main.quicksort(Main.java:40)
	at Main.quicksort(Main.java:39)
	at Main.quicksort(Main.java:40)
	at Main.quicksort(Main.java:39)
	at Main.quicksort(Main.java:40)
	at Main.quicksort(Main.java:39)
	at Main.quicksort(Main.java:40)
	at Main.quicksort(Main.java:39)
	at Main.quicksort(Main.java:40)
	at Main.quicksort(Main.java:39)
	at Main.quicksort(Main.java:40)
	at Main.quicksort(Main.java:39)
	at Main.quicksort(Main.java:40)
	at Main.quicksort(Main.java:39)
	at Main.quicksort(Main.java:40)
	at Main.quicksort(Main.java:39)
	at Main.quicksort(Main.java:40)
	at Main.quicksort(Main.java:39)
	at Main.quicksort(Main.java:40)
	at Main.quicksort(Main.java:39)
	at Main.quicksort(Main.java:40)
	at Main.quicksort(Main.java:39)
	at Main.quicksort(Main.java:40)
	at Main.quicksort(Main.java:39)
	at Main.quicksort(Main.java:40)
	at Main.quicksort(Main.java:39)
	at Main.quicksort(Main.java:40)
	at Main.quicksort(Main.java:39)
	at Main.quicksort(Main.java:40)
	at Main.quicksort(Main.java:39)
	at Main.quicksort(Main.java:40)
	at Main.quicksort(Main.java:39)
	at Main.quicksort(Main.java:40)
	at Main.quicksort(Main.java:39)
	at Main.quicksort(Main.java:40)
	at Main.quicksort(Main.java:39)
	at Main.quicksort(Main.java:40)
	at Main.quicksort(Main.java:39)
	at Main.quicksort(Main.java:40)
	at Main.quicksort(Main.java:39)
	at Main.quicksort(Main.java:40)
	at Main.quicksort(Main.java:39)
	at Main.quicksort(Main.java:40)
	at Main.quicksort(Main.java:39)
	at Main.quicksort(Main.java:40)
	at Main.quicksort(Main.java:39)
	at Main.quicksort(Main.java:40)
	at Main.quicksort(Main.java:39)
	at Main.quicksort(Main.java:40)
	at Main.quicksort(Main.java:39)
	at Main.quicksort(Main.java:40)
	at Main.quicksort(Main.java:39)
	at Main.quicksort(Main.java:40)
	at Main.quicksort(Main.java:39)
	at Main.quicksort(Main.java:40)
	at Main.quicksort(Main.java:39)
	at Main.quicksort(Main.java:40)
	at Main.quicksort(Main.java:39)
	at Main.quicksort(Main.java:40)
	at Main.quicksort(Main.java:39)
	at Main.quicksort(Main.java:40)
	at Main.quicksort(Main.java:39)
	at Main.quicksort(Main.java:40)
	at Main.quicksort(Main.java:39)
	at Main.quicksort(Main.java:40)
	at Main.quicksort(Main.java:39)
	at Main.quicksort(Main.java:40)
	at Main.quicksort(Main.java:39)
	at Main.quicksort(Main.java:40)
	at Main.quicksort(Main.java:39)
	at Main.quicksort(Main.java:40)
	at Main.quicksort(Main.java:39)
	at Main.quicksort(Main.java:40)
	at Main.quicksort(Main.java:39)
	at Main.quicksort(Main.java:40)
	at Main.quicksort(Main.java:39)
	at Main.quicksort(Main.java:40)
	at Main.quicksort(Main.java:39)
	at Main.quicksort(Main.java:40)
	at Main.quicksort(Main.java:39)
	at Main.quicksort(Main.java:40)
	at Main.quicksort(Main.java:39)
	at Main.quicksort(Main.java:40)
	at Main.quicksort(Main.java:39)
	at Main.quicksort(Main.java:40)
	at Main.quicksort(Main.java:39)
	at Main.quicksort(Main.java:40)
	at Main.quicksort(Main.java:39)
	at Main.quicksort(Main.java:40)
	at Main.quicksort(Main.java:39)
	at Main.quicksort(Main.java:40)
	at Main.quicksort(Main.java:39)
	at Main.quicksort(Main.java:40)
	at Main.quicksort(Main.java:39)
	at Main.quicksort(Main.java:40)
	at Main.quicksort(Main.java:39)
	at Main.quicksort(Main.java:40)
	at Main.quicksort(Main.java:39)
	at Main.quicksort(Main.java:40)
	at Main.quicksort(Main.java:39)
	at Main.quicksort(Main.java:40)
	at Main.quicksort(Main.java:39)
	at Main.quicksort(Main.java:40)
	at Main.quicksort(Main.java:39)
	at Main.quicksort(Main.java:40)
	at Main.quicksort(Main.java:39)
	at Main.quicksort(Main.java:40)
	at Main.quicksort(Main.java:39)
	at Main.quicksort(Main.java:40)
	at Main.quicksort(Main.java:39)
	at Main.quicksort(Main.java:40)
	at Main.quicksort(Main.java:39)
	at Main.quicksort(Main.java:40)
	at Main.quicksort(Main.java:39)
	at Main.quicksort(Main.java:40)
	at Main.quicksort(Main.java:39)
	at Main.quicksort(Main.java:40)
	at Main.quicksort(Main.java:39)
	at Main.quicksort(Main.java:40)
	at Main.quicksort(Main.java:39)
	at Main.quicksort(Main.java:40)
	at Main.quicksort(Main.java:39)
	at Main.quicksort(Main.java:40)
	at Main.quicksort(Main.java:39)
	at Main.quicksort(Main.java:40)
	at Main.quicksort(Main.java:39)
	at Main.quicksort(Main.java:40)
	at Main.quicksort(Main.java:39)
	at Main.quicksort(Main.java:40)
	at Main.quicksort(Main.java:39)
	at Main.quicksort(Main.java:40)
	at Main.quicksort(Main.java:39)
	at Main.quicksort(Main.java:40)
	at Main.quicksort(Main.java:39)
	at Main.quicksort(Main.java:40)
	at Main.quicksort(Main.java:39)
	at Main.quicksort(Main.java:40)
	at Main.quicksort(Main.java:39)
	at Main.quicksort(Main.java:40)
	at Main.quicksort(Main.java:39)
	at Main.quicksort(Main.java:40)
	at Main.quicksort(Main.java:39)
	at Main.quicksort(Main.java:40)
	at Main.quicksort(Main.java:39)
	at Main.quicksort(Main.java:40)
	at Main.quicksort(Main.java:39)
	at Main.quicksort(Main.java:40)
	at Main.quicksort(Main.java:39)
	at Main.quicksort(Main.java:40)
	at Main.quicksort(Main.java:39)
	at Main.quicksort(Main.java:40)
	at Main.quicksort(Main.java:39)
	at Main.quicksort(Main.java:40)
	at Main.quicksort(Main.java:39)
	at Main.quicksort(Main.java:40)
	at Main.quicksort(Main.java:39)
	at Main.quicksort(Main.java:40)
	at Main.quicksort(Main.java:39)
	at Main.quicksort(Main.java:40)
	at Main.quicksort(Main.java:39)
	at Main.quicksort(Main.java:40)
	at Main.quicksort(Main.java:39)
	at Main.quicksort(Main.java:40)
	at Main.quicksort(Main.java:39)
	at Main.quicksort(Main.java:40)
	at Main.quicksort(Main.java:39)
	at Main.quicksort(Main.java:40)
	at Main.quicksort(Main.java:39)
	at Main.quicksort(Main.java:40)
	at Main.quicksort(Main.java:39)
	at Main.quicksort(Main.java:40)
	at Main.quicksort(Main.java:39)
	at Main.quicksort(Main.java:40)
	at Main.quicksort(Main.java:39)
	at Main.quicksort(Main.java:40)
	at Main.quicksort(Main.java:39)
	at Main.quicksort(Main.java:40)
	at Main.quicksort(Main.java:39)
	at Main.quicksort(Main.java:40)
	at Main.quicksort(Main.java:39)
	at Main.quicksort(Main.java:40)
	at Main.quicksort(Main.java:39)
	at Main.quicksort(Main.java:40)
	at Main.quicksort(Main.java:39)
	at Main.quicksort(Main.java:40)
	at Main.quicksort(Main.java:39)
	at Main.quicksort(Main.java:40)
	at Main.quicksort(Main.java:39)
	at Main.quicksort(Main.java:40)
	at Main.quicksort(Main.java:39)
	at Main.quicksort(Main.java:40)
	at Main.quicksort(Main.java:39)
	at Main.quicksort(Main.java:40)
	at Main.quicksort(Main.java:39)
	at Main.quicksort(Main.java:40)
	at Main.quicksort(Main.java:39)
	at Main.quicksort(Main.java:40)
	at Main.quicksort(Main.java:39)
	at Main.quicksort(Main.java:40)
	at Main.quicksort(Main.java:39)
	at Main.quicksort(Main.java:40)
	at Main.quicksort(Main.java:39)
	at Main.quicksort(Main.java:40)
	at Main.quicksort(Main.java:39)
	at Main.quicksort(Main.java:40)
	at Main.quicksort(Main.java:39)
	at Main.quicksort(Main.java:40)
	at Main.quicksort(Main.java:39)
	at Main.quicksort(Main.java:40)
	at Main.quicksort(Main.java:39)
	at Main.quicksort(Main.java:40)
	at Main.quicksort(Main.java:39)
	at Main.quicksort(Main.java:40)
	at Main.quicksort(Main.java:39)
	at Main.quicksort(Main.java:40)
	at Main.quicksort(Main.java:39)
	at Main.quicksort(Main.java:40)
	at Main.quicksort(Main.java:39)
	at Main.quicksort(Main.java:40)
	at Main.quicksort(Main.java:39)
	at Main.quicksort(Main.java:40)
	at Main.quicksort(Main.java:39)
	at Main.quicksort(Main.java:40)
	at Main.quicksort(Main.java:39)
	at Main.quicksort(Main.java:40)
	at Main.quicksort(Main.java:39)
	at Main.quicksort(Main.java:40)
	at Main.quicksort(Main.java:39)
	at Main.quicksort(Main.java:40)
	at Main.quicksort(Main.java:39)
	at Main.quicksort(Main.java:40)
	at Main.quicksort(Main.java:39)
	at Main.quicksort(Main.java:40)
	at Main.quicksort(Main.java:39)
	at Main.quicksort(Main.java:40)
	at Main.quicksort(Main.java:39)
	at Main.quicksort(Main.java:40)
	at Main.quicksort(Main.java:39)
	at Main.quicksort(Main.java:40)
	at Main.quicksort(Main.java:39)
	at Main.quicksort(Main.java:40)
	at Main.quicksort(Main.java:39)
	at Main.quicksort(Main.java:40)
	at Main.quicksort(Main.java:39)
	at Main.quicksort(Main.java:40)
	at Main.quicksort(Main.java:39)
	at Main.quicksort(Main.java:40)
	at Main.quicksort(Main.java:39)
	at Main.quicksort(Main.java:40)
	at Main.quicksort(Main.java:39)
	at Main.quicksort(Main.java:40)
	at Main.quicksort(Main.java:39)
	at Main.quicksort(Main.java:40)
	at Main.quicksort(Main.java:39)
	at Main.quicksort(Main.java:40)
	at Main.quicksort(Main.java:39)
	at Main.quicksort(Main.java:40)
	at Main.quicksort(Main.java:39)
	at Main.quicksort(Main.java:40)
	at Main.quicksort(Main.java:39)
	at Main.quicksort(Main.java:40)
	at Main.quicksort(Main.java:39)
	at Main.quicksort(Main.java:40)
	at Main.quicksort(Main.java:39)
	at Main.quicksort(Main.java:40)
	at Main.quicksort(Main.java:39)
	at Main.quicksort(Main.java:40)
	at Main.quicksort(Main.java:39)
	at Main.quicksort(Main.java:40)
	at Main.quicksort(Main.java:39)
	at Main.quicksort(Main.java:40)
	at Main.quicksort(Main.java:39)
	at Main.quicksort(Main.java:40)
	at Main.quicksort(Main.java:39)
	at Main.quicksort(Main.java:40)
	at Main.quicksort(Main.java:39)
	at Main.quicksort(Main.java:40)
	at Main.quicksort(Main.java:39)
	at Main.quicksort(Main.java:40)
	at Main.quicksort(Main.java:39)
	at Main.quicksort(Main.java:40)
	at Main.quicksort(Main.java:39)
	at Main.quicksort(Main.java:40)
	at Main.quicksort(Main.java:39)
	at Main.quicksort(Main.java:40)
	at Main.quicksort(Main.java:39)
	at Main.quicksort(Main.java:40)
	at Main.quicksort(Main.java:39)
	at Main.quicksort(Main.java:40)
	at Main.quicksort(Main.java:39)
	at Main.quicksort(Main.java:40)
	at Main.quicksort(Main.java:39)
	at Main.quicksort(Main.java:40)
	at Main.quicksort(Main.java:39)
	at Main.quicksort(Main.java:40)
	at Main.quicksort(Main.java:39)
	at Main.quicksort(Main.java:40)
	at Main.quicksort(Main.java:39)
	at Main.quicksort(Main.java:40)
	at Main.quicksort(Main.java:39)
	at Main.quicksort(Main.java:40)
	at Main.quicksort(Main.java:39)
	at Main.quicksort(Main.java:40)
	at Main.quicksort(Main.java:39)
	at Main.quicksort(Main.java:40)
	at Main.quicksort(Main.java:39)
	at Main.quicksort(Main.java:40)
	at Main.quicksort(Main.java:39)
	at Main.quicksort(Main.java:40)
	at Main.quicksort(Main.java:39)
	at Main.quicksort(Main.java:40)
	at Main.quicksort(Main.java:39)
	at Main.quicksort(Main.java:40)
	at Main.quicksort(Main.java:39)
	at Main.quicksort(Main.java:40)
	at Main.quicksort(Main.java:39)
	at Main.quicksort(Main.java:40)

Rules:

1. Focus on exactly ONE method or function if possible.
2. The ""replace"" content must be the complete original buggy function or method copied exactly from the student code.
3. The ""with"" content must be the corrected complete version of that same function/method.
4. Do not include main code, test code, markdown, prose inside JSON values.
5. Do not return just a code fragment like a loop, an if block, statement or expression.
6. If you are unable to identify one exact full function/method to replace, then set:
    - ""target_function"" : ""UNKNOWN""
    - ""replace"" : """"
    - ""with"" : """"

Return valid JSON only with exactly these keys:
{
""diagnosis"": ""1-3 short sentences"",
""hints"": [""hint 1"", ""hint 2"", ""hint 3""],
""target_function"": ""function name or UNKNOWN"",
""replace"": ""exact original full function/method or empty string"",
""with"": ""corrected full function/method or empty string""
}","{
""diagnosis"": ""Your quicksort implementation always picks the last element as the pivot, which causes worst-case O(n^2) recursion (and stack overflow) on already sorted or reverse-sorted arrays. Randomizing the pivot selection in partition fixes this."",
""hints"": [""StackOverflowError in quicksort usually means unbalanced recursion due to bad pivot choices."", ""Randomly select a pivot index between low and high, and swap it with high before partitioning."", ""Only change the partition function to randomize the pivot; the rest of your code can stay the same.""],
""target_function"": ""partition"",
""replace"": ""int partition(int intArray[], int low, int high) { \n        int pi = intArray[high]; \n        int i = (low-1);\n        for (int j=low; j<high; j++) { \n            if (intArray[j] <= pi) { \n                i++; \n                int temp = intArray[i]; \n                intArray[i] = intArray[j]; \n                intArray[j] = temp; \n            } \n        } \n        int temp = intArray[i+1]; \n        intArray[i+1] = intArray[high]; \n        intArray[high] = temp; \n   \n        return i+1; \n}"",
""with"": ""int partition(int intArray[], int low, int high) { \n        // Randomly pick a pivot and swap with high\n        int pivotIdx = low + (int)(Math.random() * (high - low + 1));\n        int tempPivot = intArray[pivotIdx];\n        intArray[pivotIdx] = intArray[high];\n        intArray[high] = tempPivot;\n        int pi = intArray[high]; \n        int i = (low-1);\n        for (int j=low; j<high; j++) { \n            if (intArray[j] <= pi) { \n                i++; \n                int temp = intArray[i]; \n                intArray[i] = intArray[j]; \n                intArray[j] = temp; \n            } \n        } \n        int temp = intArray[i+1]; \n        intArray[i+1] = intArray[high]; \n        intArray[high] = temp; \n   \n        return i+1; \n}""
}",direct_json,"Your quicksort implementation always picks the last element as the pivot, which causes worst-case O(n^2) recursion (and stack overflow) on already sorted or reverse-sorted arrays. Randomizing the pivot selection in partition fixes this.","['StackOverflowError in quicksort usually means unbalanced recursion due to bad pivot choices.', 'Randomly select a pivot index between low and high, and swap it with high before partitioning.', 'Only change the partition function to randomize the pivot; the rest of your code can stay the same.']",partition,"int partition(int intArray[], int low, int high) { 
        int pi = intArray[high]; 
        int i = (low-1);
        for (int j=low; j<high; j++) { 
            if (intArray[j] <= pi) { 
                i++; 
                int temp = intArray[i]; 
                intArray[i] = intArray[j]; 
                intArray[j] = temp; 
            } 
        } 
        int temp = intArray[i+1]; 
        intArray[i+1] = intArray[high]; 
        intArray[high] = temp; 
   
        return i+1; 
}","int partition(int intArray[], int low, int high) { 
        // Randomly pick a pivot and swap with high
        int pivotIdx = low + (int)(Math.random() * (high - low + 1));
        int tempPivot = intArray[pivotIdx];
        intArray[pivotIdx] = intArray[high];
        intArray[high] = tempPivot;
        int pi = intArray[high]; 
        int i = (low-1);
        for (int j=low; j<high; j++) { 
            if (intArray[j] <= pi) { 
                i++; 
                int temp = intArray[i]; 
                intArray[i] = intArray[j]; 
                intArray[j] = temp; 
            } 
        } 
        int temp = intArray[i+1]; 
        intArray[i+1] = intArray[high]; 
        intArray[high] = temp; 
   
        return i+1; 
}"
124,20_21-1-1-python,PN7ZRXGS,python,1,0.0,runtime_error,"You are a programming tutor.

A student's solution failed tests. Your task is to identify ONE local bug and propose ONE small fix.

Attempt: 1
Approach: Choose the single most likely minimal fix.

Programming language: python
Guessed bug type: runtime_error


    For runtime-error bugs:
    - Check the error message to identify the exact failing access or operation.
    - Check for missing base cases, null checks, invalid parent-child references, and bad index updates.
    - Prioritize fixing the root cause inside one method instead of adding code everywhere to fix it.
    - If the task is a list, tree or array structure then preserve structure invariants after the change.
    

Task title: Exponentiation by squaring (Python)
Task description:
Input: $a,b,c \in \mathbb{N}_0  \land 1 \leq a \leq 100 \land 0 \leq b \leq 10^9 \land 1 \leq c \leq 10^{10}$

Output: $a^b \; mod \; c$

Let $a^b \; mod \; c$ be calculated in the function expo(a,b,c). Make sure
that your algorithm has a run time of $O(log \; b + log \; c)$.
Your solution must not contain the string ""import"" and ""**"" as a
substring. For easier debugging, you can divide your result
in each calculation step by modulo $c$. For example (The example
can also be found commented out in the answer field):

def add(a,b,c,d,e):
    res = (a+b) % 10000007
    res = (res+c) % 10000007
    res = (res+d) % 10000007
    res = (res+e) % 10000007
    return (res+1000) % 10000007

Hint:

Use ""//"" (without the quotes) to perform integer division in
Python and to avoid floats.

If $b$ is even, then:

$a^b = (a^{\frac{b}{2}})^2 = a^{\frac{b}{2}} \cdot a^{\frac{b}{2}}$

If $b$ is odd, then:

$a^b = a^{b-1} \cdot a$

Student code currently passes 18/20 tests and fails 2/20 tests.

Student code:
```python
def expo(a, b, c):
    res = 1
    b = b % c
    while(b>0):
        if(b % 2 == 1):
            res = (res*a) % c
        b = b//2
        a = (a*a) % c
    return res

'''
def addiere(a,b,c,d,e):

    res = (a+b) % 1000000007

    res = (res+c) % 1000000007

    res = (res+d) % 1000000007

    res = (res+e) % 1000000007

    return (res+1000) % 1000000007
'''

Task skeleton (if present):
def expo(a,b,c):
    pass


'''
def addiere(a,b,c,d,e):

    res = (a+b) % 1000000007

    res = (res+c) % 1000000007

    res = (res+d) % 1000000007

    res = (res+e) % 1000000007

    return (res+1000) % 1000000007
'''

Reference answer (for understanding intent only; do not copy whole program unless the whole student solution is only one function/method):
def expo(a,b,c):
    if b == 0:
        return 1 % c
    elif b % 2:
        return (a * expo(a,b-1,c)) % c
    else:
        a = expo(a,b // 2,c) % c
        return (a*a) % c

First failed test:

- test number: 11.0
- expected output: OK
- actual output: 
- error message: Traceback (most recent call last):
  File ""/var/folders/f2/p7mgl7_s7719pq33zs5dcrh00000gn/T/tmpz3s52ih8/main.py"", line 52, in <module>
    print(""Wrong output for {}. Expected {}, got {}"".format(x, right, student_answer))
                                                               ^^^^^
NameError: name 'right' is not defined

Rules:

1. Focus on exactly ONE method or function if possible.
2. The ""replace"" content must be the complete original buggy function or method copied exactly from the student code.
3. The ""with"" content must be the corrected complete version of that same function/method.
4. Do not include main code, test code, markdown, prose inside JSON values.
5. Do not return just a code fragment like a loop, an if block, statement or expression.
6. If you are unable to identify one exact full function/method to replace, then set:
    - ""target_function"" : ""UNKNOWN""
    - ""replace"" : """"
    - ""with"" : """"

Return valid JSON only with exactly these keys:
{
""diagnosis"": ""1-3 short sentences"",
""hints"": [""hint 1"", ""hint 2"", ""hint 3""],
""target_function"": ""function name or UNKNOWN"",
""replace"": ""exact original full function/method or empty string"",
""with"": ""corrected full function/method or empty string""
}","{
""diagnosis"": ""The bug is in the line 'b = b % c', which is incorrect for modular exponentiation and causes wrong results when b >= c. The exponent should not be reduced modulo c. Remove this line to fix the bug."",
""hints"": [
""Do not reduce the exponent modulo c; only reduce the base and result modulo c."",
""Exponentiation by squaring works for all b >= 0, regardless of c."",
""Check the initialization and updates of b in your loop.""
],
""target_function"": ""expo"",
""replace"": ""def expo(a, b, c):\n    res = 1\n    b = b % c\n    while(b>0):\n        if(b % 2 == 1):\n            res = (res*a) % c\n        b = b//2\n        a = (a*a) % c\n    return res\n"",
""with"": ""def expo(a, b, c):\n    res = 1\n    while(b>0):\n        if(b % 2 == 1):\n            res = (res*a) % c\n        b = b//2\n        a = (a*a) % c\n    return res\n""
}",direct_json,"The bug is in the line 'b = b % c', which is incorrect for modular exponentiation and causes wrong results when b >= c. The exponent should not be reduced modulo c. Remove this line to fix the bug.","['Do not reduce the exponent modulo c; only reduce the base and result modulo c.', 'Exponentiation by squaring works for all b >= 0, regardless of c.', 'Check the initialization and updates of b in your loop.']",expo,"def expo(a, b, c):
    res = 1
    b = b % c
    while(b>0):
        if(b % 2 == 1):
            res = (res*a) % c
        b = b//2
        a = (a*a) % c
    return res
","def expo(a, b, c):
    res = 1
    while(b>0):
        if(b % 2 == 1):
            res = (res*a) % c
        b = b//2
        a = (a*a) % c
    return res
"
124,20_21-1-1-python,PN7ZRXGS,python,2,0.2,runtime_error,"You are a programming tutor.

A student's solution failed tests. Your task is to identify ONE local bug and propose ONE small fix.

Attempt: 2
Approach: Choose a different localized fix, prioritizing null checks, state updates, index updates, or base-case errors when relevant.

Programming language: python
Guessed bug type: runtime_error


    For runtime-error bugs:
    - Check the error message to identify the exact failing access or operation.
    - Check for missing base cases, null checks, invalid parent-child references, and bad index updates.
    - Prioritize fixing the root cause inside one method instead of adding code everywhere to fix it.
    - If the task is a list, tree or array structure then preserve structure invariants after the change.
    

Task title: Exponentiation by squaring (Python)
Task description:
Input: $a,b,c \in \mathbb{N}_0  \land 1 \leq a \leq 100 \land 0 \leq b \leq 10^9 \land 1 \leq c \leq 10^{10}$

Output: $a^b \; mod \; c$

Let $a^b \; mod \; c$ be calculated in the function expo(a,b,c). Make sure
that your algorithm has a run time of $O(log \; b + log \; c)$.
Your solution must not contain the string ""import"" and ""**"" as a
substring. For easier debugging, you can divide your result
in each calculation step by modulo $c$. For example (The example
can also be found commented out in the answer field):

def add(a,b,c,d,e):
    res = (a+b) % 10000007
    res = (res+c) % 10000007
    res = (res+d) % 10000007
    res = (res+e) % 10000007
    return (res+1000) % 10000007

Hint:

Use ""//"" (without the quotes) to perform integer division in
Python and to avoid floats.

If $b$ is even, then:

$a^b = (a^{\frac{b}{2}})^2 = a^{\frac{b}{2}} \cdot a^{\frac{b}{2}}$

If $b$ is odd, then:

$a^b = a^{b-1} \cdot a$

Student code currently passes 18/20 tests and fails 2/20 tests.

Student code:
```python
def expo(a, b, c):
    res = 1
    b = b % c
    while(b>0):
        if(b % 2 == 1):
            res = (res*a) % c
        b = b//2
        a = (a*a) % c
    return res

'''
def addiere(a,b,c,d,e):

    res = (a+b) % 1000000007

    res = (res+c) % 1000000007

    res = (res+d) % 1000000007

    res = (res+e) % 1000000007

    return (res+1000) % 1000000007
'''

Task skeleton (if present):
def expo(a,b,c):
    pass


'''
def addiere(a,b,c,d,e):

    res = (a+b) % 1000000007

    res = (res+c) % 1000000007

    res = (res+d) % 1000000007

    res = (res+e) % 1000000007

    return (res+1000) % 1000000007
'''

Reference answer (for understanding intent only; do not copy whole program unless the whole student solution is only one function/method):
def expo(a,b,c):
    if b == 0:
        return 1 % c
    elif b % 2:
        return (a * expo(a,b-1,c)) % c
    else:
        a = expo(a,b // 2,c) % c
        return (a*a) % c

First failed test:

- test number: 11.0
- expected output: OK
- actual output: 
- error message: Traceback (most recent call last):
  File ""/var/folders/f2/p7mgl7_s7719pq33zs5dcrh00000gn/T/tmpz3s52ih8/main.py"", line 52, in <module>
    print(""Wrong output for {}. Expected {}, got {}"".format(x, right, student_answer))
                                                               ^^^^^
NameError: name 'right' is not defined

Rules:

1. Focus on exactly ONE method or function if possible.
2. The ""replace"" content must be the complete original buggy function or method copied exactly from the student code.
3. The ""with"" content must be the corrected complete version of that same function/method.
4. Do not include main code, test code, markdown, prose inside JSON values.
5. Do not return just a code fragment like a loop, an if block, statement or expression.
6. If you are unable to identify one exact full function/method to replace, then set:
    - ""target_function"" : ""UNKNOWN""
    - ""replace"" : """"
    - ""with"" : """"

Return valid JSON only with exactly these keys:
{
""diagnosis"": ""1-3 short sentences"",
""hints"": [""hint 1"", ""hint 2"", ""hint 3""],
""target_function"": ""function name or UNKNOWN"",
""replace"": ""exact original full function/method or empty string"",
""with"": ""corrected full function/method or empty string""
}","{
""diagnosis"": ""The bug is in the line 'b = b % c', which is incorrect for modular exponentiation. Reducing the exponent modulo c is mathematically wrong and causes incorrect results when b >= c. Remove this line to fix the bug."",
""hints"": [""Do not reduce the exponent modulo c in modular exponentiation."", ""Check the initialization and updates of b in the loop."", ""Make sure the base case for b=0 returns the correct result.""],
""target_function"": ""expo"",
""replace"": ""def expo(a, b, c):\n    res = 1\n    b = b % c\n    while(b>0):\n        if(b % 2 == 1):\n            res = (res*a) % c\n        b = b//2\n        a = (a*a) % c\n    return res\n"",
""with"": ""def expo(a, b, c):\n    res = 1\n    while(b>0):\n        if(b % 2 == 1):\n            res = (res*a) % c\n        b = b//2\n        a = (a*a) % c\n    return res\n""
}",direct_json,"The bug is in the line 'b = b % c', which is incorrect for modular exponentiation. Reducing the exponent modulo c is mathematically wrong and causes incorrect results when b >= c. Remove this line to fix the bug.","['Do not reduce the exponent modulo c in modular exponentiation.', 'Check the initialization and updates of b in the loop.', 'Make sure the base case for b=0 returns the correct result.']",expo,"def expo(a, b, c):
    res = 1
    b = b % c
    while(b>0):
        if(b % 2 == 1):
            res = (res*a) % c
        b = b//2
        a = (a*a) % c
    return res
","def expo(a, b, c):
    res = 1
    while(b>0):
        if(b % 2 == 1):
            res = (res*a) % c
        b = b//2
        a = (a*a) % c
    return res
"
272,20_21-3-1-java,2V5AQFDC,java,1,0.0,wrong_output,"You are a programming tutor.

A student's solution failed tests. Your task is to identify ONE local bug and propose ONE small fix.

Attempt: 1
Approach: Choose the single most likely minimal fix.

Programming language: java
Guessed bug type: wrong_output


    For wrong-output bugs:
    - Check for edge cases such as empty input or first/last element.
    - Check for off-by-one errors.
    - Verify that comparison operators are correct (>, >=, <, <=).
    - Ensure return values and update steps.
    

Task title: Knapsack (Java) (revised version 2020/21)
Task description:
The Knapsack problem is an optimization problem. Which items from an existing
selection should be packed into a limited backpack(Knapsack) in order
to maximize the value to be transported? This problem is in general NP-complete
and therefore probably not efficiently solvable. Assuming that the volumes
of the objects are integers, we can find an algorithm that solves this problem
using dynamic programming. We are looking for an implementation of an algorithm,
which for a given list of objects and a list of items and a maximum backpack
volume outputs the value which can be transported at most. The list of items
consists of two lists, one contains the volumes and one the values. So the
input ([0.5, 0.3], [2, 5], 3 ) gives two items, the first with volume 2 and
value 0.5, the second with volume 5 and value 0.3. The last value indicates
the volume of the Knapsack, in this case the correct output of the algorithm
would be 0.5, because only the 1st item fits into the backpack at all. With a
larger volume of 7, the correct output would be 0.8. It is important to note
that the solution is NOT 1.5, so it is not possible to use the same object
more than once.

Your algorithm must have a run time of $O(n^2)$, where $n$ is the number of items.

Time: 1 CPU second

NOTE:

Items can also have a weight of 0!

Student code currently passes 20/21 tests and fails 1/21 tests.

Student code:
```java
public double knapSack(double[] values, int[] volumes, int capacity) {
    int n = values.length;
    double[][] table = new double[n + 1][capacity + 1];
    for (int j = 0; j <= capacity; j++) {
        table[0][j] = 0;
    }

    for (int i = 1; i <= n; i++) {
        for (int j = 1; j <= capacity; j++) { 
            if (volumes[i - 1] > j) {
                table[i][j] = table[i - 1][j];
            } else {
                table[i][j] = Math.max(
                  table[i - 1][j], 
                  table[i - 1][j - volumes[i - 1]] + values[i - 1]);
            }
        }
    }
    return table[n][capacity];
}

Task skeleton (if present):
public double knapSack(double[] values, int[] volumes, int capacity) {
    assert values.length == volumes.length;
    return 0.0;
}

Reference answer (for understanding intent only; do not copy whole program unless the whole student solution is only one function/method):
/* This function calculates and returns the max
 * value in knapsack with the capacity ""capacity"" wich is filled
 * with stuff of volume ""volumes"" and the value ""values"".
 */
public double knapSack(double[] values, int[] volumes, int capacity) {
    assert values.length == volumes.length;

    int n = values.length;
    double[][] Result = new double[n+1][];

    for(int i = 0; i < n+1; ++i) {
        Result[i] = new double[capacity+1];
    }

    for(int i = n-1; i > -1; --i) {
        for(int j = 0; j < capacity+1; ++j) {
            if (volumes[i] <= j) {
                Result[i][j] = Math.max(values[i] + Result[i+1][j-volumes[i]], Result[i+1][j]);
            } else {
                Result[i][j] = Result[i+1][j];
            }
        }
    }
    return Result[0][capacity];
}

First failed test:

- test number: 20.0
- expected output: true
- actual output: Expected: 2890.0 but got 2888.0
c is: [2.0, 94.0, 58.0, 7.0, 93.0, 67.0, 55.0, 11.0, 62.0, 84.0, 25.0, 44.0, 9.0, 50.0, 79.0, 11.0, 40.0, 86.0, 5.0, 86.0, 0.0, 66.0, 5.0, 73.0, 69.0, 35.0, 91.0, 36.0, 23.0, 34.0, 71.0, 74.0, 85.0, 76.0, 82.0, 10.0, 76.0, 38.0, 70.0, 45.0, 12.0, 39.0, 45.0, 80.0, 86.0, 74.0, 85.0, 11.0, 6.0, 87.0, 62.0, 23.0, 14.0, 41.0, 97.0, 13.0, 56.0, 50.0, 36.0, 57.0, 40.0, 21.0, 87.0, 42.0, 53.0, 81.0, 5.0, 67.0, 89.0, 10.0, 61.0, 15.0, 41.0, 20.0, 12.0, 62.0, 52.0, 76.0, 92.0, 89.0, 81.0, 33.0, 52.0, 5.0, 79.0, 80.0, 15.0, 31.0, 92.0, 87.0, 47.0, 79.0, 82.0, 26.0, 9.0, 27.0, 26.0, 56.0, 23.0, 46.0]
v is: [0, 1, 2, 3, 4, 5, 6, 7, 8, 9, 10, 11, 12, 13, 14, 15, 16, 17, 18, 19, 20, 21, 22, 23, 24, 25, 26, 27, 28, 29, 30, 31, 32, 33, 34, 35, 36, 37, 38, 39, 40, 41, 42, 43, 44, 45, 46, 47, 48, 49, 50, 51, 52, 53, 54, 55, 56, 57, 58, 59, 60, 61, 62, 63, 64, 65, 66, 67, 68, 69, 70, 71, 72, 73, 74, 75, 76, 77, 78, 79, 80, 81, 82, 83, 84, 85, 86, 87, 88, 89, 90, 91, 92, 93, 94, 95, 96, 97, 98, 99]
m is: 1237
- error message: 

Rules:

1. Focus on exactly ONE method or function if possible.
2. The ""replace"" content must be the complete original buggy function or method copied exactly from the student code.
3. The ""with"" content must be the corrected complete version of that same function/method.
4. Do not include main code, test code, markdown, prose inside JSON values.
5. Do not return just a code fragment like a loop, an if block, statement or expression.
6. If you are unable to identify one exact full function/method to replace, then set:
    - ""target_function"" : ""UNKNOWN""
    - ""replace"" : """"
    - ""with"" : """"

Return valid JSON only with exactly these keys:
{
""diagnosis"": ""1-3 short sentences"",
""hints"": [""hint 1"", ""hint 2"", ""hint 3""],
""target_function"": ""function name or UNKNOWN"",
""replace"": ""exact original full function/method or empty string"",
""with"": ""corrected full function/method or empty string""
}","{
""diagnosis"": ""The inner loop starts at j=1, which skips the case where the knapsack capacity is zero. This causes the DP table to miss possible combinations involving zero-capacity or zero-volume items, leading to incorrect results in some edge cases."",
""hints"": [""Check the range of the inner loop over capacities."", ""Consider what happens when an item's volume is zero."", ""DP tables for knapsack usually fill from j=0 to capacity.""],
""target_function"": ""knapSack"",
""replace"": ""public double knapSack(double[] values, int[] volumes, int capacity) {\n    int n = values.length;\n    double[][] table = new double[n + 1][capacity + 1];\n    for (int j = 0; j <= capacity; j++) {\n        table[0][j] = 0;\n    }\n\n    for (int i = 1; i <= n; i++) {\n        for (int j = 1; j <= capacity; j++) { \n            if (volumes[i - 1] > j) {\n                table[i][j] = table[i - 1][j];\n            } else {\n                table[i][j] = Math.max(\n                  table[i - 1][j], \n                  table[i - 1][j - volumes[i - 1]] + values[i - 1]);\n            }\n        }\n    }\n    return table[n][capacity];\n}"",
""with"": ""public double knapSack(double[] values, int[] volumes, int capacity) {\n    int n = values.length;\n    double[][] table = new double[n + 1][capacity + 1];\n    for (int j = 0; j <= capacity; j++) {\n        table[0][j] = 0;\n    }\n\n    for (int i = 1; i <= n; i++) {\n        for (int j = 0; j <= capacity; j++) { // FIX: start from j=0\n            if (volumes[i - 1] > j) {\n                table[i][j] = table[i - 1][j];\n            } else {\n                table[i][j] = Math.max(\n                  table[i - 1][j], \n                  table[i - 1][j - volumes[i - 1]] + values[i - 1]);\n            }\n        }\n    }\n    return table[n][capacity];\n}""
}",direct_json,"The inner loop starts at j=1, which skips the case where the knapsack capacity is zero. This causes the DP table to miss possible combinations involving zero-capacity or zero-volume items, leading to incorrect results in some edge cases.","['Check the range of the inner loop over capacities.', ""Consider what happens when an item's volume is zero."", 'DP tables for knapsack usually fill from j=0 to capacity.']",knapSack,"public double knapSack(double[] values, int[] volumes, int capacity) {
    int n = values.length;
    double[][] table = new double[n + 1][capacity + 1];
    for (int j = 0; j <= capacity; j++) {
        table[0][j] = 0;
    }

    for (int i = 1; i <= n; i++) {
        for (int j = 1; j <= capacity; j++) { 
            if (volumes[i - 1] > j) {
                table[i][j] = table[i - 1][j];
            } else {
                table[i][j] = Math.max(
                  table[i - 1][j], 
                  table[i - 1][j - volumes[i - 1]] + values[i - 1]);
            }
        }
    }
    return table[n][capacity];
}","public double knapSack(double[] values, int[] volumes, int capacity) {
    int n = values.length;
    double[][] table = new double[n + 1][capacity + 1];
    for (int j = 0; j <= capacity; j++) {
        table[0][j] = 0;
    }

    for (int i = 1; i <= n; i++) {
        for (int j = 0; j <= capacity; j++) { // FIX: start from j=0
            if (volumes[i - 1] > j) {
                table[i][j] = table[i - 1][j];
            } else {
                table[i][j] = Math.max(
                  table[i - 1][j], 
                  table[i - 1][j - volumes[i - 1]] + values[i - 1]);
            }
        }
    }
    return table[n][capacity];
}"
272,20_21-3-1-java,2V5AQFDC,java,2,0.2,wrong_output,"You are a programming tutor.

A student's solution failed tests. Your task is to identify ONE local bug and propose ONE small fix.

Attempt: 2
Approach: Choose a different localized fix, prioritizing null checks, state updates, index updates, or base-case errors when relevant.

Programming language: java
Guessed bug type: wrong_output


    For wrong-output bugs:
    - Check for edge cases such as empty input or first/last element.
    - Check for off-by-one errors.
    - Verify that comparison operators are correct (>, >=, <, <=).
    - Ensure return values and update steps.
    

Task title: Knapsack (Java) (revised version 2020/21)
Task description:
The Knapsack problem is an optimization problem. Which items from an existing
selection should be packed into a limited backpack(Knapsack) in order
to maximize the value to be transported? This problem is in general NP-complete
and therefore probably not efficiently solvable. Assuming that the volumes
of the objects are integers, we can find an algorithm that solves this problem
using dynamic programming. We are looking for an implementation of an algorithm,
which for a given list of objects and a list of items and a maximum backpack
volume outputs the value which can be transported at most. The list of items
consists of two lists, one contains the volumes and one the values. So the
input ([0.5, 0.3], [2, 5], 3 ) gives two items, the first with volume 2 and
value 0.5, the second with volume 5 and value 0.3. The last value indicates
the volume of the Knapsack, in this case the correct output of the algorithm
would be 0.5, because only the 1st item fits into the backpack at all. With a
larger volume of 7, the correct output would be 0.8. It is important to note
that the solution is NOT 1.5, so it is not possible to use the same object
more than once.

Your algorithm must have a run time of $O(n^2)$, where $n$ is the number of items.

Time: 1 CPU second

NOTE:

Items can also have a weight of 0!

Student code currently passes 20/21 tests and fails 1/21 tests.

Student code:
```java
public double knapSack(double[] values, int[] volumes, int capacity) {
    int n = values.length;
    double[][] table = new double[n + 1][capacity + 1];
    for (int j = 0; j <= capacity; j++) {
        table[0][j] = 0;
    }

    for (int i = 1; i <= n; i++) {
        for (int j = 1; j <= capacity; j++) { 
            if (volumes[i - 1] > j) {
                table[i][j] = table[i - 1][j];
            } else {
                table[i][j] = Math.max(
                  table[i - 1][j], 
                  table[i - 1][j - volumes[i - 1]] + values[i - 1]);
            }
        }
    }
    return table[n][capacity];
}

Task skeleton (if present):
public double knapSack(double[] values, int[] volumes, int capacity) {
    assert values.length == volumes.length;
    return 0.0;
}

Reference answer (for understanding intent only; do not copy whole program unless the whole student solution is only one function/method):
/* This function calculates and returns the max
 * value in knapsack with the capacity ""capacity"" wich is filled
 * with stuff of volume ""volumes"" and the value ""values"".
 */
public double knapSack(double[] values, int[] volumes, int capacity) {
    assert values.length == volumes.length;

    int n = values.length;
    double[][] Result = new double[n+1][];

    for(int i = 0; i < n+1; ++i) {
        Result[i] = new double[capacity+1];
    }

    for(int i = n-1; i > -1; --i) {
        for(int j = 0; j < capacity+1; ++j) {
            if (volumes[i] <= j) {
                Result[i][j] = Math.max(values[i] + Result[i+1][j-volumes[i]], Result[i+1][j]);
            } else {
                Result[i][j] = Result[i+1][j];
            }
        }
    }
    return Result[0][capacity];
}

First failed test:

- test number: 20.0
- expected output: true
- actual output: Expected: 2890.0 but got 2888.0
c is: [2.0, 94.0, 58.0, 7.0, 93.0, 67.0, 55.0, 11.0, 62.0, 84.0, 25.0, 44.0, 9.0, 50.0, 79.0, 11.0, 40.0, 86.0, 5.0, 86.0, 0.0, 66.0, 5.0, 73.0, 69.0, 35.0, 91.0, 36.0, 23.0, 34.0, 71.0, 74.0, 85.0, 76.0, 82.0, 10.0, 76.0, 38.0, 70.0, 45.0, 12.0, 39.0, 45.0, 80.0, 86.0, 74.0, 85.0, 11.0, 6.0, 87.0, 62.0, 23.0, 14.0, 41.0, 97.0, 13.0, 56.0, 50.0, 36.0, 57.0, 40.0, 21.0, 87.0, 42.0, 53.0, 81.0, 5.0, 67.0, 89.0, 10.0, 61.0, 15.0, 41.0, 20.0, 12.0, 62.0, 52.0, 76.0, 92.0, 89.0, 81.0, 33.0, 52.0, 5.0, 79.0, 80.0, 15.0, 31.0, 92.0, 87.0, 47.0, 79.0, 82.0, 26.0, 9.0, 27.0, 26.0, 56.0, 23.0, 46.0]
v is: [0, 1, 2, 3, 4, 5, 6, 7, 8, 9, 10, 11, 12, 13, 14, 15, 16, 17, 18, 19, 20, 21, 22, 23, 24, 25, 26, 27, 28, 29, 30, 31, 32, 33, 34, 35, 36, 37, 38, 39, 40, 41, 42, 43, 44, 45, 46, 47, 48, 49, 50, 51, 52, 53, 54, 55, 56, 57, 58, 59, 60, 61, 62, 63, 64, 65, 66, 67, 68, 69, 70, 71, 72, 73, 74, 75, 76, 77, 78, 79, 80, 81, 82, 83, 84, 85, 86, 87, 88, 89, 90, 91, 92, 93, 94, 95, 96, 97, 98, 99]
m is: 1237
- error message: 

Rules:

1. Focus on exactly ONE method or function if possible.
2. The ""replace"" content must be the complete original buggy function or method copied exactly from the student code.
3. The ""with"" content must be the corrected complete version of that same function/method.
4. Do not include main code, test code, markdown, prose inside JSON values.
5. Do not return just a code fragment like a loop, an if block, statement or expression.
6. If you are unable to identify one exact full function/method to replace, then set:
    - ""target_function"" : ""UNKNOWN""
    - ""replace"" : """"
    - ""with"" : """"

Return valid JSON only with exactly these keys:
{
""diagnosis"": ""1-3 short sentences"",
""hints"": [""hint 1"", ""hint 2"", ""hint 3""],
""target_function"": ""function name or UNKNOWN"",
""replace"": ""exact original full function/method or empty string"",
""with"": ""corrected full function/method or empty string""
}","{
""diagnosis"": ""The inner loop starts at j=1, which skips the case where the knapsack capacity is zero. This can cause incorrect results when items have zero volume, as they could be included multiple times. The loop should start at j=0 to handle zero-capacity and zero-volume items correctly."",
""hints"": [
""Check if your DP table initialization and loops handle the case when capacity is zero."",
""Consider what happens if an item has volume 0."",
""Review the starting index of your inner loop.""
],
""target_function"": ""knapSack"",
""replace"": ""public double knapSack(double[] values, int[] volumes, int capacity) {\n    int n = values.length;\n    double[][] table = new double[n + 1][capacity + 1];\n    for (int j = 0; j <= capacity; j++) {\n        table[0][j] = 0;\n    }\n\n    for (int i = 1; i <= n; i++) {\n        for (int j = 1; j <= capacity; j++) { \n            if (volumes[i - 1] > j) {\n                table[i][j] = table[i - 1][j];\n            } else {\n                table[i][j] = Math.max(\n                  table[i - 1][j], \n                  table[i - 1][j - volumes[i - 1]] + values[i - 1]);\n            }\n        }\n    }\n    return table[n][capacity];\n}"",
""with"": ""public double knapSack(double[] values, int[] volumes, int capacity) {\n    int n = values.length;\n    double[][] table = new double[n + 1][capacity + 1];\n    for (int j = 0; j <= capacity; j++) {\n        table[0][j] = 0;\n    }\n\n    for (int i = 1; i <= n; i++) {\n        for (int j = 0; j <= capacity; j++) { // FIX: start at j=0\n            if (volumes[i - 1] > j) {\n                table[i][j] = table[i - 1][j];\n            } else {\n                table[i][j] = Math.max(\n                  table[i - 1][j], \n                  table[i - 1][j - volumes[i - 1]] + values[i - 1]);\n            }\n        }\n    }\n    return table[n][capacity];\n}""
}",direct_json,"The inner loop starts at j=1, which skips the case where the knapsack capacity is zero. This can cause incorrect results when items have zero volume, as they could be included multiple times. The loop should start at j=0 to handle zero-capacity and zero-volume items correctly.","['Check if your DP table initialization and loops handle the case when capacity is zero.', 'Consider what happens if an item has volume 0.', 'Review the starting index of your inner loop.']",knapSack,"public double knapSack(double[] values, int[] volumes, int capacity) {
    int n = values.length;
    double[][] table = new double[n + 1][capacity + 1];
    for (int j = 0; j <= capacity; j++) {
        table[0][j] = 0;
    }

    for (int i = 1; i <= n; i++) {
        for (int j = 1; j <= capacity; j++) { 
            if (volumes[i - 1] > j) {
                table[i][j] = table[i - 1][j];
            } else {
                table[i][j] = Math.max(
                  table[i - 1][j], 
                  table[i - 1][j - volumes[i - 1]] + values[i - 1]);
            }
        }
    }
    return table[n][capacity];
}","public double knapSack(double[] values, int[] volumes, int capacity) {
    int n = values.length;
    double[][] table = new double[n + 1][capacity + 1];
    for (int j = 0; j <= capacity; j++) {
        table[0][j] = 0;
    }

    for (int i = 1; i <= n; i++) {
        for (int j = 0; j <= capacity; j++) { // FIX: start at j=0
            if (volumes[i - 1] > j) {
                table[i][j] = table[i - 1][j];
            } else {
                table[i][j] = Math.max(
                  table[i - 1][j], 
                  table[i - 1][j - volumes[i - 1]] + values[i - 1]);
            }
        }
    }
    return table[n][capacity];
}"
274,20_21-3-1-java,3MFTY3YK,java,1,0.0,wrong_output,"You are a programming tutor.

A student's solution failed tests. Your task is to identify ONE local bug and propose ONE small fix.

Attempt: 1
Approach: Choose the single most likely minimal fix.

Programming language: java
Guessed bug type: wrong_output


    For wrong-output bugs:
    - Check for edge cases such as empty input or first/last element.
    - Check for off-by-one errors.
    - Verify that comparison operators are correct (>, >=, <, <=).
    - Ensure return values and update steps.
    

Task title: Knapsack (Java) (revised version 2020/21)
Task description:
The Knapsack problem is an optimization problem. Which items from an existing
selection should be packed into a limited backpack(Knapsack) in order
to maximize the value to be transported? This problem is in general NP-complete
and therefore probably not efficiently solvable. Assuming that the volumes
of the objects are integers, we can find an algorithm that solves this problem
using dynamic programming. We are looking for an implementation of an algorithm,
which for a given list of objects and a list of items and a maximum backpack
volume outputs the value which can be transported at most. The list of items
consists of two lists, one contains the volumes and one the values. So the
input ([0.5, 0.3], [2, 5], 3 ) gives two items, the first with volume 2 and
value 0.5, the second with volume 5 and value 0.3. The last value indicates
the volume of the Knapsack, in this case the correct output of the algorithm
would be 0.5, because only the 1st item fits into the backpack at all. With a
larger volume of 7, the correct output would be 0.8. It is important to note
that the solution is NOT 1.5, so it is not possible to use the same object
more than once.

Your algorithm must have a run time of $O(n^2)$, where $n$ is the number of items.

Time: 1 CPU second

NOTE:

Items can also have a weight of 0!

Student code currently passes 20/21 tests and fails 1/21 tests.

Student code:
```java
public double knapSack(double[] values, int[] volumes, int capacity) {
    assert values.length == volumes.length;
    double[][] table = new double[volumes.length + 1][capacity + 1];

	if (capacity == 0) {
	    return 0.0;
	}

	for (int k = 1; k < volumes.length + 1; k++) {
	    for (int l = 1; l <= capacity; l++) {
		if (volumes[k - 1] > l) {
		    table[k][l] = table[k - 1][l];
		} else if (table[k - 1][l - volumes[k - 1]] + values[k - 1] > table[k - 1][l]) {
		    table[k][l] = table[k - 1][l - volumes[k - 1]] + values[k - 1];
		} else {
		    table[k][l] = table[k - 1][l];
		}

	    }
	}

	return table[volumes.length][capacity];
}

Task skeleton (if present):
public double knapSack(double[] values, int[] volumes, int capacity) {
    assert values.length == volumes.length;
    return 0.0;
}

Reference answer (for understanding intent only; do not copy whole program unless the whole student solution is only one function/method):
/* This function calculates and returns the max
 * value in knapsack with the capacity ""capacity"" wich is filled
 * with stuff of volume ""volumes"" and the value ""values"".
 */
public double knapSack(double[] values, int[] volumes, int capacity) {
    assert values.length == volumes.length;

    int n = values.length;
    double[][] Result = new double[n+1][];

    for(int i = 0; i < n+1; ++i) {
        Result[i] = new double[capacity+1];
    }

    for(int i = n-1; i > -1; --i) {
        for(int j = 0; j < capacity+1; ++j) {
            if (volumes[i] <= j) {
                Result[i][j] = Math.max(values[i] + Result[i+1][j-volumes[i]], Result[i+1][j]);
            } else {
                Result[i][j] = Result[i+1][j];
            }
        }
    }
    return Result[0][capacity];
}

First failed test:

- test number: 20.0
- expected output: true
- actual output: Expected: 2594.0 but got 2591.0
c is: [24.0, 88.0, 38.0, 29.0, 15.0, 54.0, 21.0, 38.0, 25.0, 24.0, 41.0, 14.0, 90.0, 46.0, 97.0, 43.0, 35.0, 41.0, 56.0, 23.0, 39.0, 99.0, 37.0, 46.0, 58.0, 51.0, 65.0, 48.0, 11.0, 2.0, 97.0, 74.0, 28.0, 84.0, 19.0, 30.0, 40.0, 93.0, 58.0, 35.0, 25.0, 39.0, 28.0, 6.0, 31.0, 88.0, 41.0, 76.0, 38.0, 54.0, 40.0, 34.0, 24.0, 51.0, 88.0, 20.0, 91.0, 32.0, 49.0, 31.0, 6.0, 38.0, 33.0, 60.0, 90.0, 12.0, 64.0, 17.0, 65.0, 19.0, 8.0, 42.0, 8.0, 75.0, 90.0, 78.0, 94.0, 76.0, 66.0, 13.0, 76.0, 37.0, 29.0, 86.0, 71.0, 69.0, 82.0, 26.0, 85.0, 60.0, 66.0, 44.0, 73.0, 1.0, 37.0, 8.0, 87.0, 74.0, 62.0, 54.0]
v is: [0, 1, 2, 3, 4, 5, 6, 7, 8, 9, 10, 11, 12, 13, 14, 15, 16, 17, 18, 19, 20, 21, 22, 23, 24, 25, 26, 27, 28, 29, 30, 31, 32, 33, 34, 35, 36, 37, 38, 39, 40, 41, 42, 43, 44, 45, 46, 47, 48, 49, 50, 51, 52, 53, 54, 55, 56, 57, 58, 59, 60, 61, 62, 63, 64, 65, 66, 67, 68, 69, 70, 71, 72, 73, 74, 75, 76, 77, 78, 79, 80, 81, 82, 83, 84, 85, 86, 87, 88, 89, 90, 91, 92, 93, 94, 95, 96, 97, 98, 99]
m is: 1237
- error message: 

Rules:

1. Focus on exactly ONE method or function if possible.
2. The ""replace"" content must be the complete original buggy function or method copied exactly from the student code.
3. The ""with"" content must be the corrected complete version of that same function/method.
4. Do not include main code, test code, markdown, prose inside JSON values.
5. Do not return just a code fragment like a loop, an if block, statement or expression.
6. If you are unable to identify one exact full function/method to replace, then set:
    - ""target_function"" : ""UNKNOWN""
    - ""replace"" : """"
    - ""with"" : """"

Return valid JSON only with exactly these keys:
{
""diagnosis"": ""1-3 short sentences"",
""hints"": [""hint 1"", ""hint 2"", ""hint 3""],
""target_function"": ""function name or UNKNOWN"",
""replace"": ""exact original full function/method or empty string"",
""with"": ""corrected full function/method or empty string""
}","{
""diagnosis"": ""The inner loop starts at l = 1, which skips the case where the knapsack has zero capacity. This can cause the DP table to miss optimal subproblems, especially when items have zero volume. The fix is to start the inner loop at l = 0."",
""hints"": [""Check if your DP table covers all capacities, including zero."", ""Consider what happens if an item has zero volume."", ""Off-by-one errors in DP loops are common, especially with 0-based capacities.""],
""target_function"": ""knapSack"",
""replace"": ""public double knapSack(double[] values, int[] volumes, int capacity) {\n    assert values.length == volumes.length;\n    double[][] table = new double[volumes.length + 1][capacity + 1];\n\n\tif (capacity == 0) {\n\t    return 0.0;\n\t}\n\n\tfor (int k = 1; k < volumes.length + 1; k++) {\n\t    for (int l = 1; l <= capacity; l++) {\n\t\tif (volumes[k - 1] > l) {\n\t\t    table[k][l] = table[k - 1][l];\n\t\t} else if (table[k - 1][l - volumes[k - 1]] + values[k - 1] > table[k - 1][l]) {\n\t\t    table[k][l] = table[k - 1][l - volumes[k - 1]] + values[k - 1];\n\t\t} else {\n\t\t    table[k][l] = table[k - 1][l];\n\t\t}\n\n\t    }\n\t}\n\n\treturn table[volumes.length][capacity];\n}"",
""with"": ""public double knapSack(double[] values, int[] volumes, int capacity) {\n    assert values.length == volumes.length;\n    double[][] table = new double[volumes.length + 1][capacity + 1];\n\n    if (capacity == 0) {\n        return 0.0;\n    }\n\n    for (int k = 1; k < volumes.length + 1; k++) {\n        for (int l = 0; l <= capacity; l++) {\n            if (volumes[k - 1] > l) {\n                table[k][l] = table[k - 1][l];\n            } else if (table[k - 1][l - volumes[k - 1]] + values[k - 1] > table[k - 1][l]) {\n                table[k][l] = table[k - 1][l - volumes[k - 1]] + values[k - 1];\n            } else {\n                table[k][l] = table[k - 1][l];\n            }\n        }\n    }\n\n    return table[volumes.length][capacity];\n}""
}",direct_json,"The inner loop starts at l = 1, which skips the case where the knapsack has zero capacity. This can cause the DP table to miss optimal subproblems, especially when items have zero volume. The fix is to start the inner loop at l = 0.","['Check if your DP table covers all capacities, including zero.', 'Consider what happens if an item has zero volume.', 'Off-by-one errors in DP loops are common, especially with 0-based capacities.']",knapSack,"public double knapSack(double[] values, int[] volumes, int capacity) {
    assert values.length == volumes.length;
    double[][] table = new double[volumes.length + 1][capacity + 1];

	if (capacity == 0) {
	    return 0.0;
	}

	for (int k = 1; k < volumes.length + 1; k++) {
	    for (int l = 1; l <= capacity; l++) {
		if (volumes[k - 1] > l) {
		    table[k][l] = table[k - 1][l];
		} else if (table[k - 1][l - volumes[k - 1]] + values[k - 1] > table[k - 1][l]) {
		    table[k][l] = table[k - 1][l - volumes[k - 1]] + values[k - 1];
		} else {
		    table[k][l] = table[k - 1][l];
		}

	    }
	}

	return table[volumes.length][capacity];
}","public double knapSack(double[] values, int[] volumes, int capacity) {
    assert values.length == volumes.length;
    double[][] table = new double[volumes.length + 1][capacity + 1];

    if (capacity == 0) {
        return 0.0;
    }

    for (int k = 1; k < volumes.length + 1; k++) {
        for (int l = 0; l <= capacity; l++) {
            if (volumes[k - 1] > l) {
                table[k][l] = table[k - 1][l];
            } else if (table[k - 1][l - volumes[k - 1]] + values[k - 1] > table[k - 1][l]) {
                table[k][l] = table[k - 1][l - volumes[k - 1]] + values[k - 1];
            } else {
                table[k][l] = table[k - 1][l];
            }
        }
    }

    return table[volumes.length][capacity];
}"
274,20_21-3-1-java,3MFTY3YK,java,2,0.2,wrong_output,"You are a programming tutor.

A student's solution failed tests. Your task is to identify ONE local bug and propose ONE small fix.

Attempt: 2
Approach: Choose a different localized fix, prioritizing null checks, state updates, index updates, or base-case errors when relevant.

Programming language: java
Guessed bug type: wrong_output


    For wrong-output bugs:
    - Check for edge cases such as empty input or first/last element.
    - Check for off-by-one errors.
    - Verify that comparison operators are correct (>, >=, <, <=).
    - Ensure return values and update steps.
    

Task title: Knapsack (Java) (revised version 2020/21)
Task description:
The Knapsack problem is an optimization problem. Which items from an existing
selection should be packed into a limited backpack(Knapsack) in order
to maximize the value to be transported? This problem is in general NP-complete
and therefore probably not efficiently solvable. Assuming that the volumes
of the objects are integers, we can find an algorithm that solves this problem
using dynamic programming. We are looking for an implementation of an algorithm,
which for a given list of objects and a list of items and a maximum backpack
volume outputs the value which can be transported at most. The list of items
consists of two lists, one contains the volumes and one the values. So the
input ([0.5, 0.3], [2, 5], 3 ) gives two items, the first with volume 2 and
value 0.5, the second with volume 5 and value 0.3. The last value indicates
the volume of the Knapsack, in this case the correct output of the algorithm
would be 0.5, because only the 1st item fits into the backpack at all. With a
larger volume of 7, the correct output would be 0.8. It is important to note
that the solution is NOT 1.5, so it is not possible to use the same object
more than once.

Your algorithm must have a run time of $O(n^2)$, where $n$ is the number of items.

Time: 1 CPU second

NOTE:

Items can also have a weight of 0!

Student code currently passes 20/21 tests and fails 1/21 tests.

Student code:
```java
public double knapSack(double[] values, int[] volumes, int capacity) {
    assert values.length == volumes.length;
    double[][] table = new double[volumes.length + 1][capacity + 1];

	if (capacity == 0) {
	    return 0.0;
	}

	for (int k = 1; k < volumes.length + 1; k++) {
	    for (int l = 1; l <= capacity; l++) {
		if (volumes[k - 1] > l) {
		    table[k][l] = table[k - 1][l];
		} else if (table[k - 1][l - volumes[k - 1]] + values[k - 1] > table[k - 1][l]) {
		    table[k][l] = table[k - 1][l - volumes[k - 1]] + values[k - 1];
		} else {
		    table[k][l] = table[k - 1][l];
		}

	    }
	}

	return table[volumes.length][capacity];
}

Task skeleton (if present):
public double knapSack(double[] values, int[] volumes, int capacity) {
    assert values.length == volumes.length;
    return 0.0;
}

Reference answer (for understanding intent only; do not copy whole program unless the whole student solution is only one function/method):
/* This function calculates and returns the max
 * value in knapsack with the capacity ""capacity"" wich is filled
 * with stuff of volume ""volumes"" and the value ""values"".
 */
public double knapSack(double[] values, int[] volumes, int capacity) {
    assert values.length == volumes.length;

    int n = values.length;
    double[][] Result = new double[n+1][];

    for(int i = 0; i < n+1; ++i) {
        Result[i] = new double[capacity+1];
    }

    for(int i = n-1; i > -1; --i) {
        for(int j = 0; j < capacity+1; ++j) {
            if (volumes[i] <= j) {
                Result[i][j] = Math.max(values[i] + Result[i+1][j-volumes[i]], Result[i+1][j]);
            } else {
                Result[i][j] = Result[i+1][j];
            }
        }
    }
    return Result[0][capacity];
}

First failed test:

- test number: 20.0
- expected output: true
- actual output: Expected: 2594.0 but got 2591.0
c is: [24.0, 88.0, 38.0, 29.0, 15.0, 54.0, 21.0, 38.0, 25.0, 24.0, 41.0, 14.0, 90.0, 46.0, 97.0, 43.0, 35.0, 41.0, 56.0, 23.0, 39.0, 99.0, 37.0, 46.0, 58.0, 51.0, 65.0, 48.0, 11.0, 2.0, 97.0, 74.0, 28.0, 84.0, 19.0, 30.0, 40.0, 93.0, 58.0, 35.0, 25.0, 39.0, 28.0, 6.0, 31.0, 88.0, 41.0, 76.0, 38.0, 54.0, 40.0, 34.0, 24.0, 51.0, 88.0, 20.0, 91.0, 32.0, 49.0, 31.0, 6.0, 38.0, 33.0, 60.0, 90.0, 12.0, 64.0, 17.0, 65.0, 19.0, 8.0, 42.0, 8.0, 75.0, 90.0, 78.0, 94.0, 76.0, 66.0, 13.0, 76.0, 37.0, 29.0, 86.0, 71.0, 69.0, 82.0, 26.0, 85.0, 60.0, 66.0, 44.0, 73.0, 1.0, 37.0, 8.0, 87.0, 74.0, 62.0, 54.0]
v is: [0, 1, 2, 3, 4, 5, 6, 7, 8, 9, 10, 11, 12, 13, 14, 15, 16, 17, 18, 19, 20, 21, 22, 23, 24, 25, 26, 27, 28, 29, 30, 31, 32, 33, 34, 35, 36, 37, 38, 39, 40, 41, 42, 43, 44, 45, 46, 47, 48, 49, 50, 51, 52, 53, 54, 55, 56, 57, 58, 59, 60, 61, 62, 63, 64, 65, 66, 67, 68, 69, 70, 71, 72, 73, 74, 75, 76, 77, 78, 79, 80, 81, 82, 83, 84, 85, 86, 87, 88, 89, 90, 91, 92, 93, 94, 95, 96, 97, 98, 99]
m is: 1237
- error message: 

Rules:

1. Focus on exactly ONE method or function if possible.
2. The ""replace"" content must be the complete original buggy function or method copied exactly from the student code.
3. The ""with"" content must be the corrected complete version of that same function/method.
4. Do not include main code, test code, markdown, prose inside JSON values.
5. Do not return just a code fragment like a loop, an if block, statement or expression.
6. If you are unable to identify one exact full function/method to replace, then set:
    - ""target_function"" : ""UNKNOWN""
    - ""replace"" : """"
    - ""with"" : """"

Return valid JSON only with exactly these keys:
{
""diagnosis"": ""1-3 short sentences"",
""hints"": [""hint 1"", ""hint 2"", ""hint 3""],
""target_function"": ""function name or UNKNOWN"",
""replace"": ""exact original full function/method or empty string"",
""with"": ""corrected full function/method or empty string""
}","{
""diagnosis"": ""The bug is an off-by-one error in the inner loop: it starts at l=1, so capacities of 0 are never considered. This causes the DP table to miss solutions where the optimal value is achieved with zero capacity or with items of volume 0. The fix is to start the inner loop from l=0."",
""hints"": [
""Check if your DP table considers the case when the knapsack capacity is 0."",
""Are you skipping any possible subproblems by starting your loop at 1 instead of 0?"",
""Edge cases with zero-volume items or zero capacity may be missed if you don't fill the DP table for l=0.""
],
""target_function"": ""knapSack"",
""replace"": ""public double knapSack(double[] values, int[] volumes, int capacity) {\n    assert values.length == volumes.length;\n    double[][] table = new double[volumes.length + 1][capacity + 1];\n\n\tif (capacity == 0) {\n\t    return 0.0;\n\t}\n\n\tfor (int k = 1; k < volumes.length + 1; k++) {\n\t    for (int l = 1; l <= capacity; l++) {\n\t\tif (volumes[k - 1] > l) {\n\t\t    table[k][l] = table[k - 1][l];\n\t\t} else if (table[k - 1][l - volumes[k - 1]] + values[k - 1] > table[k - 1][l]) {\n\t\t    table[k][l] = table[k - 1][l - volumes[k - 1]] + values[k - 1];\n\t\t} else {\n\t\t    table[k][l] = table[k - 1][l];\n\t\t}\n\n\t    }\n\t}\n\n\treturn table[volumes.length][capacity];\n}"",
""with"": ""public double knapSack(double[] values, int[] volumes, int capacity) {\n    assert values.length == volumes.length;\n    double[][] table = new double[volumes.length + 1][capacity + 1];\n\n    if (capacity == 0) {\n        return 0.0;\n    }\n\n    for (int k = 1; k < volumes.length + 1; k++) {\n        for (int l = 0; l <= capacity; l++) { // FIX: start from l=0\n            if (volumes[k - 1] > l) {\n                table[k][l] = table[k - 1][l];\n            } else if (table[k - 1][l - volumes[k - 1]] + values[k - 1] > table[k - 1][l]) {\n                table[k][l] = table[k - 1][l - volumes[k - 1]] + values[k - 1];\n            } else {\n                table[k][l] = table[k - 1][l];\n            }\n        }\n    }\n\n    return table[volumes.length][capacity];\n}""
}",direct_json,"The bug is an off-by-one error in the inner loop: it starts at l=1, so capacities of 0 are never considered. This causes the DP table to miss solutions where the optimal value is achieved with zero capacity or with items of volume 0. The fix is to start the inner loop from l=0.","['Check if your DP table considers the case when the knapsack capacity is 0.', 'Are you skipping any possible subproblems by starting your loop at 1 instead of 0?', ""Edge cases with zero-volume items or zero capacity may be missed if you don't fill the DP table for l=0.""]",knapSack,"public double knapSack(double[] values, int[] volumes, int capacity) {
    assert values.length == volumes.length;
    double[][] table = new double[volumes.length + 1][capacity + 1];

	if (capacity == 0) {
	    return 0.0;
	}

	for (int k = 1; k < volumes.length + 1; k++) {
	    for (int l = 1; l <= capacity; l++) {
		if (volumes[k - 1] > l) {
		    table[k][l] = table[k - 1][l];
		} else if (table[k - 1][l - volumes[k - 1]] + values[k - 1] > table[k - 1][l]) {
		    table[k][l] = table[k - 1][l - volumes[k - 1]] + values[k - 1];
		} else {
		    table[k][l] = table[k - 1][l];
		}

	    }
	}

	return table[volumes.length][capacity];
}","public double knapSack(double[] values, int[] volumes, int capacity) {
    assert values.length == volumes.length;
    double[][] table = new double[volumes.length + 1][capacity + 1];

    if (capacity == 0) {
        return 0.0;
    }

    for (int k = 1; k < volumes.length + 1; k++) {
        for (int l = 0; l <= capacity; l++) { // FIX: start from l=0
            if (volumes[k - 1] > l) {
                table[k][l] = table[k - 1][l];
            } else if (table[k - 1][l - volumes[k - 1]] + values[k - 1] > table[k - 1][l]) {
                table[k][l] = table[k - 1][l - volumes[k - 1]] + values[k - 1];
            } else {
                table[k][l] = table[k - 1][l];
            }
        }
    }

    return table[volumes.length][capacity];
}"
278,20_21-3-1-java,7QRZJY2B,java,1,0.0,wrong_output,"You are a programming tutor.

A student's solution failed tests. Your task is to identify ONE local bug and propose ONE small fix.

Attempt: 1
Approach: Choose the single most likely minimal fix.

Programming language: java
Guessed bug type: wrong_output


    For wrong-output bugs:
    - Check for edge cases such as empty input or first/last element.
    - Check for off-by-one errors.
    - Verify that comparison operators are correct (>, >=, <, <=).
    - Ensure return values and update steps.
    

Task title: Knapsack (Java) (revised version 2020/21)
Task description:
The Knapsack problem is an optimization problem. Which items from an existing
selection should be packed into a limited backpack(Knapsack) in order
to maximize the value to be transported? This problem is in general NP-complete
and therefore probably not efficiently solvable. Assuming that the volumes
of the objects are integers, we can find an algorithm that solves this problem
using dynamic programming. We are looking for an implementation of an algorithm,
which for a given list of objects and a list of items and a maximum backpack
volume outputs the value which can be transported at most. The list of items
consists of two lists, one contains the volumes and one the values. So the
input ([0.5, 0.3], [2, 5], 3 ) gives two items, the first with volume 2 and
value 0.5, the second with volume 5 and value 0.3. The last value indicates
the volume of the Knapsack, in this case the correct output of the algorithm
would be 0.5, because only the 1st item fits into the backpack at all. With a
larger volume of 7, the correct output would be 0.8. It is important to note
that the solution is NOT 1.5, so it is not possible to use the same object
more than once.

Your algorithm must have a run time of $O(n^2)$, where $n$ is the number of items.

Time: 1 CPU second

NOTE:

Items can also have a weight of 0!

Student code currently passes 18/21 tests and fails 3/21 tests.

Student code:
```java
public double knapSack(double[] values, int[] volumes, int capacity) {
    assert values.length == volumes.length;
        int objectcount = values.length;

        double[][] A = new double[objectcount + 1][capacity + 1];
        for (int o = 0; o <= objectcount; o++)
        {
            for (int w = 0; w <= capacity; w++)
            {
                if (w == 0 || o == 0)
                {
                    A[o][w] = 0;
                }
                else if (volumes[o - 1] > w)
                {
                    A[o][w] = A[o - 1][w];
                }
                else
                {
                    if (A[o - 1][w] > (values[o - 1]
                            + A[o - 1][w - volumes[o - 1]]))
                    {
                        A[o][w] = A[o - 1][w];
                    }
                    else
                    {
                        A[o][w] = values[o - 1] + A[o - 1][w - volumes[o - 1]];
                    }

                }
            }
        }
        return A[objectcount][capacity];
}

Task skeleton (if present):
public double knapSack(double[] values, int[] volumes, int capacity) {
    assert values.length == volumes.length;
    return 0.0;
}

Reference answer (for understanding intent only; do not copy whole program unless the whole student solution is only one function/method):
/* This function calculates and returns the max
 * value in knapsack with the capacity ""capacity"" wich is filled
 * with stuff of volume ""volumes"" and the value ""values"".
 */
public double knapSack(double[] values, int[] volumes, int capacity) {
    assert values.length == volumes.length;

    int n = values.length;
    double[][] Result = new double[n+1][];

    for(int i = 0; i < n+1; ++i) {
        Result[i] = new double[capacity+1];
    }

    for(int i = n-1; i > -1; --i) {
        for(int j = 0; j < capacity+1; ++j) {
            if (volumes[i] <= j) {
                Result[i][j] = Math.max(values[i] + Result[i+1][j-volumes[i]], Result[i+1][j]);
            } else {
                Result[i][j] = Result[i+1][j];
            }
        }
    }
    return Result[0][capacity];
}

First failed test:

- test number: 18.0
- expected output: true
- actual output: Expected: 3032.0 but got 3027.0
c is: [45.0, 6.0, 21.0, 80.0, 58.0, 83.0, 73.0, 49.0, 37.0, 66.0, 45.0, 63.0, 96.0, 57.0, 32.0, 22.0, 94.0, 32.0, 71.0, 85.0, 32.0, 59.0, 25.0, 33.0, 24.0, 98.0, 62.0, 7.0, 20.0, 99.0, 76.0, 55.0, 31.0, 66.0, 69.0, 80.0, 29.0, 93.0, 20.0, 32.0, 72.0, 91.0, 34.0, 50.0, 72.0, 92.0, 85.0, 48.0, 79.0, 54.0, 1.0, 12.0, 97.0, 49.0, 31.0, 31.0, 72.0, 54.0, 12.0, 88.0, 4.0, 42.0, 66.0, 92.0, 28.0, 87.0, 50.0, 38.0, 69.0, 24.0, 78.0, 62.0, 71.0, 62.0, 85.0, 59.0, 17.0, 60.0, 26.0, 93.0, 97.0, 55.0, 22.0, 31.0, 98.0, 59.0, 55.0, 14.0, 98.0, 41.0, 85.0, 99.0, 5.0, 73.0, 47.0, 94.0, 88.0, 65.0, 0.0, 74.0]
v is: [0, 1, 2, 3, 4, 5, 6, 7, 8, 9, 10, 11, 12, 13, 14, 15, 16, 17, 18, 19, 20, 21, 22, 23, 24, 25, 26, 27, 28, 29, 30, 31, 32, 33, 34, 35, 36, 37, 38, 39, 40, 41, 42, 43, 44, 45, 46, 47, 48, 49, 50, 51, 52, 53, 54, 55, 56, 57, 58, 59, 60, 61, 62, 63, 64, 65, 66, 67, 68, 69, 70, 71, 72, 73, 74, 75, 76, 77, 78, 79, 80, 81, 82, 83, 84, 85, 86, 87, 88, 89, 90, 91, 92, 93, 94, 95, 96, 97, 98, 99]
m is: 1237
- error message: 

Rules:

1. Focus on exactly ONE method or function if possible.
2. The ""replace"" content must be the complete original buggy function or method copied exactly from the student code.
3. The ""with"" content must be the corrected complete version of that same function/method.
4. Do not include main code, test code, markdown, prose inside JSON values.
5. Do not return just a code fragment like a loop, an if block, statement or expression.
6. If you are unable to identify one exact full function/method to replace, then set:
    - ""target_function"" : ""UNKNOWN""
    - ""replace"" : """"
    - ""with"" : """"

Return valid JSON only with exactly these keys:
{
""diagnosis"": ""1-3 short sentences"",
""hints"": [""hint 1"", ""hint 2"", ""hint 3""],
""target_function"": ""function name or UNKNOWN"",
""replace"": ""exact original full function/method or empty string"",
""with"": ""corrected full function/method or empty string""
}","{
""diagnosis"": ""The bug is in the DP recurrence: the student code builds the table from 0..n, but always considers only the previous row (A[o-1][...]), which is correct for this order. However, the code does not allow picking items with volume 0 more than once, which is possible in the current logic. The main issue is that items with volume 0 can be picked multiple times, which is not allowed (each item can be picked at most once). The fix is to skip items with volume 0 if w - volumes[o-1] < 0."",
""hints"": [
""Check how items with volume 0 are handled in the DP recurrence."",
""Ensure that each item is only considered once (0/1 knapsack, not unbounded)."",
""Verify that the DP update does not allow picking the same item multiple times, especially for zero-volume items.""
],
""target_function"": ""knapSack"",
""replace"": ""public double knapSack(double[] values, int[] volumes, int capacity) {\n    assert values.length == volumes.length;\n        int objectcount = values.length;\n\n        double[][] A = new double[objectcount + 1][capacity + 1];\n        for (int o = 0; o <= objectcount; o++)\n        {\n            for (int w = 0; w <= capacity; w++)\n            {\n                if (w == 0 || o == 0)\n                {\n                    A[o][w] = 0;\n                }\n                else if (volumes[o - 1] > w)\n                {\n                    A[o][w] = A[o - 1][w];\n                }\n                else\n                {\n                    if (A[o - 1][w] > (values[o - 1]\n                            + A[o - 1][w - volumes[o - 1]]))\n                    {\n                        A[o][w] = A[o - 1][w];\n                    }\n                    else\n                    {\n                        A[o][w] = values[o - 1] + A[o - 1][w - volumes[o - 1]];\n                    }\n\n                }\n            }\n        }\n        return A[objectcount][capacity];\n}"",
""with"": ""public double knapSack(double[] values, int[] volumes, int capacity) {\n    assert values.length == volumes.length;\n    int objectcount = values.length;\n\n    double[][] A = new double[objectcount + 1][capacity + 1];\n    for (int o = 0; o <= objectcount; o++) {\n        for (int w = 0; w <= capacity; w++) {\n            if (w == 0 || o == 0) {\n                A[o][w] = 0;\n            } else if (volumes[o - 1] > w) {\n                A[o][w] = A[o - 1][w];\n            } else if (volumes[o - 1] == 0) {\n                // Only allow picking zero-volume item once\n                A[o][w] = Math.max(A[o - 1][w], values[o - 1] + A[o - 1][w]);\n            } else {\n                A[o][w] = Math.max(A[o - 1][w], values[o - 1] + A[o - 1][w - volumes[o - 1]]);\n            }\n        }\n    }\n    return A[objectcount][capacity];\n}""
}",direct_json,"The bug is in the DP recurrence: the student code builds the table from 0..n, but always considers only the previous row (A[o-1][...]), which is correct for this order. However, the code does not allow picking items with volume 0 more than once, which is possible in the current logic. The main issue is that items with volume 0 can be picked multiple times, which is not allowed (each item can be picked at most once). The fix is to skip items with volume 0 if w - volumes[o-1] < 0.","['Check how items with volume 0 are handled in the DP recurrence.', 'Ensure that each item is only considered once (0/1 knapsack, not unbounded).', 'Verify that the DP update does not allow picking the same item multiple times, especially for zero-volume items.']",knapSack,"public double knapSack(double[] values, int[] volumes, int capacity) {
    assert values.length == volumes.length;
        int objectcount = values.length;

        double[][] A = new double[objectcount + 1][capacity + 1];
        for (int o = 0; o <= objectcount; o++)
        {
            for (int w = 0; w <= capacity; w++)
            {
                if (w == 0 || o == 0)
                {
                    A[o][w] = 0;
                }
                else if (volumes[o - 1] > w)
                {
                    A[o][w] = A[o - 1][w];
                }
                else
                {
                    if (A[o - 1][w] > (values[o - 1]
                            + A[o - 1][w - volumes[o - 1]]))
                    {
                        A[o][w] = A[o - 1][w];
                    }
                    else
                    {
                        A[o][w] = values[o - 1] + A[o - 1][w - volumes[o - 1]];
                    }

                }
            }
        }
        return A[objectcount][capacity];
}","public double knapSack(double[] values, int[] volumes, int capacity) {
    assert values.length == volumes.length;
    int objectcount = values.length;

    double[][] A = new double[objectcount + 1][capacity + 1];
    for (int o = 0; o <= objectcount; o++) {
        for (int w = 0; w <= capacity; w++) {
            if (w == 0 || o == 0) {
                A[o][w] = 0;
            } else if (volumes[o - 1] > w) {
                A[o][w] = A[o - 1][w];
            } else if (volumes[o - 1] == 0) {
                // Only allow picking zero-volume item once
                A[o][w] = Math.max(A[o - 1][w], values[o - 1] + A[o - 1][w]);
            } else {
                A[o][w] = Math.max(A[o - 1][w], values[o - 1] + A[o - 1][w - volumes[o - 1]]);
            }
        }
    }
    return A[objectcount][capacity];
}"
278,20_21-3-1-java,7QRZJY2B,java,2,0.2,wrong_output,"You are a programming tutor.

A student's solution failed tests. Your task is to identify ONE local bug and propose ONE small fix.

Attempt: 2
Approach: Choose a different localized fix, prioritizing null checks, state updates, index updates, or base-case errors when relevant.

Programming language: java
Guessed bug type: wrong_output


    For wrong-output bugs:
    - Check for edge cases such as empty input or first/last element.
    - Check for off-by-one errors.
    - Verify that comparison operators are correct (>, >=, <, <=).
    - Ensure return values and update steps.
    

Task title: Knapsack (Java) (revised version 2020/21)
Task description:
The Knapsack problem is an optimization problem. Which items from an existing
selection should be packed into a limited backpack(Knapsack) in order
to maximize the value to be transported? This problem is in general NP-complete
and therefore probably not efficiently solvable. Assuming that the volumes
of the objects are integers, we can find an algorithm that solves this problem
using dynamic programming. We are looking for an implementation of an algorithm,
which for a given list of objects and a list of items and a maximum backpack
volume outputs the value which can be transported at most. The list of items
consists of two lists, one contains the volumes and one the values. So the
input ([0.5, 0.3], [2, 5], 3 ) gives two items, the first with volume 2 and
value 0.5, the second with volume 5 and value 0.3. The last value indicates
the volume of the Knapsack, in this case the correct output of the algorithm
would be 0.5, because only the 1st item fits into the backpack at all. With a
larger volume of 7, the correct output would be 0.8. It is important to note
that the solution is NOT 1.5, so it is not possible to use the same object
more than once.

Your algorithm must have a run time of $O(n^2)$, where $n$ is the number of items.

Time: 1 CPU second

NOTE:

Items can also have a weight of 0!

Student code currently passes 18/21 tests and fails 3/21 tests.

Student code:
```java
public double knapSack(double[] values, int[] volumes, int capacity) {
    assert values.length == volumes.length;
        int objectcount = values.length;

        double[][] A = new double[objectcount + 1][capacity + 1];
        for (int o = 0; o <= objectcount; o++)
        {
            for (int w = 0; w <= capacity; w++)
            {
                if (w == 0 || o == 0)
                {
                    A[o][w] = 0;
                }
                else if (volumes[o - 1] > w)
                {
                    A[o][w] = A[o - 1][w];
                }
                else
                {
                    if (A[o - 1][w] > (values[o - 1]
                            + A[o - 1][w - volumes[o - 1]]))
                    {
                        A[o][w] = A[o - 1][w];
                    }
                    else
                    {
                        A[o][w] = values[o - 1] + A[o - 1][w - volumes[o - 1]];
                    }

                }
            }
        }
        return A[objectcount][capacity];
}

Task skeleton (if present):
public double knapSack(double[] values, int[] volumes, int capacity) {
    assert values.length == volumes.length;
    return 0.0;
}

Reference answer (for understanding intent only; do not copy whole program unless the whole student solution is only one function/method):
/* This function calculates and returns the max
 * value in knapsack with the capacity ""capacity"" wich is filled
 * with stuff of volume ""volumes"" and the value ""values"".
 */
public double knapSack(double[] values, int[] volumes, int capacity) {
    assert values.length == volumes.length;

    int n = values.length;
    double[][] Result = new double[n+1][];

    for(int i = 0; i < n+1; ++i) {
        Result[i] = new double[capacity+1];
    }

    for(int i = n-1; i > -1; --i) {
        for(int j = 0; j < capacity+1; ++j) {
            if (volumes[i] <= j) {
                Result[i][j] = Math.max(values[i] + Result[i+1][j-volumes[i]], Result[i+1][j]);
            } else {
                Result[i][j] = Result[i+1][j];
            }
        }
    }
    return Result[0][capacity];
}

First failed test:

- test number: 18.0
- expected output: true
- actual output: Expected: 3032.0 but got 3027.0
c is: [45.0, 6.0, 21.0, 80.0, 58.0, 83.0, 73.0, 49.0, 37.0, 66.0, 45.0, 63.0, 96.0, 57.0, 32.0, 22.0, 94.0, 32.0, 71.0, 85.0, 32.0, 59.0, 25.0, 33.0, 24.0, 98.0, 62.0, 7.0, 20.0, 99.0, 76.0, 55.0, 31.0, 66.0, 69.0, 80.0, 29.0, 93.0, 20.0, 32.0, 72.0, 91.0, 34.0, 50.0, 72.0, 92.0, 85.0, 48.0, 79.0, 54.0, 1.0, 12.0, 97.0, 49.0, 31.0, 31.0, 72.0, 54.0, 12.0, 88.0, 4.0, 42.0, 66.0, 92.0, 28.0, 87.0, 50.0, 38.0, 69.0, 24.0, 78.0, 62.0, 71.0, 62.0, 85.0, 59.0, 17.0, 60.0, 26.0, 93.0, 97.0, 55.0, 22.0, 31.0, 98.0, 59.0, 55.0, 14.0, 98.0, 41.0, 85.0, 99.0, 5.0, 73.0, 47.0, 94.0, 88.0, 65.0, 0.0, 74.0]
v is: [0, 1, 2, 3, 4, 5, 6, 7, 8, 9, 10, 11, 12, 13, 14, 15, 16, 17, 18, 19, 20, 21, 22, 23, 24, 25, 26, 27, 28, 29, 30, 31, 32, 33, 34, 35, 36, 37, 38, 39, 40, 41, 42, 43, 44, 45, 46, 47, 48, 49, 50, 51, 52, 53, 54, 55, 56, 57, 58, 59, 60, 61, 62, 63, 64, 65, 66, 67, 68, 69, 70, 71, 72, 73, 74, 75, 76, 77, 78, 79, 80, 81, 82, 83, 84, 85, 86, 87, 88, 89, 90, 91, 92, 93, 94, 95, 96, 97, 98, 99]
m is: 1237
- error message: 

Rules:

1. Focus on exactly ONE method or function if possible.
2. The ""replace"" content must be the complete original buggy function or method copied exactly from the student code.
3. The ""with"" content must be the corrected complete version of that same function/method.
4. Do not include main code, test code, markdown, prose inside JSON values.
5. Do not return just a code fragment like a loop, an if block, statement or expression.
6. If you are unable to identify one exact full function/method to replace, then set:
    - ""target_function"" : ""UNKNOWN""
    - ""replace"" : """"
    - ""with"" : """"

Return valid JSON only with exactly these keys:
{
""diagnosis"": ""1-3 short sentences"",
""hints"": [""hint 1"", ""hint 2"", ""hint 3""],
""target_function"": ""function name or UNKNOWN"",
""replace"": ""exact original full function/method or empty string"",
""with"": ""corrected full function/method or empty string""
}","{
""diagnosis"": ""The bug is in handling items with zero volume. The current code only considers including an item if volumes[o - 1] > 0 and volumes[o - 1] <= w, but if volume is 0, it can be included infinitely, which is not correct for 0/1 knapsack. The code should only allow each item to be included once, even if its volume is zero."",
""hints"": [""Check how items with zero volume are handled."", ""Ensure each item is only included once, regardless of its volume."", ""Review the DP update logic for items with volume 0.""],
""target_function"": ""knapSack"",
""replace"": ""public double knapSack(double[] values, int[] volumes, int capacity) {\n    assert values.length == volumes.length;\n        int objectcount = values.length;\n\n        double[][] A = new double[objectcount + 1][capacity + 1];\n        for (int o = 0; o <= objectcount; o++)\n        {\n            for (int w = 0; w <= capacity; w++)\n            {\n                if (w == 0 || o == 0)\n                {\n                    A[o][w] = 0;\n                }\n                else if (volumes[o - 1] > w)\n                {\n                    A[o][w] = A[o - 1][w];\n                }\n                else\n                {\n                    if (A[o - 1][w] > (values[o - 1]\n                            + A[o - 1][w - volumes[o - 1]]))\n                    {\n                        A[o][w] = A[o - 1][w];\n                    }\n                    else\n                    {\n                        A[o][w] = values[o - 1] + A[o - 1][w - volumes[o - 1]];\n                    }\n\n                }\n            }\n        }\n        return A[objectcount][capacity];\n}"",
""with"": ""public double knapSack(double[] values, int[] volumes, int capacity) {\n    assert values.length == volumes.length;\n    int objectcount = values.length;\n    double[][] A = new double[objectcount + 1][capacity + 1];\n    for (int o = 0; o <= objectcount; o++) {\n        for (int w = 0; w <= capacity; w++) {\n            if (w == 0 || o == 0) {\n                A[o][w] = 0;\n            } else if (volumes[o - 1] > w) {\n                A[o][w] = A[o - 1][w];\n            } else {\n                // Fix: For zero-volume items, only allow including each item once\n                A[o][w] = Math.max(A[o - 1][w], values[o - 1] + A[o - 1][w - volumes[o - 1]]);\n            }\n        }\n    }\n    return A[objectcount][capacity];\n}""
}",direct_json,"The bug is in handling items with zero volume. The current code only considers including an item if volumes[o - 1] > 0 and volumes[o - 1] <= w, but if volume is 0, it can be included infinitely, which is not correct for 0/1 knapsack. The code should only allow each item to be included once, even if its volume is zero.","['Check how items with zero volume are handled.', 'Ensure each item is only included once, regardless of its volume.', 'Review the DP update logic for items with volume 0.']",knapSack,"public double knapSack(double[] values, int[] volumes, int capacity) {
    assert values.length == volumes.length;
        int objectcount = values.length;

        double[][] A = new double[objectcount + 1][capacity + 1];
        for (int o = 0; o <= objectcount; o++)
        {
            for (int w = 0; w <= capacity; w++)
            {
                if (w == 0 || o == 0)
                {
                    A[o][w] = 0;
                }
                else if (volumes[o - 1] > w)
                {
                    A[o][w] = A[o - 1][w];
                }
                else
                {
                    if (A[o - 1][w] > (values[o - 1]
                            + A[o - 1][w - volumes[o - 1]]))
                    {
                        A[o][w] = A[o - 1][w];
                    }
                    else
                    {
                        A[o][w] = values[o - 1] + A[o - 1][w - volumes[o - 1]];
                    }

                }
            }
        }
        return A[objectcount][capacity];
}","public double knapSack(double[] values, int[] volumes, int capacity) {
    assert values.length == volumes.length;
    int objectcount = values.length;
    double[][] A = new double[objectcount + 1][capacity + 1];
    for (int o = 0; o <= objectcount; o++) {
        for (int w = 0; w <= capacity; w++) {
            if (w == 0 || o == 0) {
                A[o][w] = 0;
            } else if (volumes[o - 1] > w) {
                A[o][w] = A[o - 1][w];
            } else {
                // Fix: For zero-volume items, only allow including each item once
                A[o][w] = Math.max(A[o - 1][w], values[o - 1] + A[o - 1][w - volumes[o - 1]]);
            }
        }
    }
    return A[objectcount][capacity];
}"
286,20_21-3-1-java,HGWKILD6,java,1,0.0,wrong_output,"You are a programming tutor.

A student's solution failed tests. Your task is to identify ONE local bug and propose ONE small fix.

Attempt: 1
Approach: Choose the single most likely minimal fix.

Programming language: java
Guessed bug type: wrong_output


    For wrong-output bugs:
    - Check for edge cases such as empty input or first/last element.
    - Check for off-by-one errors.
    - Verify that comparison operators are correct (>, >=, <, <=).
    - Ensure return values and update steps.
    

Task title: Knapsack (Java) (revised version 2020/21)
Task description:
The Knapsack problem is an optimization problem. Which items from an existing
selection should be packed into a limited backpack(Knapsack) in order
to maximize the value to be transported? This problem is in general NP-complete
and therefore probably not efficiently solvable. Assuming that the volumes
of the objects are integers, we can find an algorithm that solves this problem
using dynamic programming. We are looking for an implementation of an algorithm,
which for a given list of objects and a list of items and a maximum backpack
volume outputs the value which can be transported at most. The list of items
consists of two lists, one contains the volumes and one the values. So the
input ([0.5, 0.3], [2, 5], 3 ) gives two items, the first with volume 2 and
value 0.5, the second with volume 5 and value 0.3. The last value indicates
the volume of the Knapsack, in this case the correct output of the algorithm
would be 0.5, because only the 1st item fits into the backpack at all. With a
larger volume of 7, the correct output would be 0.8. It is important to note
that the solution is NOT 1.5, so it is not possible to use the same object
more than once.

Your algorithm must have a run time of $O(n^2)$, where $n$ is the number of items.

Time: 1 CPU second

NOTE:

Items can also have a weight of 0!

Student code currently passes 20/21 tests and fails 1/21 tests.

Student code:
```java
public double knapSack(double[] values, int[] volumes, int capacity) {
    assert values.length == volumes.length;
    int n = values.length;

       if (n <= 0 ||capacity <= 0) {
           return 0.0;
       }

       double[][] matrix = new double[n + 1][capacity + 1];
       for (int j = 0; j <= capacity; j++) {
           matrix[0][j] = 0.0;
       }

        for (int i = 1; i <= n; i++) {
            for (int j = 1; j <= capacity; j++) {
                if (volumes[i - 1] > j) {
                    matrix[i][j] = matrix[i - 1][j];
                } else {
                    matrix[i][j] = Math.max(
                            matrix[i - 1][j],
                            matrix[i - 1][j - volumes[i - 1]] + values[i - 1]
                    );
                }
            }
        }

        return matrix[n][capacity];
}

Task skeleton (if present):
public double knapSack(double[] values, int[] volumes, int capacity) {
    assert values.length == volumes.length;
    return 0.0;
}

Reference answer (for understanding intent only; do not copy whole program unless the whole student solution is only one function/method):
/* This function calculates and returns the max
 * value in knapsack with the capacity ""capacity"" wich is filled
 * with stuff of volume ""volumes"" and the value ""values"".
 */
public double knapSack(double[] values, int[] volumes, int capacity) {
    assert values.length == volumes.length;

    int n = values.length;
    double[][] Result = new double[n+1][];

    for(int i = 0; i < n+1; ++i) {
        Result[i] = new double[capacity+1];
    }

    for(int i = n-1; i > -1; --i) {
        for(int j = 0; j < capacity+1; ++j) {
            if (volumes[i] <= j) {
                Result[i][j] = Math.max(values[i] + Result[i+1][j-volumes[i]], Result[i+1][j]);
            } else {
                Result[i][j] = Result[i+1][j];
            }
        }
    }
    return Result[0][capacity];
}

First failed test:

- test number: 19.0
- expected output: true
- actual output: Expected: 2796.0 but got 2794.0
c is: [50.0, 17.0, 58.0, 78.0, 72.0, 84.0, 7.0, 89.0, 92.0, 36.0, 60.0, 54.0, 22.0, 75.0, 25.0, 63.0, 71.0, 16.0, 92.0, 87.0, 5.0, 20.0, 17.0, 1.0, 64.0, 95.0, 30.0, 60.0, 9.0, 71.0, 24.0, 23.0, 85.0, 53.0, 89.0, 28.0, 47.0, 49.0, 43.0, 40.0, 12.0, 46.0, 47.0, 57.0, 92.0, 54.0, 67.0, 41.0, 50.0, 90.0, 6.0, 55.0, 52.0, 55.0, 66.0, 80.0, 33.0, 79.0, 60.0, 12.0, 0.0, 2.0, 28.0, 46.0, 9.0, 51.0, 56.0, 70.0, 0.0, 58.0, 82.0, 95.0, 74.0, 44.0, 71.0, 78.0, 92.0, 47.0, 59.0, 66.0, 20.0, 5.0, 31.0, 84.0, 51.0, 96.0, 49.0, 79.0, 1.0, 4.0, 58.0, 46.0, 42.0, 64.0, 28.0, 95.0, 10.0, 91.0, 67.0, 16.0]
v is: [0, 1, 2, 3, 4, 5, 6, 7, 8, 9, 10, 11, 12, 13, 14, 15, 16, 17, 18, 19, 20, 21, 22, 23, 24, 25, 26, 27, 28, 29, 30, 31, 32, 33, 34, 35, 36, 37, 38, 39, 40, 41, 42, 43, 44, 45, 46, 47, 48, 49, 50, 51, 52, 53, 54, 55, 56, 57, 58, 59, 60, 61, 62, 63, 64, 65, 66, 67, 68, 69, 70, 71, 72, 73, 74, 75, 76, 77, 78, 79, 80, 81, 82, 83, 84, 85, 86, 87, 88, 89, 90, 91, 92, 93, 94, 95, 96, 97, 98, 99]
m is: 1237
- error message: 

Rules:

1. Focus on exactly ONE method or function if possible.
2. The ""replace"" content must be the complete original buggy function or method copied exactly from the student code.
3. The ""with"" content must be the corrected complete version of that same function/method.
4. Do not include main code, test code, markdown, prose inside JSON values.
5. Do not return just a code fragment like a loop, an if block, statement or expression.
6. If you are unable to identify one exact full function/method to replace, then set:
    - ""target_function"" : ""UNKNOWN""
    - ""replace"" : """"
    - ""with"" : """"

Return valid JSON only with exactly these keys:
{
""diagnosis"": ""1-3 short sentences"",
""hints"": [""hint 1"", ""hint 2"", ""hint 3""],
""target_function"": ""function name or UNKNOWN"",
""replace"": ""exact original full function/method or empty string"",
""with"": ""corrected full function/method or empty string""
}","{
""diagnosis"": ""The bug is in the handling of items with zero volume. The inner loop starts at j=1, so items with volume 0 are never considered for j=0, which can lead to missing value accumulation for zero-volume items. The fix is to start the inner loop at j=0."",
""hints"": [
""Check how items with volume 0 are handled in the DP table."",
""Review the range of the inner loop over j (capacity)."",
""Consider what happens when an item's volume is 0 and j=0.""
],
""target_function"": ""knapSack"",
""replace"": ""public double knapSack(double[] values, int[] volumes, int capacity) {\n    assert values.length == volumes.length;\n    int n = values.length;\n\n       if (n <= 0 ||capacity <= 0) {\n           return 0.0;\n       }\n\n       double[][] matrix = new double[n + 1][capacity + 1];\n       for (int j = 0; j <= capacity; j++) {\n           matrix[0][j] = 0.0;\n       }\n\n        for (int i = 1; i <= n; i++) {\n            for (int j = 1; j <= capacity; j++) {\n                if (volumes[i - 1] > j) {\n                    matrix[i][j] = matrix[i - 1][j];\n                } else {\n                    matrix[i][j] = Math.max(\n                            matrix[i - 1][j],\n                            matrix[i - 1][j - volumes[i - 1]] + values[i - 1]\n                    );\n                }\n            }\n        }\n\n        return matrix[n][capacity];\n}"",
""with"": ""public double knapSack(double[] values, int[] volumes, int capacity) {\n    assert values.length == volumes.length;\n    int n = values.length;\n\n       if (n <= 0 ||capacity <= 0) {\n           return 0.0;\n       }\n\n       double[][] matrix = new double[n + 1][capacity + 1];\n       for (int j = 0; j <= capacity; j++) {\n           matrix[0][j] = 0.0;\n       }\n\n        for (int i = 1; i <= n; i++) {\n            for (int j = 0; j <= capacity; j++) { // FIX: start from 0\n                if (volumes[i - 1] > j) {\n                    matrix[i][j] = matrix[i - 1][j];\n                } else {\n                    matrix[i][j] = Math.max(\n                            matrix[i - 1][j],\n                            matrix[i - 1][j - volumes[i - 1]] + values[i - 1]\n                    );\n                }\n            }\n        }\n\n        return matrix[n][capacity];\n}""
}",direct_json,"The bug is in the handling of items with zero volume. The inner loop starts at j=1, so items with volume 0 are never considered for j=0, which can lead to missing value accumulation for zero-volume items. The fix is to start the inner loop at j=0.","['Check how items with volume 0 are handled in the DP table.', 'Review the range of the inner loop over j (capacity).', ""Consider what happens when an item's volume is 0 and j=0.""]",knapSack,"public double knapSack(double[] values, int[] volumes, int capacity) {
    assert values.length == volumes.length;
    int n = values.length;

       if (n <= 0 ||capacity <= 0) {
           return 0.0;
       }

       double[][] matrix = new double[n + 1][capacity + 1];
       for (int j = 0; j <= capacity; j++) {
           matrix[0][j] = 0.0;
       }

        for (int i = 1; i <= n; i++) {
            for (int j = 1; j <= capacity; j++) {
                if (volumes[i - 1] > j) {
                    matrix[i][j] = matrix[i - 1][j];
                } else {
                    matrix[i][j] = Math.max(
                            matrix[i - 1][j],
                            matrix[i - 1][j - volumes[i - 1]] + values[i - 1]
                    );
                }
            }
        }

        return matrix[n][capacity];
}","public double knapSack(double[] values, int[] volumes, int capacity) {
    assert values.length == volumes.length;
    int n = values.length;

       if (n <= 0 ||capacity <= 0) {
           return 0.0;
       }

       double[][] matrix = new double[n + 1][capacity + 1];
       for (int j = 0; j <= capacity; j++) {
           matrix[0][j] = 0.0;
       }

        for (int i = 1; i <= n; i++) {
            for (int j = 0; j <= capacity; j++) { // FIX: start from 0
                if (volumes[i - 1] > j) {
                    matrix[i][j] = matrix[i - 1][j];
                } else {
                    matrix[i][j] = Math.max(
                            matrix[i - 1][j],
                            matrix[i - 1][j - volumes[i - 1]] + values[i - 1]
                    );
                }
            }
        }

        return matrix[n][capacity];
}"
286,20_21-3-1-java,HGWKILD6,java,2,0.2,wrong_output,"You are a programming tutor.

A student's solution failed tests. Your task is to identify ONE local bug and propose ONE small fix.

Attempt: 2
Approach: Choose a different localized fix, prioritizing null checks, state updates, index updates, or base-case errors when relevant.

Programming language: java
Guessed bug type: wrong_output


    For wrong-output bugs:
    - Check for edge cases such as empty input or first/last element.
    - Check for off-by-one errors.
    - Verify that comparison operators are correct (>, >=, <, <=).
    - Ensure return values and update steps.
    

Task title: Knapsack (Java) (revised version 2020/21)
Task description:
The Knapsack problem is an optimization problem. Which items from an existing
selection should be packed into a limited backpack(Knapsack) in order
to maximize the value to be transported? This problem is in general NP-complete
and therefore probably not efficiently solvable. Assuming that the volumes
of the objects are integers, we can find an algorithm that solves this problem
using dynamic programming. We are looking for an implementation of an algorithm,
which for a given list of objects and a list of items and a maximum backpack
volume outputs the value which can be transported at most. The list of items
consists of two lists, one contains the volumes and one the values. So the
input ([0.5, 0.3], [2, 5], 3 ) gives two items, the first with volume 2 and
value 0.5, the second with volume 5 and value 0.3. The last value indicates
the volume of the Knapsack, in this case the correct output of the algorithm
would be 0.5, because only the 1st item fits into the backpack at all. With a
larger volume of 7, the correct output would be 0.8. It is important to note
that the solution is NOT 1.5, so it is not possible to use the same object
more than once.

Your algorithm must have a run time of $O(n^2)$, where $n$ is the number of items.

Time: 1 CPU second

NOTE:

Items can also have a weight of 0!

Student code currently passes 20/21 tests and fails 1/21 tests.

Student code:
```java
public double knapSack(double[] values, int[] volumes, int capacity) {
    assert values.length == volumes.length;
    int n = values.length;

       if (n <= 0 ||capacity <= 0) {
           return 0.0;
       }

       double[][] matrix = new double[n + 1][capacity + 1];
       for (int j = 0; j <= capacity; j++) {
           matrix[0][j] = 0.0;
       }

        for (int i = 1; i <= n; i++) {
            for (int j = 1; j <= capacity; j++) {
                if (volumes[i - 1] > j) {
                    matrix[i][j] = matrix[i - 1][j];
                } else {
                    matrix[i][j] = Math.max(
                            matrix[i - 1][j],
                            matrix[i - 1][j - volumes[i - 1]] + values[i - 1]
                    );
                }
            }
        }

        return matrix[n][capacity];
}

Task skeleton (if present):
public double knapSack(double[] values, int[] volumes, int capacity) {
    assert values.length == volumes.length;
    return 0.0;
}

Reference answer (for understanding intent only; do not copy whole program unless the whole student solution is only one function/method):
/* This function calculates and returns the max
 * value in knapsack with the capacity ""capacity"" wich is filled
 * with stuff of volume ""volumes"" and the value ""values"".
 */
public double knapSack(double[] values, int[] volumes, int capacity) {
    assert values.length == volumes.length;

    int n = values.length;
    double[][] Result = new double[n+1][];

    for(int i = 0; i < n+1; ++i) {
        Result[i] = new double[capacity+1];
    }

    for(int i = n-1; i > -1; --i) {
        for(int j = 0; j < capacity+1; ++j) {
            if (volumes[i] <= j) {
                Result[i][j] = Math.max(values[i] + Result[i+1][j-volumes[i]], Result[i+1][j]);
            } else {
                Result[i][j] = Result[i+1][j];
            }
        }
    }
    return Result[0][capacity];
}

First failed test:

- test number: 19.0
- expected output: true
- actual output: Expected: 2796.0 but got 2794.0
c is: [50.0, 17.0, 58.0, 78.0, 72.0, 84.0, 7.0, 89.0, 92.0, 36.0, 60.0, 54.0, 22.0, 75.0, 25.0, 63.0, 71.0, 16.0, 92.0, 87.0, 5.0, 20.0, 17.0, 1.0, 64.0, 95.0, 30.0, 60.0, 9.0, 71.0, 24.0, 23.0, 85.0, 53.0, 89.0, 28.0, 47.0, 49.0, 43.0, 40.0, 12.0, 46.0, 47.0, 57.0, 92.0, 54.0, 67.0, 41.0, 50.0, 90.0, 6.0, 55.0, 52.0, 55.0, 66.0, 80.0, 33.0, 79.0, 60.0, 12.0, 0.0, 2.0, 28.0, 46.0, 9.0, 51.0, 56.0, 70.0, 0.0, 58.0, 82.0, 95.0, 74.0, 44.0, 71.0, 78.0, 92.0, 47.0, 59.0, 66.0, 20.0, 5.0, 31.0, 84.0, 51.0, 96.0, 49.0, 79.0, 1.0, 4.0, 58.0, 46.0, 42.0, 64.0, 28.0, 95.0, 10.0, 91.0, 67.0, 16.0]
v is: [0, 1, 2, 3, 4, 5, 6, 7, 8, 9, 10, 11, 12, 13, 14, 15, 16, 17, 18, 19, 20, 21, 22, 23, 24, 25, 26, 27, 28, 29, 30, 31, 32, 33, 34, 35, 36, 37, 38, 39, 40, 41, 42, 43, 44, 45, 46, 47, 48, 49, 50, 51, 52, 53, 54, 55, 56, 57, 58, 59, 60, 61, 62, 63, 64, 65, 66, 67, 68, 69, 70, 71, 72, 73, 74, 75, 76, 77, 78, 79, 80, 81, 82, 83, 84, 85, 86, 87, 88, 89, 90, 91, 92, 93, 94, 95, 96, 97, 98, 99]
m is: 1237
- error message: 

Rules:

1. Focus on exactly ONE method or function if possible.
2. The ""replace"" content must be the complete original buggy function or method copied exactly from the student code.
3. The ""with"" content must be the corrected complete version of that same function/method.
4. Do not include main code, test code, markdown, prose inside JSON values.
5. Do not return just a code fragment like a loop, an if block, statement or expression.
6. If you are unable to identify one exact full function/method to replace, then set:
    - ""target_function"" : ""UNKNOWN""
    - ""replace"" : """"
    - ""with"" : """"

Return valid JSON only with exactly these keys:
{
""diagnosis"": ""1-3 short sentences"",
""hints"": [""hint 1"", ""hint 2"", ""hint 3""],
""target_function"": ""function name or UNKNOWN"",
""replace"": ""exact original full function/method or empty string"",
""with"": ""corrected full function/method or empty string""
}","{
""diagnosis"": ""The inner loop starts at j=1, which skips the case where the knapsack capacity is 0. This causes the DP table to be incorrectly filled for items with volume 0, leading to undercounting their value. The inner loop should start at j=0."",
""hints"": [
""Check if your DP table initialization and loops cover all possible capacities, including zero."",
""Items with volume 0 should be considered for all capacities, including zero."",
""Off-by-one errors in DP loops can cause missed optimal subproblems.""
],
""target_function"": ""knapSack"",
""replace"": ""public double knapSack(double[] values, int[] volumes, int capacity) {\n    assert values.length == volumes.length;\n    int n = values.length;\n\n       if (n <= 0 ||capacity <= 0) {\n           return 0.0;\n       }\n\n       double[][] matrix = new double[n + 1][capacity + 1];\n       for (int j = 0; j <= capacity; j++) {\n           matrix[0][j] = 0.0;\n       }\n\n        for (int i = 1; i <= n; i++) {\n            for (int j = 1; j <= capacity; j++) {\n                if (volumes[i - 1] > j) {\n                    matrix[i][j] = matrix[i - 1][j];\n                } else {\n                    matrix[i][j] = Math.max(\n                            matrix[i - 1][j],\n                            matrix[i - 1][j - volumes[i - 1]] + values[i - 1]\n                    );\n                }\n            }\n        }\n\n        return matrix[n][capacity];\n}"",
""with"": ""public double knapSack(double[] values, int[] volumes, int capacity) {\n    assert values.length == volumes.length;\n    int n = values.length;\n\n       if (n <= 0 ||capacity <= 0) {\n           return 0.0;\n       }\n\n       double[][] matrix = new double[n + 1][capacity + 1];\n       for (int j = 0; j <= capacity; j++) {\n           matrix[0][j] = 0.0;\n       }\n\n        for (int i = 1; i <= n; i++) {\n            for (int j = 0; j <= capacity; j++) { // FIX: start at j=0\n                if (volumes[i - 1] > j) {\n                    matrix[i][j] = matrix[i - 1][j];\n                } else {\n                    matrix[i][j] = Math.max(\n                            matrix[i - 1][j],\n                            matrix[i - 1][j - volumes[i - 1]] + values[i - 1]\n                    );\n                }\n            }\n        }\n\n        return matrix[n][capacity];\n}""
}",direct_json,"The inner loop starts at j=1, which skips the case where the knapsack capacity is 0. This causes the DP table to be incorrectly filled for items with volume 0, leading to undercounting their value. The inner loop should start at j=0.","['Check if your DP table initialization and loops cover all possible capacities, including zero.', 'Items with volume 0 should be considered for all capacities, including zero.', 'Off-by-one errors in DP loops can cause missed optimal subproblems.']",knapSack,"public double knapSack(double[] values, int[] volumes, int capacity) {
    assert values.length == volumes.length;
    int n = values.length;

       if (n <= 0 ||capacity <= 0) {
           return 0.0;
       }

       double[][] matrix = new double[n + 1][capacity + 1];
       for (int j = 0; j <= capacity; j++) {
           matrix[0][j] = 0.0;
       }

        for (int i = 1; i <= n; i++) {
            for (int j = 1; j <= capacity; j++) {
                if (volumes[i - 1] > j) {
                    matrix[i][j] = matrix[i - 1][j];
                } else {
                    matrix[i][j] = Math.max(
                            matrix[i - 1][j],
                            matrix[i - 1][j - volumes[i - 1]] + values[i - 1]
                    );
                }
            }
        }

        return matrix[n][capacity];
}","public double knapSack(double[] values, int[] volumes, int capacity) {
    assert values.length == volumes.length;
    int n = values.length;

       if (n <= 0 ||capacity <= 0) {
           return 0.0;
       }

       double[][] matrix = new double[n + 1][capacity + 1];
       for (int j = 0; j <= capacity; j++) {
           matrix[0][j] = 0.0;
       }

        for (int i = 1; i <= n; i++) {
            for (int j = 0; j <= capacity; j++) { // FIX: start at j=0
                if (volumes[i - 1] > j) {
                    matrix[i][j] = matrix[i - 1][j];
                } else {
                    matrix[i][j] = Math.max(
                            matrix[i - 1][j],
                            matrix[i - 1][j - volumes[i - 1]] + values[i - 1]
                    );
                }
            }
        }

        return matrix[n][capacity];
}"
288,20_21-3-1-java,IDXXONOK,java,1,0.0,wrong_output,"You are a programming tutor.

A student's solution failed tests. Your task is to identify ONE local bug and propose ONE small fix.

Attempt: 1
Approach: Choose the single most likely minimal fix.

Programming language: java
Guessed bug type: wrong_output


    For wrong-output bugs:
    - Check for edge cases such as empty input or first/last element.
    - Check for off-by-one errors.
    - Verify that comparison operators are correct (>, >=, <, <=).
    - Ensure return values and update steps.
    

Task title: Knapsack (Java) (revised version 2020/21)
Task description:
The Knapsack problem is an optimization problem. Which items from an existing
selection should be packed into a limited backpack(Knapsack) in order
to maximize the value to be transported? This problem is in general NP-complete
and therefore probably not efficiently solvable. Assuming that the volumes
of the objects are integers, we can find an algorithm that solves this problem
using dynamic programming. We are looking for an implementation of an algorithm,
which for a given list of objects and a list of items and a maximum backpack
volume outputs the value which can be transported at most. The list of items
consists of two lists, one contains the volumes and one the values. So the
input ([0.5, 0.3], [2, 5], 3 ) gives two items, the first with volume 2 and
value 0.5, the second with volume 5 and value 0.3. The last value indicates
the volume of the Knapsack, in this case the correct output of the algorithm
would be 0.5, because only the 1st item fits into the backpack at all. With a
larger volume of 7, the correct output would be 0.8. It is important to note
that the solution is NOT 1.5, so it is not possible to use the same object
more than once.

Your algorithm must have a run time of $O(n^2)$, where $n$ is the number of items.

Time: 1 CPU second

NOTE:

Items can also have a weight of 0!

Student code currently passes 20/21 tests and fails 1/21 tests.

Student code:
```java
public double knapSack(double[] values, int[] volumes, int capacity) {
    if (values.length != volumes.length)
    {
        return 0.0;
    }
    
    else if (values.length <= 0 || capacity <= 0) {
        return 0.0;
    }

    double[][] m = new double[values.length + 1][capacity + 1];
    for (int i = 0; i <= values.length; i++) {
        m[i][0] = 0.0;
    }
    for (int w = 0; w <= capacity; w++) {
        m[0][w] = 0.0;
    }

    for (int i = 0; i <= values.length; i++) {
        for (int w = 1; w <= capacity; w++) { 
	    if (i == 0 || capacity == 0){
	    	m[i][w] = 0.0;
	    }
            else if (i > 0 && (w > 0 && volumes[i - 1] > w)) {
                m[i][w] = (double) m[i - 1][w];
            } 
	    else {
                m[i][w] = (double) Math.max(
                  m[i - 1][w], 
                  m[i - 1][w - volumes[i - 1]] + values[i - 1]);
            }
        }
    }
    return (double) m[values.length][capacity];
}

Task skeleton (if present):
public double knapSack(double[] values, int[] volumes, int capacity) {
    assert values.length == volumes.length;
    return 0.0;
}

Reference answer (for understanding intent only; do not copy whole program unless the whole student solution is only one function/method):
/* This function calculates and returns the max
 * value in knapsack with the capacity ""capacity"" wich is filled
 * with stuff of volume ""volumes"" and the value ""values"".
 */
public double knapSack(double[] values, int[] volumes, int capacity) {
    assert values.length == volumes.length;

    int n = values.length;
    double[][] Result = new double[n+1][];

    for(int i = 0; i < n+1; ++i) {
        Result[i] = new double[capacity+1];
    }

    for(int i = n-1; i > -1; --i) {
        for(int j = 0; j < capacity+1; ++j) {
            if (volumes[i] <= j) {
                Result[i][j] = Math.max(values[i] + Result[i+1][j-volumes[i]], Result[i+1][j]);
            } else {
                Result[i][j] = Result[i+1][j];
            }
        }
    }
    return Result[0][capacity];
}

First failed test:

- test number: 21.0
- expected output: true
- actual output: Expected: 2727.0 but got 2725.0
c is: [28.0, 47.0, 60.0, 58.0, 22.0, 22.0, 94.0, 96.0, 31.0, 18.0, 57.0, 82.0, 72.0, 9.0, 26.0, 68.0, 4.0, 24.0, 79.0, 53.0, 99.0, 44.0, 80.0, 7.0, 23.0, 79.0, 52.0, 56.0, 71.0, 11.0, 81.0, 25.0, 53.0, 43.0, 89.0, 51.0, 63.0, 21.0, 42.0, 14.0, 6.0, 57.0, 4.0, 10.0, 43.0, 99.0, 19.0, 10.0, 47.0, 76.0, 2.0, 11.0, 3.0, 67.0, 26.0, 53.0, 77.0, 83.0, 23.0, 66.0, 39.0, 81.0, 61.0, 71.0, 18.0, 8.0, 47.0, 21.0, 30.0, 29.0, 74.0, 77.0, 41.0, 82.0, 88.0, 63.0, 17.0, 71.0, 24.0, 62.0, 76.0, 95.0, 79.0, 28.0, 59.0, 57.0, 89.0, 10.0, 19.0, 74.0, 6.0, 43.0, 68.0, 92.0, 67.0, 94.0, 95.0, 66.0, 84.0, 82.0]
v is: [0, 1, 2, 3, 4, 5, 6, 7, 8, 9, 10, 11, 12, 13, 14, 15, 16, 17, 18, 19, 20, 21, 22, 23, 24, 25, 26, 27, 28, 29, 30, 31, 32, 33, 34, 35, 36, 37, 38, 39, 40, 41, 42, 43, 44, 45, 46, 47, 48, 49, 50, 51, 52, 53, 54, 55, 56, 57, 58, 59, 60, 61, 62, 63, 64, 65, 66, 67, 68, 69, 70, 71, 72, 73, 74, 75, 76, 77, 78, 79, 80, 81, 82, 83, 84, 85, 86, 87, 88, 89, 90, 91, 92, 93, 94, 95, 96, 97, 98, 99]
m is: 1237
- error message: 

Rules:

1. Focus on exactly ONE method or function if possible.
2. The ""replace"" content must be the complete original buggy function or method copied exactly from the student code.
3. The ""with"" content must be the corrected complete version of that same function/method.
4. Do not include main code, test code, markdown, prose inside JSON values.
5. Do not return just a code fragment like a loop, an if block, statement or expression.
6. If you are unable to identify one exact full function/method to replace, then set:
    - ""target_function"" : ""UNKNOWN""
    - ""replace"" : """"
    - ""with"" : """"

Return valid JSON only with exactly these keys:
{
""diagnosis"": ""1-3 short sentences"",
""hints"": [""hint 1"", ""hint 2"", ""hint 3""],
""target_function"": ""function name or UNKNOWN"",
""replace"": ""exact original full function/method or empty string"",
""with"": ""corrected full function/method or empty string""
}","{
""diagnosis"": ""The bug is an off-by-one error in the main DP loop: the outer loop starts at i=0, but the DP recurrence assumes i>0. This causes the first row to be recalculated incorrectly, missing some optimal subproblems. Start the outer loop at i=1 instead of i=0."",
""hints"": [
""Check the range of the main DP loop indices."",
""Verify how the DP table is initialized and updated for i=0."",
""Compare your DP loop structure to standard 0/1 knapsack implementations.""
],
""target_function"": ""knapSack"",
""replace"": ""public double knapSack(double[] values, int[] volumes, int capacity) {\n    if (values.length != volumes.length)\n    {\n        return 0.0;\n    }\n    \n    else if (values.length <= 0 || capacity <= 0) {\n        return 0.0;\n    }\n\n    double[][] m = new double[values.length + 1][capacity + 1];\n    for (int i = 0; i <= values.length; i++) {\n        m[i][0] = 0.0;\n    }\n    for (int w = 0; w <= capacity; w++) {\n        m[0][w] = 0.0;\n    }\n\n    for (int i = 1; i <= values.length; i++) {\n        for (int w = 1; w <= capacity; w++) { \n            if (volumes[i - 1] > w) {\n                m[i][w] = m[i - 1][w];\n            } \n            else {\n                m[i][w] = Math.max(\n                  m[i - 1][w], \n                  m[i - 1][w - volumes[i - 1]] + values[i - 1]);\n            }\n        }\n    }\n    return m[values.length][capacity];\n}"",
""with"": ""public double knapSack(double[] values, int[] volumes, int capacity) {\n    if (values.length != volumes.length)\n    {\n        return 0.0;\n    }\n    \n    else if (values.length <= 0 || capacity <= 0) {\n        return 0.0;\n    }\n\n    double[][] m = new double[values.length + 1][capacity + 1];\n    for (int i = 0; i <= values.length; i++) {\n        m[i][0] = 0.0;\n    }\n    for (int w = 0; w <= capacity; w++) {\n        m[0][w] = 0.0;\n    }\n\n    for (int i = 1; i <= values.length; i++) {\n        for (int w = 1; w <= capacity; w++) { \n            if (volumes[i - 1] > w) {\n                m[i][w] = m[i - 1][w];\n            } \n            else {\n                m[i][w] = Math.max(\n                  m[i - 1][w], \n                  m[i - 1][w - volumes[i - 1]] + values[i - 1]);\n            }\n        }\n    }\n    return m[values.length][capacity];\n}""
}",direct_json,"The bug is an off-by-one error in the main DP loop: the outer loop starts at i=0, but the DP recurrence assumes i>0. This causes the first row to be recalculated incorrectly, missing some optimal subproblems. Start the outer loop at i=1 instead of i=0.","['Check the range of the main DP loop indices.', 'Verify how the DP table is initialized and updated for i=0.', 'Compare your DP loop structure to standard 0/1 knapsack implementations.']",knapSack,"public double knapSack(double[] values, int[] volumes, int capacity) {
    if (values.length != volumes.length)
    {
        return 0.0;
    }
    
    else if (values.length <= 0 || capacity <= 0) {
        return 0.0;
    }

    double[][] m = new double[values.length + 1][capacity + 1];
    for (int i = 0; i <= values.length; i++) {
        m[i][0] = 0.0;
    }
    for (int w = 0; w <= capacity; w++) {
        m[0][w] = 0.0;
    }

    for (int i = 1; i <= values.length; i++) {
        for (int w = 1; w <= capacity; w++) { 
            if (volumes[i - 1] > w) {
                m[i][w] = m[i - 1][w];
            } 
            else {
                m[i][w] = Math.max(
                  m[i - 1][w], 
                  m[i - 1][w - volumes[i - 1]] + values[i - 1]);
            }
        }
    }
    return m[values.length][capacity];
}","public double knapSack(double[] values, int[] volumes, int capacity) {
    if (values.length != volumes.length)
    {
        return 0.0;
    }
    
    else if (values.length <= 0 || capacity <= 0) {
        return 0.0;
    }

    double[][] m = new double[values.length + 1][capacity + 1];
    for (int i = 0; i <= values.length; i++) {
        m[i][0] = 0.0;
    }
    for (int w = 0; w <= capacity; w++) {
        m[0][w] = 0.0;
    }

    for (int i = 1; i <= values.length; i++) {
        for (int w = 1; w <= capacity; w++) { 
            if (volumes[i - 1] > w) {
                m[i][w] = m[i - 1][w];
            } 
            else {
                m[i][w] = Math.max(
                  m[i - 1][w], 
                  m[i - 1][w - volumes[i - 1]] + values[i - 1]);
            }
        }
    }
    return m[values.length][capacity];
}"
288,20_21-3-1-java,IDXXONOK,java,2,0.2,wrong_output,"You are a programming tutor.

A student's solution failed tests. Your task is to identify ONE local bug and propose ONE small fix.

Attempt: 2
Approach: Choose a different localized fix, prioritizing null checks, state updates, index updates, or base-case errors when relevant.

Programming language: java
Guessed bug type: wrong_output


    For wrong-output bugs:
    - Check for edge cases such as empty input or first/last element.
    - Check for off-by-one errors.
    - Verify that comparison operators are correct (>, >=, <, <=).
    - Ensure return values and update steps.
    

Task title: Knapsack (Java) (revised version 2020/21)
Task description:
The Knapsack problem is an optimization problem. Which items from an existing
selection should be packed into a limited backpack(Knapsack) in order
to maximize the value to be transported? This problem is in general NP-complete
and therefore probably not efficiently solvable. Assuming that the volumes
of the objects are integers, we can find an algorithm that solves this problem
using dynamic programming. We are looking for an implementation of an algorithm,
which for a given list of objects and a list of items and a maximum backpack
volume outputs the value which can be transported at most. The list of items
consists of two lists, one contains the volumes and one the values. So the
input ([0.5, 0.3], [2, 5], 3 ) gives two items, the first with volume 2 and
value 0.5, the second with volume 5 and value 0.3. The last value indicates
the volume of the Knapsack, in this case the correct output of the algorithm
would be 0.5, because only the 1st item fits into the backpack at all. With a
larger volume of 7, the correct output would be 0.8. It is important to note
that the solution is NOT 1.5, so it is not possible to use the same object
more than once.

Your algorithm must have a run time of $O(n^2)$, where $n$ is the number of items.

Time: 1 CPU second

NOTE:

Items can also have a weight of 0!

Student code currently passes 20/21 tests and fails 1/21 tests.

Student code:
```java
public double knapSack(double[] values, int[] volumes, int capacity) {
    if (values.length != volumes.length)
    {
        return 0.0;
    }
    
    else if (values.length <= 0 || capacity <= 0) {
        return 0.0;
    }

    double[][] m = new double[values.length + 1][capacity + 1];
    for (int i = 0; i <= values.length; i++) {
        m[i][0] = 0.0;
    }
    for (int w = 0; w <= capacity; w++) {
        m[0][w] = 0.0;
    }

    for (int i = 0; i <= values.length; i++) {
        for (int w = 1; w <= capacity; w++) { 
	    if (i == 0 || capacity == 0){
	    	m[i][w] = 0.0;
	    }
            else if (i > 0 && (w > 0 && volumes[i - 1] > w)) {
                m[i][w] = (double) m[i - 1][w];
            } 
	    else {
                m[i][w] = (double) Math.max(
                  m[i - 1][w], 
                  m[i - 1][w - volumes[i - 1]] + values[i - 1]);
            }
        }
    }
    return (double) m[values.length][capacity];
}

Task skeleton (if present):
public double knapSack(double[] values, int[] volumes, int capacity) {
    assert values.length == volumes.length;
    return 0.0;
}

Reference answer (for understanding intent only; do not copy whole program unless the whole student solution is only one function/method):
/* This function calculates and returns the max
 * value in knapsack with the capacity ""capacity"" wich is filled
 * with stuff of volume ""volumes"" and the value ""values"".
 */
public double knapSack(double[] values, int[] volumes, int capacity) {
    assert values.length == volumes.length;

    int n = values.length;
    double[][] Result = new double[n+1][];

    for(int i = 0; i < n+1; ++i) {
        Result[i] = new double[capacity+1];
    }

    for(int i = n-1; i > -1; --i) {
        for(int j = 0; j < capacity+1; ++j) {
            if (volumes[i] <= j) {
                Result[i][j] = Math.max(values[i] + Result[i+1][j-volumes[i]], Result[i+1][j]);
            } else {
                Result[i][j] = Result[i+1][j];
            }
        }
    }
    return Result[0][capacity];
}

First failed test:

- test number: 21.0
- expected output: true
- actual output: Expected: 2727.0 but got 2725.0
c is: [28.0, 47.0, 60.0, 58.0, 22.0, 22.0, 94.0, 96.0, 31.0, 18.0, 57.0, 82.0, 72.0, 9.0, 26.0, 68.0, 4.0, 24.0, 79.0, 53.0, 99.0, 44.0, 80.0, 7.0, 23.0, 79.0, 52.0, 56.0, 71.0, 11.0, 81.0, 25.0, 53.0, 43.0, 89.0, 51.0, 63.0, 21.0, 42.0, 14.0, 6.0, 57.0, 4.0, 10.0, 43.0, 99.0, 19.0, 10.0, 47.0, 76.0, 2.0, 11.0, 3.0, 67.0, 26.0, 53.0, 77.0, 83.0, 23.0, 66.0, 39.0, 81.0, 61.0, 71.0, 18.0, 8.0, 47.0, 21.0, 30.0, 29.0, 74.0, 77.0, 41.0, 82.0, 88.0, 63.0, 17.0, 71.0, 24.0, 62.0, 76.0, 95.0, 79.0, 28.0, 59.0, 57.0, 89.0, 10.0, 19.0, 74.0, 6.0, 43.0, 68.0, 92.0, 67.0, 94.0, 95.0, 66.0, 84.0, 82.0]
v is: [0, 1, 2, 3, 4, 5, 6, 7, 8, 9, 10, 11, 12, 13, 14, 15, 16, 17, 18, 19, 20, 21, 22, 23, 24, 25, 26, 27, 28, 29, 30, 31, 32, 33, 34, 35, 36, 37, 38, 39, 40, 41, 42, 43, 44, 45, 46, 47, 48, 49, 50, 51, 52, 53, 54, 55, 56, 57, 58, 59, 60, 61, 62, 63, 64, 65, 66, 67, 68, 69, 70, 71, 72, 73, 74, 75, 76, 77, 78, 79, 80, 81, 82, 83, 84, 85, 86, 87, 88, 89, 90, 91, 92, 93, 94, 95, 96, 97, 98, 99]
m is: 1237
- error message: 

Rules:

1. Focus on exactly ONE method or function if possible.
2. The ""replace"" content must be the complete original buggy function or method copied exactly from the student code.
3. The ""with"" content must be the corrected complete version of that same function/method.
4. Do not include main code, test code, markdown, prose inside JSON values.
5. Do not return just a code fragment like a loop, an if block, statement or expression.
6. If you are unable to identify one exact full function/method to replace, then set:
    - ""target_function"" : ""UNKNOWN""
    - ""replace"" : """"
    - ""with"" : """"

Return valid JSON only with exactly these keys:
{
""diagnosis"": ""1-3 short sentences"",
""hints"": [""hint 1"", ""hint 2"", ""hint 3""],
""target_function"": ""function name or UNKNOWN"",
""replace"": ""exact original full function/method or empty string"",
""with"": ""corrected full function/method or empty string""
}","{
""diagnosis"": ""There's an off-by-one bug in the DP table update: when volumes[i-1] == w, the code incorrectly skips the item. The condition 'volumes[i - 1] > w' should be 'volumes[i - 1] > w' (as is), but the DP loop should start from i=1, not i=0, to avoid redundant base-case handling and double zeroing. The inner if (i == 0 || capacity == 0) is unnecessary and can cause errors."",
""hints"": [
""Check the DP table initialization and loop ranges."",
""Ensure that the DP recurrence is only applied for i >= 1."",
""Remove redundant base-case checks inside the main DP loop.""
],
""target_function"": ""knapSack"",
""replace"": ""public double knapSack(double[] values, int[] volumes, int capacity) {\n    if (values.length != volumes.length)\n    {\n        return 0.0;\n    }\n    else if (values.length <= 0 || capacity <= 0) {\n        return 0.0;\n    }\n\n    double[][] m = new double[values.length + 1][capacity + 1];\n    for (int i = 0; i <= values.length; i++) {\n        m[i][0] = 0.0;\n    }\n    for (int w = 0; w <= capacity; w++) {\n        m[0][w] = 0.0;\n    }\n\n    for (int i = 1; i <= values.length; i++) {\n        for (int w = 1; w <= capacity; w++) { \n            if (volumes[i - 1] > w) {\n                m[i][w] = m[i - 1][w];\n            } \n            else {\n                m[i][w] = Math.max(\n                  m[i - 1][w], \n                  m[i - 1][w - volumes[i - 1]] + values[i - 1]);\n            }\n        }\n    }\n    return m[values.length][capacity];\n}\n"",
""with"": ""public double knapSack(double[] values, int[] volumes, int capacity) {\n    if (values.length != volumes.length)\n    {\n        return 0.0;\n    }\n    else if (values.length <= 0 || capacity <= 0) {\n        return 0.0;\n    }\n\n    double[][] m = new double[values.length + 1][capacity + 1];\n    for (int i = 0; i <= values.length; i++) {\n        m[i][0] = 0.0;\n    }\n    for (int w = 0; w <= capacity; w++) {\n        m[0][w] = 0.0;\n    }\n\n    for (int i = 1; i <= values.length; i++) {\n        for (int w = 1; w <= capacity; w++) { \n            if (volumes[i - 1] > w) {\n                m[i][w] = m[i - 1][w];\n            } \n            else {\n                m[i][w] = Math.max(\n                  m[i - 1][w], \n                  m[i - 1][w - volumes[i - 1]] + values[i - 1]);\n            }\n        }\n    }\n    return m[values.length][capacity];\n}\n""
}",direct_json,"There's an off-by-one bug in the DP table update: when volumes[i-1] == w, the code incorrectly skips the item. The condition 'volumes[i - 1] > w' should be 'volumes[i - 1] > w' (as is), but the DP loop should start from i=1, not i=0, to avoid redundant base-case handling and double zeroing. The inner if (i == 0 || capacity == 0) is unnecessary and can cause errors.","['Check the DP table initialization and loop ranges.', 'Ensure that the DP recurrence is only applied for i >= 1.', 'Remove redundant base-case checks inside the main DP loop.']",knapSack,"public double knapSack(double[] values, int[] volumes, int capacity) {
    if (values.length != volumes.length)
    {
        return 0.0;
    }
    else if (values.length <= 0 || capacity <= 0) {
        return 0.0;
    }

    double[][] m = new double[values.length + 1][capacity + 1];
    for (int i = 0; i <= values.length; i++) {
        m[i][0] = 0.0;
    }
    for (int w = 0; w <= capacity; w++) {
        m[0][w] = 0.0;
    }

    for (int i = 1; i <= values.length; i++) {
        for (int w = 1; w <= capacity; w++) { 
            if (volumes[i - 1] > w) {
                m[i][w] = m[i - 1][w];
            } 
            else {
                m[i][w] = Math.max(
                  m[i - 1][w], 
                  m[i - 1][w - volumes[i - 1]] + values[i - 1]);
            }
        }
    }
    return m[values.length][capacity];
}
","public double knapSack(double[] values, int[] volumes, int capacity) {
    if (values.length != volumes.length)
    {
        return 0.0;
    }
    else if (values.length <= 0 || capacity <= 0) {
        return 0.0;
    }

    double[][] m = new double[values.length + 1][capacity + 1];
    for (int i = 0; i <= values.length; i++) {
        m[i][0] = 0.0;
    }
    for (int w = 0; w <= capacity; w++) {
        m[0][w] = 0.0;
    }

    for (int i = 1; i <= values.length; i++) {
        for (int w = 1; w <= capacity; w++) { 
            if (volumes[i - 1] > w) {
                m[i][w] = m[i - 1][w];
            } 
            else {
                m[i][w] = Math.max(
                  m[i - 1][w], 
                  m[i - 1][w - volumes[i - 1]] + values[i - 1]);
            }
        }
    }
    return m[values.length][capacity];
}
"
292,20_21-3-1-java,PFOC4BG7,java,1,0.0,wrong_output,"You are a programming tutor.

A student's solution failed tests. Your task is to identify ONE local bug and propose ONE small fix.

Attempt: 1
Approach: Choose the single most likely minimal fix.

Programming language: java
Guessed bug type: wrong_output


    For wrong-output bugs:
    - Check for edge cases such as empty input or first/last element.
    - Check for off-by-one errors.
    - Verify that comparison operators are correct (>, >=, <, <=).
    - Ensure return values and update steps.
    

Task title: Knapsack (Java) (revised version 2020/21)
Task description:
The Knapsack problem is an optimization problem. Which items from an existing
selection should be packed into a limited backpack(Knapsack) in order
to maximize the value to be transported? This problem is in general NP-complete
and therefore probably not efficiently solvable. Assuming that the volumes
of the objects are integers, we can find an algorithm that solves this problem
using dynamic programming. We are looking for an implementation of an algorithm,
which for a given list of objects and a list of items and a maximum backpack
volume outputs the value which can be transported at most. The list of items
consists of two lists, one contains the volumes and one the values. So the
input ([0.5, 0.3], [2, 5], 3 ) gives two items, the first with volume 2 and
value 0.5, the second with volume 5 and value 0.3. The last value indicates
the volume of the Knapsack, in this case the correct output of the algorithm
would be 0.5, because only the 1st item fits into the backpack at all. With a
larger volume of 7, the correct output would be 0.8. It is important to note
that the solution is NOT 1.5, so it is not possible to use the same object
more than once.

Your algorithm must have a run time of $O(n^2)$, where $n$ is the number of items.

Time: 1 CPU second

NOTE:

Items can also have a weight of 0!

Student code currently passes 19/21 tests and fails 2/21 tests.

Student code:
```java
public double knapSack(double[] values, int[] volumes, int capacity) {
	assert values.length == volumes.length;

	double[][] A = new double[values.length + 1][capacity + 1];
	
	for(int k = 1; k <= values.length; k++) {
	    for(int l = 1; l <= capacity; l++) {
    		if(volumes[k - 1] > l) {
    		    A[k][l] = A[k - 1][l];
    		} else if(A[k - 1][l - volumes[k - 1]] + values[k-1] > A[k - 1][l]) {
    		    A[k][l] = A[k - 1][l - volumes[k - 1]] + values[k - 1];
    		} else {
    		    A[k][l] = A[k - 1][l];
    		}
	    }
	}

	return A[values.length][capacity];
}

Task skeleton (if present):
public double knapSack(double[] values, int[] volumes, int capacity) {
    assert values.length == volumes.length;
    return 0.0;
}

Reference answer (for understanding intent only; do not copy whole program unless the whole student solution is only one function/method):
/* This function calculates and returns the max
 * value in knapsack with the capacity ""capacity"" wich is filled
 * with stuff of volume ""volumes"" and the value ""values"".
 */
public double knapSack(double[] values, int[] volumes, int capacity) {
    assert values.length == volumes.length;

    int n = values.length;
    double[][] Result = new double[n+1][];

    for(int i = 0; i < n+1; ++i) {
        Result[i] = new double[capacity+1];
    }

    for(int i = n-1; i > -1; --i) {
        for(int j = 0; j < capacity+1; ++j) {
            if (volumes[i] <= j) {
                Result[i][j] = Math.max(values[i] + Result[i+1][j-volumes[i]], Result[i+1][j]);
            } else {
                Result[i][j] = Result[i+1][j];
            }
        }
    }
    return Result[0][capacity];
}

First failed test:

- test number: 17.0
- expected output: true
- actual output: Expected: 3052.0 but got 3044.0
c is: [68.0, 21.0, 33.0, 34.0, 26.0, 56.0, 94.0, 32.0, 58.0, 72.0, 21.0, 86.0, 11.0, 43.0, 63.0, 91.0, 84.0, 69.0, 85.0, 56.0, 99.0, 37.0, 74.0, 6.0, 42.0, 66.0, 95.0, 50.0, 74.0, 37.0, 80.0, 15.0, 17.0, 88.0, 73.0, 78.0, 5.0, 4.0, 64.0, 24.0, 76.0, 43.0, 74.0, 51.0, 59.0, 76.0, 89.0, 74.0, 35.0, 8.0, 32.0, 69.0, 42.0, 15.0, 75.0, 30.0, 55.0, 48.0, 79.0, 87.0, 14.0, 95.0, 18.0, 0.0, 63.0, 4.0, 0.0, 52.0, 7.0, 9.0, 41.0, 76.0, 20.0, 81.0, 7.0, 8.0, 53.0, 99.0, 24.0, 35.0, 97.0, 7.0, 24.0, 74.0, 46.0, 56.0, 85.0, 80.0, 71.0, 95.0, 5.0, 29.0, 52.0, 48.0, 46.0, 13.0, 42.0, 19.0, 6.0, 0.0]
v is: [0, 1, 2, 3, 4, 5, 6, 7, 8, 9, 10, 11, 12, 13, 14, 15, 16, 17, 18, 19, 20, 21, 22, 23, 24, 25, 26, 27, 28, 29, 30, 31, 32, 33, 34, 35, 36, 37, 38, 39, 40, 41, 42, 43, 44, 45, 46, 47, 48, 49, 50, 51, 52, 53, 54, 55, 56, 57, 58, 59, 60, 61, 62, 63, 64, 65, 66, 67, 68, 69, 70, 71, 72, 73, 74, 75, 76, 77, 78, 79, 80, 81, 82, 83, 84, 85, 86, 87, 88, 89, 90, 91, 92, 93, 94, 95, 96, 97, 98, 99]
m is: 1237
- error message: 

Rules:

1. Focus on exactly ONE method or function if possible.
2. The ""replace"" content must be the complete original buggy function or method copied exactly from the student code.
3. The ""with"" content must be the corrected complete version of that same function/method.
4. Do not include main code, test code, markdown, prose inside JSON values.
5. Do not return just a code fragment like a loop, an if block, statement or expression.
6. If you are unable to identify one exact full function/method to replace, then set:
    - ""target_function"" : ""UNKNOWN""
    - ""replace"" : """"
    - ""with"" : """"

Return valid JSON only with exactly these keys:
{
""diagnosis"": ""1-3 short sentences"",
""hints"": [""hint 1"", ""hint 2"", ""hint 3""],
""target_function"": ""function name or UNKNOWN"",
""replace"": ""exact original full function/method or empty string"",
""with"": ""corrected full function/method or empty string""
}","{
""diagnosis"": ""The inner loop starts at l=1, so it skips the case where the knapsack capacity is zero. This causes the DP table to be incorrectly filled for subproblems with zero capacity, leading to wrong results in some cases. The fix is to start the inner loop at l=0."",
""hints"": [
""Check the range of the inner loop over capacity."",
""DP tables for knapsack should fill from capacity 0 upwards."",
""Edge cases for zero capacity must be handled.""
],
""target_function"": ""knapSack"",
""replace"": ""public double knapSack(double[] values, int[] volumes, int capacity) {\n\tassert values.length == volumes.length;\n\n\tdouble[][] A = new double[values.length + 1][capacity + 1];\n\t\n\tfor(int k = 1; k <= values.length; k++) {\n\t    for(int l = 1; l <= capacity; l++) {\n    \t\tif(volumes[k - 1] > l) {\n    \t\t    A[k][l] = A[k - 1][l];\n    \t\t} else if(A[k - 1][l - volumes[k - 1]] + values[k-1] > A[k - 1][l]) {\n    \t\t    A[k][l] = A[k - 1][l - volumes[k - 1]] + values[k - 1];\n    \t\t} else {\n    \t\t    A[k][l] = A[k - 1][l];\n    \t\t}\n\t    }\n\t}\n\n\treturn A[values.length][capacity];\n}"",
""with"": ""public double knapSack(double[] values, int[] volumes, int capacity) {\n\tassert values.length == volumes.length;\n\n\tdouble[][] A = new double[values.length + 1][capacity + 1];\n\t\n\tfor(int k = 1; k <= values.length; k++) {\n\t    for(int l = 0; l <= capacity; l++) {\n    \t\tif(volumes[k - 1] > l) {\n    \t\t    A[k][l] = A[k - 1][l];\n    \t\t} else if(A[k - 1][l - volumes[k - 1]] + values[k-1] > A[k - 1][l]) {\n    \t\t    A[k][l] = A[k - 1][l - volumes[k - 1]] + values[k - 1];\n    \t\t} else {\n    \t\t    A[k][l] = A[k - 1][l];\n    \t\t}\n\t    }\n\t}\n\n\treturn A[values.length][capacity];\n}""
}",direct_json,"The inner loop starts at l=1, so it skips the case where the knapsack capacity is zero. This causes the DP table to be incorrectly filled for subproblems with zero capacity, leading to wrong results in some cases. The fix is to start the inner loop at l=0.","['Check the range of the inner loop over capacity.', 'DP tables for knapsack should fill from capacity 0 upwards.', 'Edge cases for zero capacity must be handled.']",knapSack,"public double knapSack(double[] values, int[] volumes, int capacity) {
	assert values.length == volumes.length;

	double[][] A = new double[values.length + 1][capacity + 1];
	
	for(int k = 1; k <= values.length; k++) {
	    for(int l = 1; l <= capacity; l++) {
    		if(volumes[k - 1] > l) {
    		    A[k][l] = A[k - 1][l];
    		} else if(A[k - 1][l - volumes[k - 1]] + values[k-1] > A[k - 1][l]) {
    		    A[k][l] = A[k - 1][l - volumes[k - 1]] + values[k - 1];
    		} else {
    		    A[k][l] = A[k - 1][l];
    		}
	    }
	}

	return A[values.length][capacity];
}","public double knapSack(double[] values, int[] volumes, int capacity) {
	assert values.length == volumes.length;

	double[][] A = new double[values.length + 1][capacity + 1];
	
	for(int k = 1; k <= values.length; k++) {
	    for(int l = 0; l <= capacity; l++) {
    		if(volumes[k - 1] > l) {
    		    A[k][l] = A[k - 1][l];
    		} else if(A[k - 1][l - volumes[k - 1]] + values[k-1] > A[k - 1][l]) {
    		    A[k][l] = A[k - 1][l - volumes[k - 1]] + values[k - 1];
    		} else {
    		    A[k][l] = A[k - 1][l];
    		}
	    }
	}

	return A[values.length][capacity];
}"
292,20_21-3-1-java,PFOC4BG7,java,2,0.2,wrong_output,"You are a programming tutor.

A student's solution failed tests. Your task is to identify ONE local bug and propose ONE small fix.

Attempt: 2
Approach: Choose a different localized fix, prioritizing null checks, state updates, index updates, or base-case errors when relevant.

Programming language: java
Guessed bug type: wrong_output


    For wrong-output bugs:
    - Check for edge cases such as empty input or first/last element.
    - Check for off-by-one errors.
    - Verify that comparison operators are correct (>, >=, <, <=).
    - Ensure return values and update steps.
    

Task title: Knapsack (Java) (revised version 2020/21)
Task description:
The Knapsack problem is an optimization problem. Which items from an existing
selection should be packed into a limited backpack(Knapsack) in order
to maximize the value to be transported? This problem is in general NP-complete
and therefore probably not efficiently solvable. Assuming that the volumes
of the objects are integers, we can find an algorithm that solves this problem
using dynamic programming. We are looking for an implementation of an algorithm,
which for a given list of objects and a list of items and a maximum backpack
volume outputs the value which can be transported at most. The list of items
consists of two lists, one contains the volumes and one the values. So the
input ([0.5, 0.3], [2, 5], 3 ) gives two items, the first with volume 2 and
value 0.5, the second with volume 5 and value 0.3. The last value indicates
the volume of the Knapsack, in this case the correct output of the algorithm
would be 0.5, because only the 1st item fits into the backpack at all. With a
larger volume of 7, the correct output would be 0.8. It is important to note
that the solution is NOT 1.5, so it is not possible to use the same object
more than once.

Your algorithm must have a run time of $O(n^2)$, where $n$ is the number of items.

Time: 1 CPU second

NOTE:

Items can also have a weight of 0!

Student code currently passes 19/21 tests and fails 2/21 tests.

Student code:
```java
public double knapSack(double[] values, int[] volumes, int capacity) {
	assert values.length == volumes.length;

	double[][] A = new double[values.length + 1][capacity + 1];
	
	for(int k = 1; k <= values.length; k++) {
	    for(int l = 1; l <= capacity; l++) {
    		if(volumes[k - 1] > l) {
    		    A[k][l] = A[k - 1][l];
    		} else if(A[k - 1][l - volumes[k - 1]] + values[k-1] > A[k - 1][l]) {
    		    A[k][l] = A[k - 1][l - volumes[k - 1]] + values[k - 1];
    		} else {
    		    A[k][l] = A[k - 1][l];
    		}
	    }
	}

	return A[values.length][capacity];
}

Task skeleton (if present):
public double knapSack(double[] values, int[] volumes, int capacity) {
    assert values.length == volumes.length;
    return 0.0;
}

Reference answer (for understanding intent only; do not copy whole program unless the whole student solution is only one function/method):
/* This function calculates and returns the max
 * value in knapsack with the capacity ""capacity"" wich is filled
 * with stuff of volume ""volumes"" and the value ""values"".
 */
public double knapSack(double[] values, int[] volumes, int capacity) {
    assert values.length == volumes.length;

    int n = values.length;
    double[][] Result = new double[n+1][];

    for(int i = 0; i < n+1; ++i) {
        Result[i] = new double[capacity+1];
    }

    for(int i = n-1; i > -1; --i) {
        for(int j = 0; j < capacity+1; ++j) {
            if (volumes[i] <= j) {
                Result[i][j] = Math.max(values[i] + Result[i+1][j-volumes[i]], Result[i+1][j]);
            } else {
                Result[i][j] = Result[i+1][j];
            }
        }
    }
    return Result[0][capacity];
}

First failed test:

- test number: 17.0
- expected output: true
- actual output: Expected: 3052.0 but got 3044.0
c is: [68.0, 21.0, 33.0, 34.0, 26.0, 56.0, 94.0, 32.0, 58.0, 72.0, 21.0, 86.0, 11.0, 43.0, 63.0, 91.0, 84.0, 69.0, 85.0, 56.0, 99.0, 37.0, 74.0, 6.0, 42.0, 66.0, 95.0, 50.0, 74.0, 37.0, 80.0, 15.0, 17.0, 88.0, 73.0, 78.0, 5.0, 4.0, 64.0, 24.0, 76.0, 43.0, 74.0, 51.0, 59.0, 76.0, 89.0, 74.0, 35.0, 8.0, 32.0, 69.0, 42.0, 15.0, 75.0, 30.0, 55.0, 48.0, 79.0, 87.0, 14.0, 95.0, 18.0, 0.0, 63.0, 4.0, 0.0, 52.0, 7.0, 9.0, 41.0, 76.0, 20.0, 81.0, 7.0, 8.0, 53.0, 99.0, 24.0, 35.0, 97.0, 7.0, 24.0, 74.0, 46.0, 56.0, 85.0, 80.0, 71.0, 95.0, 5.0, 29.0, 52.0, 48.0, 46.0, 13.0, 42.0, 19.0, 6.0, 0.0]
v is: [0, 1, 2, 3, 4, 5, 6, 7, 8, 9, 10, 11, 12, 13, 14, 15, 16, 17, 18, 19, 20, 21, 22, 23, 24, 25, 26, 27, 28, 29, 30, 31, 32, 33, 34, 35, 36, 37, 38, 39, 40, 41, 42, 43, 44, 45, 46, 47, 48, 49, 50, 51, 52, 53, 54, 55, 56, 57, 58, 59, 60, 61, 62, 63, 64, 65, 66, 67, 68, 69, 70, 71, 72, 73, 74, 75, 76, 77, 78, 79, 80, 81, 82, 83, 84, 85, 86, 87, 88, 89, 90, 91, 92, 93, 94, 95, 96, 97, 98, 99]
m is: 1237
- error message: 

Rules:

1. Focus on exactly ONE method or function if possible.
2. The ""replace"" content must be the complete original buggy function or method copied exactly from the student code.
3. The ""with"" content must be the corrected complete version of that same function/method.
4. Do not include main code, test code, markdown, prose inside JSON values.
5. Do not return just a code fragment like a loop, an if block, statement or expression.
6. If you are unable to identify one exact full function/method to replace, then set:
    - ""target_function"" : ""UNKNOWN""
    - ""replace"" : """"
    - ""with"" : """"

Return valid JSON only with exactly these keys:
{
""diagnosis"": ""1-3 short sentences"",
""hints"": [""hint 1"", ""hint 2"", ""hint 3""],
""target_function"": ""function name or UNKNOWN"",
""replace"": ""exact original full function/method or empty string"",
""with"": ""corrected full function/method or empty string""
}","{
""diagnosis"": ""The inner loop starts at l = 1, skipping the case where the knapsack capacity is 0. This causes incorrect results for items with zero volume, as they can be included even when the remaining capacity is zero. The loop should start at l = 0."",
""hints"": [""Check if your DP table initialization and loop ranges cover all capacities, including zero."", ""Consider what happens when an item's volume is zero."", ""Edge cases with zero capacity or zero-volume items often require careful handling.""],
""target_function"": ""knapSack"",
""replace"": ""public double knapSack(double[] values, int[] volumes, int capacity) {\n\tassert values.length == volumes.length;\n\n\tdouble[][] A = new double[values.length + 1][capacity + 1];\n\t\n\tfor(int k = 1; k <= values.length; k++) {\n\t    for(int l = 1; l <= capacity; l++) {\n    \t\tif(volumes[k - 1] > l) {\n    \t\t    A[k][l] = A[k - 1][l];\n    \t\t} else if(A[k - 1][l - volumes[k - 1]] + values[k-1] > A[k - 1][l]) {\n    \t\t    A[k][l] = A[k - 1][l - volumes[k - 1]] + values[k - 1];\n    \t\t} else {\n    \t\t    A[k][l] = A[k - 1][l];\n    \t\t}\n\t    }\n\t}\n\n\treturn A[values.length][capacity];\n}"",
""with"": ""public double knapSack(double[] values, int[] volumes, int capacity) {\n\tassert values.length == volumes.length;\n\n\tdouble[][] A = new double[values.length + 1][capacity + 1];\n\t\n\tfor(int k = 1; k <= values.length; k++) {\n\t    for(int l = 0; l <= capacity; l++) {\n    \t\tif(volumes[k - 1] > l) {\n    \t\t    A[k][l] = A[k - 1][l];\n    \t\t} else if(A[k - 1][l - volumes[k - 1]] + values[k-1] > A[k - 1][l]) {\n    \t\t    A[k][l] = A[k - 1][l - volumes[k - 1]] + values[k - 1];\n    \t\t} else {\n    \t\t    A[k][l] = A[k - 1][l];\n    \t\t}\n\t    }\n\t}\n\n\treturn A[values.length][capacity];\n}""
}",direct_json,"The inner loop starts at l = 1, skipping the case where the knapsack capacity is 0. This causes incorrect results for items with zero volume, as they can be included even when the remaining capacity is zero. The loop should start at l = 0.","['Check if your DP table initialization and loop ranges cover all capacities, including zero.', ""Consider what happens when an item's volume is zero."", 'Edge cases with zero capacity or zero-volume items often require careful handling.']",knapSack,"public double knapSack(double[] values, int[] volumes, int capacity) {
	assert values.length == volumes.length;

	double[][] A = new double[values.length + 1][capacity + 1];
	
	for(int k = 1; k <= values.length; k++) {
	    for(int l = 1; l <= capacity; l++) {
    		if(volumes[k - 1] > l) {
    		    A[k][l] = A[k - 1][l];
    		} else if(A[k - 1][l - volumes[k - 1]] + values[k-1] > A[k - 1][l]) {
    		    A[k][l] = A[k - 1][l - volumes[k - 1]] + values[k - 1];
    		} else {
    		    A[k][l] = A[k - 1][l];
    		}
	    }
	}

	return A[values.length][capacity];
}","public double knapSack(double[] values, int[] volumes, int capacity) {
	assert values.length == volumes.length;

	double[][] A = new double[values.length + 1][capacity + 1];
	
	for(int k = 1; k <= values.length; k++) {
	    for(int l = 0; l <= capacity; l++) {
    		if(volumes[k - 1] > l) {
    		    A[k][l] = A[k - 1][l];
    		} else if(A[k - 1][l - volumes[k - 1]] + values[k-1] > A[k - 1][l]) {
    		    A[k][l] = A[k - 1][l - volumes[k - 1]] + values[k - 1];
    		} else {
    		    A[k][l] = A[k - 1][l];
    		}
	    }
	}

	return A[values.length][capacity];
}"
293,20_21-3-1-java,RCWOOGFR,java,1,0.0,wrong_output,"You are a programming tutor.

A student's solution failed tests. Your task is to identify ONE local bug and propose ONE small fix.

Attempt: 1
Approach: Choose the single most likely minimal fix.

Programming language: java
Guessed bug type: wrong_output


    For wrong-output bugs:
    - Check for edge cases such as empty input or first/last element.
    - Check for off-by-one errors.
    - Verify that comparison operators are correct (>, >=, <, <=).
    - Ensure return values and update steps.
    

Task title: Knapsack (Java) (revised version 2020/21)
Task description:
The Knapsack problem is an optimization problem. Which items from an existing
selection should be packed into a limited backpack(Knapsack) in order
to maximize the value to be transported? This problem is in general NP-complete
and therefore probably not efficiently solvable. Assuming that the volumes
of the objects are integers, we can find an algorithm that solves this problem
using dynamic programming. We are looking for an implementation of an algorithm,
which for a given list of objects and a list of items and a maximum backpack
volume outputs the value which can be transported at most. The list of items
consists of two lists, one contains the volumes and one the values. So the
input ([0.5, 0.3], [2, 5], 3 ) gives two items, the first with volume 2 and
value 0.5, the second with volume 5 and value 0.3. The last value indicates
the volume of the Knapsack, in this case the correct output of the algorithm
would be 0.5, because only the 1st item fits into the backpack at all. With a
larger volume of 7, the correct output would be 0.8. It is important to note
that the solution is NOT 1.5, so it is not possible to use the same object
more than once.

Your algorithm must have a run time of $O(n^2)$, where $n$ is the number of items.

Time: 1 CPU second

NOTE:

Items can also have a weight of 0!

Student code currently passes 19/21 tests and fails 2/21 tests.

Student code:
```java
public double knapSack(double[] values, int[] volumes, int capacity) {
        assert values.length == volumes.length;
        int n = values.length;
        if (n <= 0 || capacity <= 0) {
            return 0;
        }

        double[][] matrix = new double[n + 1][capacity + 1];
        for (int j = 0; j <= capacity; j++) {
            matrix[0][j] = 0;
        }

        for (int i = 1; i <= n; i++) {
            for (int j = 1; j <= capacity; j++) { 
                if (volumes[i - 1] > j) {
                    matrix[i][j] = matrix[i - 1][j];
                } else {
                    matrix[i][j] = Math.max(
                      matrix[i - 1][j], 
                      matrix[i - 1][j - volumes[i - 1]] + values[i - 1]);
                }
            }
        }
        return matrix[n][capacity];
    }

Task skeleton (if present):
public double knapSack(double[] values, int[] volumes, int capacity) {
    assert values.length == volumes.length;
    return 0.0;
}

Reference answer (for understanding intent only; do not copy whole program unless the whole student solution is only one function/method):
/* This function calculates and returns the max
 * value in knapsack with the capacity ""capacity"" wich is filled
 * with stuff of volume ""volumes"" and the value ""values"".
 */
public double knapSack(double[] values, int[] volumes, int capacity) {
    assert values.length == volumes.length;

    int n = values.length;
    double[][] Result = new double[n+1][];

    for(int i = 0; i < n+1; ++i) {
        Result[i] = new double[capacity+1];
    }

    for(int i = n-1; i > -1; --i) {
        for(int j = 0; j < capacity+1; ++j) {
            if (volumes[i] <= j) {
                Result[i][j] = Math.max(values[i] + Result[i+1][j-volumes[i]], Result[i+1][j]);
            } else {
                Result[i][j] = Result[i+1][j];
            }
        }
    }
    return Result[0][capacity];
}

First failed test:

- test number: 19.0
- expected output: true
- actual output: Expected: 2659.0 but got 2656.0
c is: [79.0, 29.0, 38.0, 60.0, 73.0, 54.0, 76.0, 55.0, 18.0, 76.0, 66.0, 3.0, 18.0, 77.0, 25.0, 49.0, 1.0, 85.0, 41.0, 35.0, 32.0, 53.0, 18.0, 39.0, 95.0, 36.0, 23.0, 21.0, 10.0, 36.0, 64.0, 39.0, 56.0, 45.0, 36.0, 66.0, 86.0, 23.0, 45.0, 35.0, 4.0, 53.0, 36.0, 60.0, 99.0, 37.0, 82.0, 50.0, 49.0, 52.0, 62.0, 4.0, 57.0, 99.0, 54.0, 78.0, 83.0, 68.0, 39.0, 7.0, 38.0, 51.0, 44.0, 89.0, 46.0, 88.0, 67.0, 76.0, 78.0, 52.0, 68.0, 22.0, 31.0, 20.0, 33.0, 98.0, 12.0, 37.0, 90.0, 75.0, 18.0, 93.0, 57.0, 20.0, 55.0, 7.0, 93.0, 90.0, 38.0, 51.0, 0.0, 10.0, 86.0, 69.0, 49.0, 41.0, 0.0, 12.0, 96.0, 98.0]
v is: [0, 1, 2, 3, 4, 5, 6, 7, 8, 9, 10, 11, 12, 13, 14, 15, 16, 17, 18, 19, 20, 21, 22, 23, 24, 25, 26, 27, 28, 29, 30, 31, 32, 33, 34, 35, 36, 37, 38, 39, 40, 41, 42, 43, 44, 45, 46, 47, 48, 49, 50, 51, 52, 53, 54, 55, 56, 57, 58, 59, 60, 61, 62, 63, 64, 65, 66, 67, 68, 69, 70, 71, 72, 73, 74, 75, 76, 77, 78, 79, 80, 81, 82, 83, 84, 85, 86, 87, 88, 89, 90, 91, 92, 93, 94, 95, 96, 97, 98, 99]
m is: 1237
- error message: 

Rules:

1. Focus on exactly ONE method or function if possible.
2. The ""replace"" content must be the complete original buggy function or method copied exactly from the student code.
3. The ""with"" content must be the corrected complete version of that same function/method.
4. Do not include main code, test code, markdown, prose inside JSON values.
5. Do not return just a code fragment like a loop, an if block, statement or expression.
6. If you are unable to identify one exact full function/method to replace, then set:
    - ""target_function"" : ""UNKNOWN""
    - ""replace"" : """"
    - ""with"" : """"

Return valid JSON only with exactly these keys:
{
""diagnosis"": ""1-3 short sentences"",
""hints"": [""hint 1"", ""hint 2"", ""hint 3""],
""target_function"": ""function name or UNKNOWN"",
""replace"": ""exact original full function/method or empty string"",
""with"": ""corrected full function/method or empty string""
}","{
""diagnosis"": ""The inner loop starts at j=1, which skips the case where the knapsack capacity is 0. This causes incorrect results when items with volume 0 are present, as they can be included even when capacity is 0. The inner loop should start at j=0."",
""hints"": [""Check how the DP table is filled for capacity 0."", ""Items with volume 0 should be considered for all capacities, including 0."", ""Off-by-one errors in DP loops are common in knapsack problems.""],
""target_function"": ""knapSack"",
""replace"": ""public double knapSack(double[] values, int[] volumes, int capacity) {\n        assert values.length == volumes.length;\n        int n = values.length;\n        if (n <= 0 || capacity <= 0) {\n            return 0;\n        }\n\n        double[][] matrix = new double[n + 1][capacity + 1];\n        for (int j = 0; j <= capacity; j++) {\n            matrix[0][j] = 0;\n        }\n\n        for (int i = 1; i <= n; i++) {\n            for (int j = 1; j <= capacity; j++) { \n                if (volumes[i - 1] > j) {\n                    matrix[i][j] = matrix[i - 1][j];\n                } else {\n                    matrix[i][j] = Math.max(\n                      matrix[i - 1][j], \n                      matrix[i - 1][j - volumes[i - 1]] + values[i - 1]);\n                }\n            }\n        }\n        return matrix[n][capacity];\n    }"",
""with"": ""public double knapSack(double[] values, int[] volumes, int capacity) {\n        assert values.length == volumes.length;\n        int n = values.length;\n        if (n <= 0 || capacity <= 0) {\n            return 0;\n        }\n\n        double[][] matrix = new double[n + 1][capacity + 1];\n        for (int j = 0; j <= capacity; j++) {\n            matrix[0][j] = 0;\n        }\n\n        for (int i = 1; i <= n; i++) {\n            for (int j = 0; j <= capacity; j++) { \n                if (volumes[i - 1] > j) {\n                    matrix[i][j] = matrix[i - 1][j];\n                } else {\n                    matrix[i][j] = Math.max(\n                      matrix[i - 1][j], \n                      matrix[i - 1][j - volumes[i - 1]] + values[i - 1]);\n                }\n            }\n        }\n        return matrix[n][capacity];\n    }""
}",direct_json,"The inner loop starts at j=1, which skips the case where the knapsack capacity is 0. This causes incorrect results when items with volume 0 are present, as they can be included even when capacity is 0. The inner loop should start at j=0.","['Check how the DP table is filled for capacity 0.', 'Items with volume 0 should be considered for all capacities, including 0.', 'Off-by-one errors in DP loops are common in knapsack problems.']",knapSack,"public double knapSack(double[] values, int[] volumes, int capacity) {
        assert values.length == volumes.length;
        int n = values.length;
        if (n <= 0 || capacity <= 0) {
            return 0;
        }

        double[][] matrix = new double[n + 1][capacity + 1];
        for (int j = 0; j <= capacity; j++) {
            matrix[0][j] = 0;
        }

        for (int i = 1; i <= n; i++) {
            for (int j = 1; j <= capacity; j++) { 
                if (volumes[i - 1] > j) {
                    matrix[i][j] = matrix[i - 1][j];
                } else {
                    matrix[i][j] = Math.max(
                      matrix[i - 1][j], 
                      matrix[i - 1][j - volumes[i - 1]] + values[i - 1]);
                }
            }
        }
        return matrix[n][capacity];
    }","public double knapSack(double[] values, int[] volumes, int capacity) {
        assert values.length == volumes.length;
        int n = values.length;
        if (n <= 0 || capacity <= 0) {
            return 0;
        }

        double[][] matrix = new double[n + 1][capacity + 1];
        for (int j = 0; j <= capacity; j++) {
            matrix[0][j] = 0;
        }

        for (int i = 1; i <= n; i++) {
            for (int j = 0; j <= capacity; j++) { 
                if (volumes[i - 1] > j) {
                    matrix[i][j] = matrix[i - 1][j];
                } else {
                    matrix[i][j] = Math.max(
                      matrix[i - 1][j], 
                      matrix[i - 1][j - volumes[i - 1]] + values[i - 1]);
                }
            }
        }
        return matrix[n][capacity];
    }"
293,20_21-3-1-java,RCWOOGFR,java,2,0.2,wrong_output,"You are a programming tutor.

A student's solution failed tests. Your task is to identify ONE local bug and propose ONE small fix.

Attempt: 2
Approach: Choose a different localized fix, prioritizing null checks, state updates, index updates, or base-case errors when relevant.

Programming language: java
Guessed bug type: wrong_output


    For wrong-output bugs:
    - Check for edge cases such as empty input or first/last element.
    - Check for off-by-one errors.
    - Verify that comparison operators are correct (>, >=, <, <=).
    - Ensure return values and update steps.
    

Task title: Knapsack (Java) (revised version 2020/21)
Task description:
The Knapsack problem is an optimization problem. Which items from an existing
selection should be packed into a limited backpack(Knapsack) in order
to maximize the value to be transported? This problem is in general NP-complete
and therefore probably not efficiently solvable. Assuming that the volumes
of the objects are integers, we can find an algorithm that solves this problem
using dynamic programming. We are looking for an implementation of an algorithm,
which for a given list of objects and a list of items and a maximum backpack
volume outputs the value which can be transported at most. The list of items
consists of two lists, one contains the volumes and one the values. So the
input ([0.5, 0.3], [2, 5], 3 ) gives two items, the first with volume 2 and
value 0.5, the second with volume 5 and value 0.3. The last value indicates
the volume of the Knapsack, in this case the correct output of the algorithm
would be 0.5, because only the 1st item fits into the backpack at all. With a
larger volume of 7, the correct output would be 0.8. It is important to note
that the solution is NOT 1.5, so it is not possible to use the same object
more than once.

Your algorithm must have a run time of $O(n^2)$, where $n$ is the number of items.

Time: 1 CPU second

NOTE:

Items can also have a weight of 0!

Student code currently passes 19/21 tests and fails 2/21 tests.

Student code:
```java
public double knapSack(double[] values, int[] volumes, int capacity) {
        assert values.length == volumes.length;
        int n = values.length;
        if (n <= 0 || capacity <= 0) {
            return 0;
        }

        double[][] matrix = new double[n + 1][capacity + 1];
        for (int j = 0; j <= capacity; j++) {
            matrix[0][j] = 0;
        }

        for (int i = 1; i <= n; i++) {
            for (int j = 1; j <= capacity; j++) { 
                if (volumes[i - 1] > j) {
                    matrix[i][j] = matrix[i - 1][j];
                } else {
                    matrix[i][j] = Math.max(
                      matrix[i - 1][j], 
                      matrix[i - 1][j - volumes[i - 1]] + values[i - 1]);
                }
            }
        }
        return matrix[n][capacity];
    }

Task skeleton (if present):
public double knapSack(double[] values, int[] volumes, int capacity) {
    assert values.length == volumes.length;
    return 0.0;
}

Reference answer (for understanding intent only; do not copy whole program unless the whole student solution is only one function/method):
/* This function calculates and returns the max
 * value in knapsack with the capacity ""capacity"" wich is filled
 * with stuff of volume ""volumes"" and the value ""values"".
 */
public double knapSack(double[] values, int[] volumes, int capacity) {
    assert values.length == volumes.length;

    int n = values.length;
    double[][] Result = new double[n+1][];

    for(int i = 0; i < n+1; ++i) {
        Result[i] = new double[capacity+1];
    }

    for(int i = n-1; i > -1; --i) {
        for(int j = 0; j < capacity+1; ++j) {
            if (volumes[i] <= j) {
                Result[i][j] = Math.max(values[i] + Result[i+1][j-volumes[i]], Result[i+1][j]);
            } else {
                Result[i][j] = Result[i+1][j];
            }
        }
    }
    return Result[0][capacity];
}

First failed test:

- test number: 19.0
- expected output: true
- actual output: Expected: 2659.0 but got 2656.0
c is: [79.0, 29.0, 38.0, 60.0, 73.0, 54.0, 76.0, 55.0, 18.0, 76.0, 66.0, 3.0, 18.0, 77.0, 25.0, 49.0, 1.0, 85.0, 41.0, 35.0, 32.0, 53.0, 18.0, 39.0, 95.0, 36.0, 23.0, 21.0, 10.0, 36.0, 64.0, 39.0, 56.0, 45.0, 36.0, 66.0, 86.0, 23.0, 45.0, 35.0, 4.0, 53.0, 36.0, 60.0, 99.0, 37.0, 82.0, 50.0, 49.0, 52.0, 62.0, 4.0, 57.0, 99.0, 54.0, 78.0, 83.0, 68.0, 39.0, 7.0, 38.0, 51.0, 44.0, 89.0, 46.0, 88.0, 67.0, 76.0, 78.0, 52.0, 68.0, 22.0, 31.0, 20.0, 33.0, 98.0, 12.0, 37.0, 90.0, 75.0, 18.0, 93.0, 57.0, 20.0, 55.0, 7.0, 93.0, 90.0, 38.0, 51.0, 0.0, 10.0, 86.0, 69.0, 49.0, 41.0, 0.0, 12.0, 96.0, 98.0]
v is: [0, 1, 2, 3, 4, 5, 6, 7, 8, 9, 10, 11, 12, 13, 14, 15, 16, 17, 18, 19, 20, 21, 22, 23, 24, 25, 26, 27, 28, 29, 30, 31, 32, 33, 34, 35, 36, 37, 38, 39, 40, 41, 42, 43, 44, 45, 46, 47, 48, 49, 50, 51, 52, 53, 54, 55, 56, 57, 58, 59, 60, 61, 62, 63, 64, 65, 66, 67, 68, 69, 70, 71, 72, 73, 74, 75, 76, 77, 78, 79, 80, 81, 82, 83, 84, 85, 86, 87, 88, 89, 90, 91, 92, 93, 94, 95, 96, 97, 98, 99]
m is: 1237
- error message: 

Rules:

1. Focus on exactly ONE method or function if possible.
2. The ""replace"" content must be the complete original buggy function or method copied exactly from the student code.
3. The ""with"" content must be the corrected complete version of that same function/method.
4. Do not include main code, test code, markdown, prose inside JSON values.
5. Do not return just a code fragment like a loop, an if block, statement or expression.
6. If you are unable to identify one exact full function/method to replace, then set:
    - ""target_function"" : ""UNKNOWN""
    - ""replace"" : """"
    - ""with"" : """"

Return valid JSON only with exactly these keys:
{
""diagnosis"": ""1-3 short sentences"",
""hints"": [""hint 1"", ""hint 2"", ""hint 3""],
""target_function"": ""function name or UNKNOWN"",
""replace"": ""exact original full function/method or empty string"",
""with"": ""corrected full function/method or empty string""
}","{
""diagnosis"": ""The inner loop starts at j=1, which skips the case when the knapsack capacity is 0. This can cause incorrect results, especially when items have zero volume. The inner loop should start at j=0 to handle all capacities."",
""hints"": [
""Check if your DP table initialization and loop bounds cover all possible capacities, including zero."",
""Consider what happens if an item has zero volume."",
""Review the range of your inner loop over capacities.""
],
""target_function"": ""knapSack"",
""replace"": ""public double knapSack(double[] values, int[] volumes, int capacity) {\n        assert values.length == volumes.length;\n        int n = values.length;\n        if (n <= 0 || capacity <= 0) {\n            return 0;\n        }\n\n        double[][] matrix = new double[n + 1][capacity + 1];\n        for (int j = 0; j <= capacity; j++) {\n            matrix[0][j] = 0;\n        }\n\n        for (int i = 1; i <= n; i++) {\n            for (int j = 1; j <= capacity; j++) { \n                if (volumes[i - 1] > j) {\n                    matrix[i][j] = matrix[i - 1][j];\n                } else {\n                    matrix[i][j] = Math.max(\n                      matrix[i - 1][j], \n                      matrix[i - 1][j - volumes[i - 1]] + values[i - 1]);\n                }\n            }\n        }\n        return matrix[n][capacity];\n    }"",
""with"": ""public double knapSack(double[] values, int[] volumes, int capacity) {\n        assert values.length == volumes.length;\n        int n = values.length;\n        if (n <= 0 || capacity <= 0) {\n            return 0;\n        }\n\n        double[][] matrix = new double[n + 1][capacity + 1];\n        for (int j = 0; j <= capacity; j++) {\n            matrix[0][j] = 0;\n        }\n\n        for (int i = 1; i <= n; i++) {\n            for (int j = 0; j <= capacity; j++) { // FIX: start from j=0\n                if (volumes[i - 1] > j) {\n                    matrix[i][j] = matrix[i - 1][j];\n                } else {\n                    matrix[i][j] = Math.max(\n                      matrix[i - 1][j], \n                      matrix[i - 1][j - volumes[i - 1]] + values[i - 1]);\n                }\n            }\n        }\n        return matrix[n][capacity];\n    }""
}",direct_json,"The inner loop starts at j=1, which skips the case when the knapsack capacity is 0. This can cause incorrect results, especially when items have zero volume. The inner loop should start at j=0 to handle all capacities.","['Check if your DP table initialization and loop bounds cover all possible capacities, including zero.', 'Consider what happens if an item has zero volume.', 'Review the range of your inner loop over capacities.']",knapSack,"public double knapSack(double[] values, int[] volumes, int capacity) {
        assert values.length == volumes.length;
        int n = values.length;
        if (n <= 0 || capacity <= 0) {
            return 0;
        }

        double[][] matrix = new double[n + 1][capacity + 1];
        for (int j = 0; j <= capacity; j++) {
            matrix[0][j] = 0;
        }

        for (int i = 1; i <= n; i++) {
            for (int j = 1; j <= capacity; j++) { 
                if (volumes[i - 1] > j) {
                    matrix[i][j] = matrix[i - 1][j];
                } else {
                    matrix[i][j] = Math.max(
                      matrix[i - 1][j], 
                      matrix[i - 1][j - volumes[i - 1]] + values[i - 1]);
                }
            }
        }
        return matrix[n][capacity];
    }","public double knapSack(double[] values, int[] volumes, int capacity) {
        assert values.length == volumes.length;
        int n = values.length;
        if (n <= 0 || capacity <= 0) {
            return 0;
        }

        double[][] matrix = new double[n + 1][capacity + 1];
        for (int j = 0; j <= capacity; j++) {
            matrix[0][j] = 0;
        }

        for (int i = 1; i <= n; i++) {
            for (int j = 0; j <= capacity; j++) { // FIX: start from j=0
                if (volumes[i - 1] > j) {
                    matrix[i][j] = matrix[i - 1][j];
                } else {
                    matrix[i][j] = Math.max(
                      matrix[i - 1][j], 
                      matrix[i - 1][j - volumes[i - 1]] + values[i - 1]);
                }
            }
        }
        return matrix[n][capacity];
    }"
294,20_21-3-1-java,RN3W2UJG,java,1,0.0,wrong_output,"You are a programming tutor.

A student's solution failed tests. Your task is to identify ONE local bug and propose ONE small fix.

Attempt: 1
Approach: Choose the single most likely minimal fix.

Programming language: java
Guessed bug type: wrong_output


    For wrong-output bugs:
    - Check for edge cases such as empty input or first/last element.
    - Check for off-by-one errors.
    - Verify that comparison operators are correct (>, >=, <, <=).
    - Ensure return values and update steps.
    

Task title: Knapsack (Java) (revised version 2020/21)
Task description:
The Knapsack problem is an optimization problem. Which items from an existing
selection should be packed into a limited backpack(Knapsack) in order
to maximize the value to be transported? This problem is in general NP-complete
and therefore probably not efficiently solvable. Assuming that the volumes
of the objects are integers, we can find an algorithm that solves this problem
using dynamic programming. We are looking for an implementation of an algorithm,
which for a given list of objects and a list of items and a maximum backpack
volume outputs the value which can be transported at most. The list of items
consists of two lists, one contains the volumes and one the values. So the
input ([0.5, 0.3], [2, 5], 3 ) gives two items, the first with volume 2 and
value 0.5, the second with volume 5 and value 0.3. The last value indicates
the volume of the Knapsack, in this case the correct output of the algorithm
would be 0.5, because only the 1st item fits into the backpack at all. With a
larger volume of 7, the correct output would be 0.8. It is important to note
that the solution is NOT 1.5, so it is not possible to use the same object
more than once.

Your algorithm must have a run time of $O(n^2)$, where $n$ is the number of items.

Time: 1 CPU second

NOTE:

Items can also have a weight of 0!

Student code currently passes 20/21 tests and fails 1/21 tests.

Student code:
```java
public double knapSack(double[] values, int[] volumes, int capacity) 
{
    assert values.length == volumes.length;
    double[][] table = new double[volumes.length+1][capacity+1];
    if(capacity == 0)
    {
        return 0.0;
    }
    for (int i = 0; i < volumes.length+1; i++)
    {
        for (int j = 0; j < capacity+1; j++)
        {
            table[i][0] = 0;
            table[0][j] = 0;
        }
    }
    
    for (int k = 1; k < volumes.length+1; k++)
    {
        for (int l = 1; l < capacity+1; l++)
        {
            if(volumes[k-1] > l)
            {
                table[k][l] = table[k-1][l];
            }
            else
            {
                if(table[k-1][l-volumes[k-1]] + values[k-1] > table[k-1][l])
                {
                    table[k][l] = table[k-1][l-volumes[k-1]] + values[k-1];
                }
                else
                {
                    table[k][l] = table[k-1][l];
                }
            }
        }
    }
    return table[volumes.length][capacity];
}

Task skeleton (if present):
public double knapSack(double[] values, int[] volumes, int capacity) {
    assert values.length == volumes.length;
    return 0.0;
}

Reference answer (for understanding intent only; do not copy whole program unless the whole student solution is only one function/method):
/* This function calculates and returns the max
 * value in knapsack with the capacity ""capacity"" wich is filled
 * with stuff of volume ""volumes"" and the value ""values"".
 */
public double knapSack(double[] values, int[] volumes, int capacity) {
    assert values.length == volumes.length;

    int n = values.length;
    double[][] Result = new double[n+1][];

    for(int i = 0; i < n+1; ++i) {
        Result[i] = new double[capacity+1];
    }

    for(int i = n-1; i > -1; --i) {
        for(int j = 0; j < capacity+1; ++j) {
            if (volumes[i] <= j) {
                Result[i][j] = Math.max(values[i] + Result[i+1][j-volumes[i]], Result[i+1][j]);
            } else {
                Result[i][j] = Result[i+1][j];
            }
        }
    }
    return Result[0][capacity];
}

First failed test:

- test number: 20.0
- expected output: true
- actual output: Expected: 2495.0 but got 2493.0
c is: [33.0, 11.0, 2.0, 53.0, 11.0, 67.0, 29.0, 44.0, 89.0, 62.0, 8.0, 58.0, 36.0, 56.0, 41.0, 5.0, 35.0, 75.0, 36.0, 39.0, 36.0, 59.0, 33.0, 71.0, 60.0, 20.0, 67.0, 50.0, 22.0, 45.0, 31.0, 57.0, 32.0, 13.0, 34.0, 43.0, 99.0, 58.0, 34.0, 61.0, 55.0, 23.0, 92.0, 26.0, 48.0, 47.0, 4.0, 42.0, 3.0, 64.0, 22.0, 31.0, 32.0, 63.0, 62.0, 90.0, 97.0, 57.0, 15.0, 36.0, 56.0, 66.0, 92.0, 33.0, 87.0, 62.0, 43.0, 74.0, 73.0, 48.0, 56.0, 59.0, 88.0, 89.0, 18.0, 96.0, 46.0, 63.0, 45.0, 85.0, 13.0, 87.0, 4.0, 34.0, 53.0, 28.0, 1.0, 80.0, 8.0, 60.0, 24.0, 46.0, 84.0, 74.0, 45.0, 60.0, 93.0, 66.0, 50.0, 94.0]
v is: [0, 1, 2, 3, 4, 5, 6, 7, 8, 9, 10, 11, 12, 13, 14, 15, 16, 17, 18, 19, 20, 21, 22, 23, 24, 25, 26, 27, 28, 29, 30, 31, 32, 33, 34, 35, 36, 37, 38, 39, 40, 41, 42, 43, 44, 45, 46, 47, 48, 49, 50, 51, 52, 53, 54, 55, 56, 57, 58, 59, 60, 61, 62, 63, 64, 65, 66, 67, 68, 69, 70, 71, 72, 73, 74, 75, 76, 77, 78, 79, 80, 81, 82, 83, 84, 85, 86, 87, 88, 89, 90, 91, 92, 93, 94, 95, 96, 97, 98, 99]
m is: 1237
- error message: 

Rules:

1. Focus on exactly ONE method or function if possible.
2. The ""replace"" content must be the complete original buggy function or method copied exactly from the student code.
3. The ""with"" content must be the corrected complete version of that same function/method.
4. Do not include main code, test code, markdown, prose inside JSON values.
5. Do not return just a code fragment like a loop, an if block, statement or expression.
6. If you are unable to identify one exact full function/method to replace, then set:
    - ""target_function"" : ""UNKNOWN""
    - ""replace"" : """"
    - ""with"" : """"

Return valid JSON only with exactly these keys:
{
""diagnosis"": ""1-3 short sentences"",
""hints"": [""hint 1"", ""hint 2"", ""hint 3""],
""target_function"": ""function name or UNKNOWN"",
""replace"": ""exact original full function/method or empty string"",
""with"": ""corrected full function/method or empty string""
}","{
""diagnosis"": ""The initialization loop overwrites all table cells in every iteration, causing incorrect DP table setup. Only the first row and first column should be set to zero, not the entire table repeatedly. This can lead to incorrect results for some inputs."",
""hints"": [
""Check how the DP table is initialized before filling it."",
""Are you overwriting cells multiple times in the nested initialization loop?"",
""Try initializing only the first row and first column to zero, not every cell.""
],
""target_function"": ""knapSack"",
""replace"": ""public double knapSack(double[] values, int[] volumes, int capacity) \n{\n    assert values.length == volumes.length;\n    double[][] table = new double[volumes.length+1][capacity+1];\n    if(capacity == 0)\n    {\n        return 0.0;\n    }\n    for (int i = 0; i < volumes.length+1; i++)\n    {\n        for (int j = 0; j < capacity+1; j++)\n        {\n            table[i][0] = 0;\n            table[0][j] = 0;\n        }\n    }\n    \n    for (int k = 1; k < volumes.length+1; k++)\n    {\n        for (int l = 1; l < capacity+1; l++)\n        {\n            if(volumes[k-1] > l)\n            {\n                table[k][l] = table[k-1][l];\n            }\n            else\n            {\n                if(table[k-1][l-volumes[k-1]] + values[k-1] > table[k-1][l])\n                {\n                    table[k][l] = table[k-1][l-volumes[k-1]] + values[k-1];\n                }\n                else\n                {\n                    table[k][l] = table[k-1][l];\n                }\n            }\n        }\n    }\n    return table[volumes.length][capacity];\n}"",
""with"": ""public double knapSack(double[] values, int[] volumes, int capacity) \n{\n    assert values.length == volumes.length;\n    double[][] table = new double[volumes.length+1][capacity+1];\n    if(capacity == 0)\n    {\n        return 0.0;\n    }\n    // Initialize only the first row and first column to zero\n    for (int i = 0; i < volumes.length+1; i++) {\n        table[i][0] = 0;\n    }\n    for (int j = 0; j < capacity+1; j++) {\n        table[0][j] = 0;\n    }\n    \n    for (int k = 1; k < volumes.length+1; k++)\n    {\n        for (int l = 1; l < capacity+1; l++)\n        {\n            if(volumes[k-1] > l)\n            {\n                table[k][l] = table[k-1][l];\n            }\n            else\n            {\n                if(table[k-1][l-volumes[k-1]] + values[k-1] > table[k-1][l])\n                {\n                    table[k][l] = table[k-1][l-volumes[k-1]] + values[k-1];\n                }\n                else\n                {\n                    table[k][l] = table[k-1][l];\n                }\n            }\n        }\n    }\n    return table[volumes.length][capacity];\n}""
}",direct_json,"The initialization loop overwrites all table cells in every iteration, causing incorrect DP table setup. Only the first row and first column should be set to zero, not the entire table repeatedly. This can lead to incorrect results for some inputs.","['Check how the DP table is initialized before filling it.', 'Are you overwriting cells multiple times in the nested initialization loop?', 'Try initializing only the first row and first column to zero, not every cell.']",knapSack,"public double knapSack(double[] values, int[] volumes, int capacity) 
{
    assert values.length == volumes.length;
    double[][] table = new double[volumes.length+1][capacity+1];
    if(capacity == 0)
    {
        return 0.0;
    }
    for (int i = 0; i < volumes.length+1; i++)
    {
        for (int j = 0; j < capacity+1; j++)
        {
            table[i][0] = 0;
            table[0][j] = 0;
        }
    }
    
    for (int k = 1; k < volumes.length+1; k++)
    {
        for (int l = 1; l < capacity+1; l++)
        {
            if(volumes[k-1] > l)
            {
                table[k][l] = table[k-1][l];
            }
            else
            {
                if(table[k-1][l-volumes[k-1]] + values[k-1] > table[k-1][l])
                {
                    table[k][l] = table[k-1][l-volumes[k-1]] + values[k-1];
                }
                else
                {
                    table[k][l] = table[k-1][l];
                }
            }
        }
    }
    return table[volumes.length][capacity];
}","public double knapSack(double[] values, int[] volumes, int capacity) 
{
    assert values.length == volumes.length;
    double[][] table = new double[volumes.length+1][capacity+1];
    if(capacity == 0)
    {
        return 0.0;
    }
    // Initialize only the first row and first column to zero
    for (int i = 0; i < volumes.length+1; i++) {
        table[i][0] = 0;
    }
    for (int j = 0; j < capacity+1; j++) {
        table[0][j] = 0;
    }
    
    for (int k = 1; k < volumes.length+1; k++)
    {
        for (int l = 1; l < capacity+1; l++)
        {
            if(volumes[k-1] > l)
            {
                table[k][l] = table[k-1][l];
            }
            else
            {
                if(table[k-1][l-volumes[k-1]] + values[k-1] > table[k-1][l])
                {
                    table[k][l] = table[k-1][l-volumes[k-1]] + values[k-1];
                }
                else
                {
                    table[k][l] = table[k-1][l];
                }
            }
        }
    }
    return table[volumes.length][capacity];
}"
294,20_21-3-1-java,RN3W2UJG,java,2,0.2,wrong_output,"You are a programming tutor.

A student's solution failed tests. Your task is to identify ONE local bug and propose ONE small fix.

Attempt: 2
Approach: Choose a different localized fix, prioritizing null checks, state updates, index updates, or base-case errors when relevant.

Programming language: java
Guessed bug type: wrong_output


    For wrong-output bugs:
    - Check for edge cases such as empty input or first/last element.
    - Check for off-by-one errors.
    - Verify that comparison operators are correct (>, >=, <, <=).
    - Ensure return values and update steps.
    

Task title: Knapsack (Java) (revised version 2020/21)
Task description:
The Knapsack problem is an optimization problem. Which items from an existing
selection should be packed into a limited backpack(Knapsack) in order
to maximize the value to be transported? This problem is in general NP-complete
and therefore probably not efficiently solvable. Assuming that the volumes
of the objects are integers, we can find an algorithm that solves this problem
using dynamic programming. We are looking for an implementation of an algorithm,
which for a given list of objects and a list of items and a maximum backpack
volume outputs the value which can be transported at most. The list of items
consists of two lists, one contains the volumes and one the values. So the
input ([0.5, 0.3], [2, 5], 3 ) gives two items, the first with volume 2 and
value 0.5, the second with volume 5 and value 0.3. The last value indicates
the volume of the Knapsack, in this case the correct output of the algorithm
would be 0.5, because only the 1st item fits into the backpack at all. With a
larger volume of 7, the correct output would be 0.8. It is important to note
that the solution is NOT 1.5, so it is not possible to use the same object
more than once.

Your algorithm must have a run time of $O(n^2)$, where $n$ is the number of items.

Time: 1 CPU second

NOTE:

Items can also have a weight of 0!

Student code currently passes 20/21 tests and fails 1/21 tests.

Student code:
```java
public double knapSack(double[] values, int[] volumes, int capacity) 
{
    assert values.length == volumes.length;
    double[][] table = new double[volumes.length+1][capacity+1];
    if(capacity == 0)
    {
        return 0.0;
    }
    for (int i = 0; i < volumes.length+1; i++)
    {
        for (int j = 0; j < capacity+1; j++)
        {
            table[i][0] = 0;
            table[0][j] = 0;
        }
    }
    
    for (int k = 1; k < volumes.length+1; k++)
    {
        for (int l = 1; l < capacity+1; l++)
        {
            if(volumes[k-1] > l)
            {
                table[k][l] = table[k-1][l];
            }
            else
            {
                if(table[k-1][l-volumes[k-1]] + values[k-1] > table[k-1][l])
                {
                    table[k][l] = table[k-1][l-volumes[k-1]] + values[k-1];
                }
                else
                {
                    table[k][l] = table[k-1][l];
                }
            }
        }
    }
    return table[volumes.length][capacity];
}

Task skeleton (if present):
public double knapSack(double[] values, int[] volumes, int capacity) {
    assert values.length == volumes.length;
    return 0.0;
}

Reference answer (for understanding intent only; do not copy whole program unless the whole student solution is only one function/method):
/* This function calculates and returns the max
 * value in knapsack with the capacity ""capacity"" wich is filled
 * with stuff of volume ""volumes"" and the value ""values"".
 */
public double knapSack(double[] values, int[] volumes, int capacity) {
    assert values.length == volumes.length;

    int n = values.length;
    double[][] Result = new double[n+1][];

    for(int i = 0; i < n+1; ++i) {
        Result[i] = new double[capacity+1];
    }

    for(int i = n-1; i > -1; --i) {
        for(int j = 0; j < capacity+1; ++j) {
            if (volumes[i] <= j) {
                Result[i][j] = Math.max(values[i] + Result[i+1][j-volumes[i]], Result[i+1][j]);
            } else {
                Result[i][j] = Result[i+1][j];
            }
        }
    }
    return Result[0][capacity];
}

First failed test:

- test number: 20.0
- expected output: true
- actual output: Expected: 2495.0 but got 2493.0
c is: [33.0, 11.0, 2.0, 53.0, 11.0, 67.0, 29.0, 44.0, 89.0, 62.0, 8.0, 58.0, 36.0, 56.0, 41.0, 5.0, 35.0, 75.0, 36.0, 39.0, 36.0, 59.0, 33.0, 71.0, 60.0, 20.0, 67.0, 50.0, 22.0, 45.0, 31.0, 57.0, 32.0, 13.0, 34.0, 43.0, 99.0, 58.0, 34.0, 61.0, 55.0, 23.0, 92.0, 26.0, 48.0, 47.0, 4.0, 42.0, 3.0, 64.0, 22.0, 31.0, 32.0, 63.0, 62.0, 90.0, 97.0, 57.0, 15.0, 36.0, 56.0, 66.0, 92.0, 33.0, 87.0, 62.0, 43.0, 74.0, 73.0, 48.0, 56.0, 59.0, 88.0, 89.0, 18.0, 96.0, 46.0, 63.0, 45.0, 85.0, 13.0, 87.0, 4.0, 34.0, 53.0, 28.0, 1.0, 80.0, 8.0, 60.0, 24.0, 46.0, 84.0, 74.0, 45.0, 60.0, 93.0, 66.0, 50.0, 94.0]
v is: [0, 1, 2, 3, 4, 5, 6, 7, 8, 9, 10, 11, 12, 13, 14, 15, 16, 17, 18, 19, 20, 21, 22, 23, 24, 25, 26, 27, 28, 29, 30, 31, 32, 33, 34, 35, 36, 37, 38, 39, 40, 41, 42, 43, 44, 45, 46, 47, 48, 49, 50, 51, 52, 53, 54, 55, 56, 57, 58, 59, 60, 61, 62, 63, 64, 65, 66, 67, 68, 69, 70, 71, 72, 73, 74, 75, 76, 77, 78, 79, 80, 81, 82, 83, 84, 85, 86, 87, 88, 89, 90, 91, 92, 93, 94, 95, 96, 97, 98, 99]
m is: 1237
- error message: 

Rules:

1. Focus on exactly ONE method or function if possible.
2. The ""replace"" content must be the complete original buggy function or method copied exactly from the student code.
3. The ""with"" content must be the corrected complete version of that same function/method.
4. Do not include main code, test code, markdown, prose inside JSON values.
5. Do not return just a code fragment like a loop, an if block, statement or expression.
6. If you are unable to identify one exact full function/method to replace, then set:
    - ""target_function"" : ""UNKNOWN""
    - ""replace"" : """"
    - ""with"" : """"

Return valid JSON only with exactly these keys:
{
""diagnosis"": ""1-3 short sentences"",
""hints"": [""hint 1"", ""hint 2"", ""hint 3""],
""target_function"": ""function name or UNKNOWN"",
""replace"": ""exact original full function/method or empty string"",
""with"": ""corrected full function/method or empty string""
}","{
""diagnosis"": ""The bug is in the initialization of the DP table: the inner loop redundantly sets table[i][0] and table[0][j] for all i, j, which can overwrite correct values. This can cause incorrect results for some edge cases. The fix is to initialize the first row and first column separately before the main DP loop."",
""hints"": [
""Check how the DP table is initialized, especially the first row and column."",
""Overwriting table[0][j] and table[i][0] in every iteration may cause issues."",
""Try initializing the first row and first column outside the nested loop.""
],
""target_function"": ""knapSack"",
""replace"": ""public double knapSack(double[] values, int[] volumes, int capacity) \n{\n    assert values.length == volumes.length;\n    double[][] table = new double[volumes.length+1][capacity+1];\n    if(capacity == 0)\n    {\n        return 0.0;\n    }\n    for (int i = 0; i < volumes.length+1; i++)\n    {\n        for (int j = 0; j < capacity+1; j++)\n        {\n            table[i][0] = 0;\n            table[0][j] = 0;\n        }\n    }\n    \n    for (int k = 1; k < volumes.length+1; k++)\n    {\n        for (int l = 1; l < capacity+1; l++)\n        {\n            if(volumes[k-1] > l)\n            {\n                table[k][l] = table[k-1][l];\n            }\n            else\n            {\n                if(table[k-1][l-volumes[k-1]] + values[k-1] > table[k-1][l])\n                {\n                    table[k][l] = table[k-1][l-volumes[k-1]] + values[k-1];\n                }\n                else\n                {\n                    table[k][l] = table[k-1][l];\n                }\n            }\n        }\n    }\n    return table[volumes.length][capacity];\n}"",
""with"": ""public double knapSack(double[] values, int[] volumes, int capacity) \n{\n    assert values.length == volumes.length;\n    double[][] table = new double[volumes.length+1][capacity+1];\n    if(capacity == 0)\n    {\n        return 0.0;\n    }\n    // Initialize first row and first column only once\n    for (int i = 0; i < volumes.length+1; i++) {\n        table[i][0] = 0;\n    }\n    for (int j = 0; j < capacity+1; j++) {\n        table[0][j] = 0;\n    }\n    \n    for (int k = 1; k < volumes.length+1; k++)\n    {\n        for (int l = 1; l < capacity+1; l++)\n        {\n            if(volumes[k-1] > l)\n            {\n                table[k][l] = table[k-1][l];\n            }\n            else\n            {\n                if(table[k-1][l-volumes[k-1]] + values[k-1] > table[k-1][l])\n                {\n                    table[k][l] = table[k-1][l-volumes[k-1]] + values[k-1];\n                }\n                else\n                {\n                    table[k][l] = table[k-1][l];\n                }\n            }\n        }\n    }\n    return table[volumes.length][capacity];\n}""
}",direct_json,"The bug is in the initialization of the DP table: the inner loop redundantly sets table[i][0] and table[0][j] for all i, j, which can overwrite correct values. This can cause incorrect results for some edge cases. The fix is to initialize the first row and first column separately before the main DP loop.","['Check how the DP table is initialized, especially the first row and column.', 'Overwriting table[0][j] and table[i][0] in every iteration may cause issues.', 'Try initializing the first row and first column outside the nested loop.']",knapSack,"public double knapSack(double[] values, int[] volumes, int capacity) 
{
    assert values.length == volumes.length;
    double[][] table = new double[volumes.length+1][capacity+1];
    if(capacity == 0)
    {
        return 0.0;
    }
    for (int i = 0; i < volumes.length+1; i++)
    {
        for (int j = 0; j < capacity+1; j++)
        {
            table[i][0] = 0;
            table[0][j] = 0;
        }
    }
    
    for (int k = 1; k < volumes.length+1; k++)
    {
        for (int l = 1; l < capacity+1; l++)
        {
            if(volumes[k-1] > l)
            {
                table[k][l] = table[k-1][l];
            }
            else
            {
                if(table[k-1][l-volumes[k-1]] + values[k-1] > table[k-1][l])
                {
                    table[k][l] = table[k-1][l-volumes[k-1]] + values[k-1];
                }
                else
                {
                    table[k][l] = table[k-1][l];
                }
            }
        }
    }
    return table[volumes.length][capacity];
}","public double knapSack(double[] values, int[] volumes, int capacity) 
{
    assert values.length == volumes.length;
    double[][] table = new double[volumes.length+1][capacity+1];
    if(capacity == 0)
    {
        return 0.0;
    }
    // Initialize first row and first column only once
    for (int i = 0; i < volumes.length+1; i++) {
        table[i][0] = 0;
    }
    for (int j = 0; j < capacity+1; j++) {
        table[0][j] = 0;
    }
    
    for (int k = 1; k < volumes.length+1; k++)
    {
        for (int l = 1; l < capacity+1; l++)
        {
            if(volumes[k-1] > l)
            {
                table[k][l] = table[k-1][l];
            }
            else
            {
                if(table[k-1][l-volumes[k-1]] + values[k-1] > table[k-1][l])
                {
                    table[k][l] = table[k-1][l-volumes[k-1]] + values[k-1];
                }
                else
                {
                    table[k][l] = table[k-1][l];
                }
            }
        }
    }
    return table[volumes.length][capacity];
}"
297,20_21-3-1-java,UYT75U6D,java,1,0.0,wrong_output,"You are a programming tutor.

A student's solution failed tests. Your task is to identify ONE local bug and propose ONE small fix.

Attempt: 1
Approach: Choose the single most likely minimal fix.

Programming language: java
Guessed bug type: wrong_output


    For wrong-output bugs:
    - Check for edge cases such as empty input or first/last element.
    - Check for off-by-one errors.
    - Verify that comparison operators are correct (>, >=, <, <=).
    - Ensure return values and update steps.
    

Task title: Knapsack (Java) (revised version 2020/21)
Task description:
The Knapsack problem is an optimization problem. Which items from an existing
selection should be packed into a limited backpack(Knapsack) in order
to maximize the value to be transported? This problem is in general NP-complete
and therefore probably not efficiently solvable. Assuming that the volumes
of the objects are integers, we can find an algorithm that solves this problem
using dynamic programming. We are looking for an implementation of an algorithm,
which for a given list of objects and a list of items and a maximum backpack
volume outputs the value which can be transported at most. The list of items
consists of two lists, one contains the volumes and one the values. So the
input ([0.5, 0.3], [2, 5], 3 ) gives two items, the first with volume 2 and
value 0.5, the second with volume 5 and value 0.3. The last value indicates
the volume of the Knapsack, in this case the correct output of the algorithm
would be 0.5, because only the 1st item fits into the backpack at all. With a
larger volume of 7, the correct output would be 0.8. It is important to note
that the solution is NOT 1.5, so it is not possible to use the same object
more than once.

Your algorithm must have a run time of $O(n^2)$, where $n$ is the number of items.

Time: 1 CPU second

NOTE:

Items can also have a weight of 0!

Student code currently passes 20/21 tests and fails 1/21 tests.

Student code:
```java
public double knapSack(double[] values, int[] volumes, int capacity) {
    assert values.length == volumes.length;

    double[][] matrix = new double[capacity + 1][volumes.length + 1];

    for(int i = 0; i <= volumes.length; i++) {
      matrix[0][i] = 0.0;
    }

    for(int i = 1; i <= capacity; i++) {
      matrix[i][0] = 0.0;
    }

    for(int i = 1; i < volumes.length + 1; i++) {
       for(int w = 1; w < capacity + 1; w++) {
         if(volumes[i-1] > w){
           matrix[w][i] = matrix[w][i-1];
         }
         else {
           if(matrix[w][i-1]>(values[i-1] + matrix[w - volumes[i-1]][i-1])) 
           {
             matrix[w][i] = matrix[w][i-1];
           } 
           else {
             matrix[w][i] = values[i-1] + matrix[w - volumes[i-1]][i-1];
           }
         }
       }
    }

    return matrix[capacity][volumes.length];
}

Task skeleton (if present):
public double knapSack(double[] values, int[] volumes, int capacity) {
    assert values.length == volumes.length;
    return 0.0;
}

Reference answer (for understanding intent only; do not copy whole program unless the whole student solution is only one function/method):
/* This function calculates and returns the max
 * value in knapsack with the capacity ""capacity"" wich is filled
 * with stuff of volume ""volumes"" and the value ""values"".
 */
public double knapSack(double[] values, int[] volumes, int capacity) {
    assert values.length == volumes.length;

    int n = values.length;
    double[][] Result = new double[n+1][];

    for(int i = 0; i < n+1; ++i) {
        Result[i] = new double[capacity+1];
    }

    for(int i = n-1; i > -1; --i) {
        for(int j = 0; j < capacity+1; ++j) {
            if (volumes[i] <= j) {
                Result[i][j] = Math.max(values[i] + Result[i+1][j-volumes[i]], Result[i+1][j]);
            } else {
                Result[i][j] = Result[i+1][j];
            }
        }
    }
    return Result[0][capacity];
}

First failed test:

- test number: 20.0
- expected output: true
- actual output: Expected: 2632.0 but got 2630.0
c is: [72.0, 10.0, 66.0, 11.0, 98.0, 90.0, 66.0, 30.0, 94.0, 8.0, 42.0, 83.0, 11.0, 32.0, 21.0, 12.0, 35.0, 58.0, 7.0, 35.0, 50.0, 99.0, 17.0, 53.0, 49.0, 45.0, 46.0, 15.0, 87.0, 83.0, 51.0, 35.0, 6.0, 36.0, 53.0, 53.0, 73.0, 41.0, 34.0, 93.0, 53.0, 51.0, 47.0, 86.0, 10.0, 20.0, 10.0, 10.0, 54.0, 53.0, 84.0, 9.0, 57.0, 37.0, 56.0, 44.0, 56.0, 69.0, 91.0, 9.0, 8.0, 3.0, 8.0, 13.0, 6.0, 9.0, 33.0, 83.0, 82.0, 43.0, 74.0, 93.0, 80.0, 46.0, 20.0, 37.0, 39.0, 28.0, 66.0, 73.0, 85.0, 69.0, 87.0, 64.0, 56.0, 19.0, 5.0, 41.0, 28.0, 10.0, 27.0, 46.0, 45.0, 52.0, 0.0, 42.0, 40.0, 57.0, 57.0, 48.0]
v is: [0, 1, 2, 3, 4, 5, 6, 7, 8, 9, 10, 11, 12, 13, 14, 15, 16, 17, 18, 19, 20, 21, 22, 23, 24, 25, 26, 27, 28, 29, 30, 31, 32, 33, 34, 35, 36, 37, 38, 39, 40, 41, 42, 43, 44, 45, 46, 47, 48, 49, 50, 51, 52, 53, 54, 55, 56, 57, 58, 59, 60, 61, 62, 63, 64, 65, 66, 67, 68, 69, 70, 71, 72, 73, 74, 75, 76, 77, 78, 79, 80, 81, 82, 83, 84, 85, 86, 87, 88, 89, 90, 91, 92, 93, 94, 95, 96, 97, 98, 99]
m is: 1237
- error message: 

Rules:

1. Focus on exactly ONE method or function if possible.
2. The ""replace"" content must be the complete original buggy function or method copied exactly from the student code.
3. The ""with"" content must be the corrected complete version of that same function/method.
4. Do not include main code, test code, markdown, prose inside JSON values.
5. Do not return just a code fragment like a loop, an if block, statement or expression.
6. If you are unable to identify one exact full function/method to replace, then set:
    - ""target_function"" : ""UNKNOWN""
    - ""replace"" : """"
    - ""with"" : """"

Return valid JSON only with exactly these keys:
{
""diagnosis"": ""1-3 short sentences"",
""hints"": [""hint 1"", ""hint 2"", ""hint 3""],
""target_function"": ""function name or UNKNOWN"",
""replace"": ""exact original full function/method or empty string"",
""with"": ""corrected full function/method or empty string""
}","{
""diagnosis"": ""The bug is that items with zero volume can be picked multiple times, since the code allows subtracting zero from capacity repeatedly. This leads to overcounting their value. The fix is to ensure that each item is only considered once, even if its volume is zero."",
""hints"": [""Check how items with zero volume are handled in the DP update."", ""Ensure that each item can only be picked once, regardless of its volume."", ""Look at the index usage in the DP table and how capacity is updated.""],
""target_function"": ""knapSack"",
""replace"": ""public double knapSack(double[] values, int[] volumes, int capacity) {\n    assert values.length == volumes.length;\n\n    double[][] matrix = new double[capacity + 1][volumes.length + 1];\n\n    for(int i = 0; i <= volumes.length; i++) {\n      matrix[0][i] = 0.0;\n    }\n\n    for(int i = 1; i <= capacity; i++) {\n      matrix[i][0] = 0.0;\n    }\n\n    for(int i = 1; i < volumes.length + 1; i++) {\n       for(int w = 1; w < capacity + 1; w++) {\n         if(volumes[i-1] > w){\n           matrix[w][i] = matrix[w][i-1];\n         }\n         else {\n           if(matrix[w][i-1]>(values[i-1] + matrix[w - volumes[i-1]][i-1])) \n           {\n             matrix[w][i] = matrix[w][i-1];\n           } \n           else {\n             matrix[w][i] = values[i-1] + matrix[w - volumes[i-1]][i-1];\n           }\n         }\n       }\n    }\n\n    return matrix[capacity][volumes.length];\n}"",
""with"": ""public double knapSack(double[] values, int[] volumes, int capacity) {\n    assert values.length == volumes.length;\n\n    double[][] matrix = new double[capacity + 1][volumes.length + 1];\n\n    for(int i = 0; i <= volumes.length; i++) {\n      matrix[0][i] = 0.0;\n    }\n\n    for(int i = 1; i <= capacity; i++) {\n      matrix[i][0] = 0.0;\n    }\n\n    for(int i = 1; i < volumes.length + 1; i++) {\n       for(int w = 0; w < capacity + 1; w++) { // start w from 0 to handle zero-volume items\n         if(volumes[i-1] > w){\n           matrix[w][i] = matrix[w][i-1];\n         }\n         else {\n           if(matrix[w][i-1]>(values[i-1] + matrix[w - volumes[i-1]][i-1])) \n           {\n             matrix[w][i] = matrix[w][i-1];\n           } \n           else {\n             matrix[w][i] = values[i-1] + matrix[w - volumes[i-1]][i-1];\n           }\n         }\n       }\n    }\n\n    return matrix[capacity][volumes.length];\n}""
}",direct_json,"The bug is that items with zero volume can be picked multiple times, since the code allows subtracting zero from capacity repeatedly. This leads to overcounting their value. The fix is to ensure that each item is only considered once, even if its volume is zero.","['Check how items with zero volume are handled in the DP update.', 'Ensure that each item can only be picked once, regardless of its volume.', 'Look at the index usage in the DP table and how capacity is updated.']",knapSack,"public double knapSack(double[] values, int[] volumes, int capacity) {
    assert values.length == volumes.length;

    double[][] matrix = new double[capacity + 1][volumes.length + 1];

    for(int i = 0; i <= volumes.length; i++) {
      matrix[0][i] = 0.0;
    }

    for(int i = 1; i <= capacity; i++) {
      matrix[i][0] = 0.0;
    }

    for(int i = 1; i < volumes.length + 1; i++) {
       for(int w = 1; w < capacity + 1; w++) {
         if(volumes[i-1] > w){
           matrix[w][i] = matrix[w][i-1];
         }
         else {
           if(matrix[w][i-1]>(values[i-1] + matrix[w - volumes[i-1]][i-1])) 
           {
             matrix[w][i] = matrix[w][i-1];
           } 
           else {
             matrix[w][i] = values[i-1] + matrix[w - volumes[i-1]][i-1];
           }
         }
       }
    }

    return matrix[capacity][volumes.length];
}","public double knapSack(double[] values, int[] volumes, int capacity) {
    assert values.length == volumes.length;

    double[][] matrix = new double[capacity + 1][volumes.length + 1];

    for(int i = 0; i <= volumes.length; i++) {
      matrix[0][i] = 0.0;
    }

    for(int i = 1; i <= capacity; i++) {
      matrix[i][0] = 0.0;
    }

    for(int i = 1; i < volumes.length + 1; i++) {
       for(int w = 0; w < capacity + 1; w++) { // start w from 0 to handle zero-volume items
         if(volumes[i-1] > w){
           matrix[w][i] = matrix[w][i-1];
         }
         else {
           if(matrix[w][i-1]>(values[i-1] + matrix[w - volumes[i-1]][i-1])) 
           {
             matrix[w][i] = matrix[w][i-1];
           } 
           else {
             matrix[w][i] = values[i-1] + matrix[w - volumes[i-1]][i-1];
           }
         }
       }
    }

    return matrix[capacity][volumes.length];
}"
297,20_21-3-1-java,UYT75U6D,java,2,0.2,wrong_output,"You are a programming tutor.

A student's solution failed tests. Your task is to identify ONE local bug and propose ONE small fix.

Attempt: 2
Approach: Choose a different localized fix, prioritizing null checks, state updates, index updates, or base-case errors when relevant.

Programming language: java
Guessed bug type: wrong_output


    For wrong-output bugs:
    - Check for edge cases such as empty input or first/last element.
    - Check for off-by-one errors.
    - Verify that comparison operators are correct (>, >=, <, <=).
    - Ensure return values and update steps.
    

Task title: Knapsack (Java) (revised version 2020/21)
Task description:
The Knapsack problem is an optimization problem. Which items from an existing
selection should be packed into a limited backpack(Knapsack) in order
to maximize the value to be transported? This problem is in general NP-complete
and therefore probably not efficiently solvable. Assuming that the volumes
of the objects are integers, we can find an algorithm that solves this problem
using dynamic programming. We are looking for an implementation of an algorithm,
which for a given list of objects and a list of items and a maximum backpack
volume outputs the value which can be transported at most. The list of items
consists of two lists, one contains the volumes and one the values. So the
input ([0.5, 0.3], [2, 5], 3 ) gives two items, the first with volume 2 and
value 0.5, the second with volume 5 and value 0.3. The last value indicates
the volume of the Knapsack, in this case the correct output of the algorithm
would be 0.5, because only the 1st item fits into the backpack at all. With a
larger volume of 7, the correct output would be 0.8. It is important to note
that the solution is NOT 1.5, so it is not possible to use the same object
more than once.

Your algorithm must have a run time of $O(n^2)$, where $n$ is the number of items.

Time: 1 CPU second

NOTE:

Items can also have a weight of 0!

Student code currently passes 20/21 tests and fails 1/21 tests.

Student code:
```java
public double knapSack(double[] values, int[] volumes, int capacity) {
    assert values.length == volumes.length;

    double[][] matrix = new double[capacity + 1][volumes.length + 1];

    for(int i = 0; i <= volumes.length; i++) {
      matrix[0][i] = 0.0;
    }

    for(int i = 1; i <= capacity; i++) {
      matrix[i][0] = 0.0;
    }

    for(int i = 1; i < volumes.length + 1; i++) {
       for(int w = 1; w < capacity + 1; w++) {
         if(volumes[i-1] > w){
           matrix[w][i] = matrix[w][i-1];
         }
         else {
           if(matrix[w][i-1]>(values[i-1] + matrix[w - volumes[i-1]][i-1])) 
           {
             matrix[w][i] = matrix[w][i-1];
           } 
           else {
             matrix[w][i] = values[i-1] + matrix[w - volumes[i-1]][i-1];
           }
         }
       }
    }

    return matrix[capacity][volumes.length];
}

Task skeleton (if present):
public double knapSack(double[] values, int[] volumes, int capacity) {
    assert values.length == volumes.length;
    return 0.0;
}

Reference answer (for understanding intent only; do not copy whole program unless the whole student solution is only one function/method):
/* This function calculates and returns the max
 * value in knapsack with the capacity ""capacity"" wich is filled
 * with stuff of volume ""volumes"" and the value ""values"".
 */
public double knapSack(double[] values, int[] volumes, int capacity) {
    assert values.length == volumes.length;

    int n = values.length;
    double[][] Result = new double[n+1][];

    for(int i = 0; i < n+1; ++i) {
        Result[i] = new double[capacity+1];
    }

    for(int i = n-1; i > -1; --i) {
        for(int j = 0; j < capacity+1; ++j) {
            if (volumes[i] <= j) {
                Result[i][j] = Math.max(values[i] + Result[i+1][j-volumes[i]], Result[i+1][j]);
            } else {
                Result[i][j] = Result[i+1][j];
            }
        }
    }
    return Result[0][capacity];
}

First failed test:

- test number: 20.0
- expected output: true
- actual output: Expected: 2632.0 but got 2630.0
c is: [72.0, 10.0, 66.0, 11.0, 98.0, 90.0, 66.0, 30.0, 94.0, 8.0, 42.0, 83.0, 11.0, 32.0, 21.0, 12.0, 35.0, 58.0, 7.0, 35.0, 50.0, 99.0, 17.0, 53.0, 49.0, 45.0, 46.0, 15.0, 87.0, 83.0, 51.0, 35.0, 6.0, 36.0, 53.0, 53.0, 73.0, 41.0, 34.0, 93.0, 53.0, 51.0, 47.0, 86.0, 10.0, 20.0, 10.0, 10.0, 54.0, 53.0, 84.0, 9.0, 57.0, 37.0, 56.0, 44.0, 56.0, 69.0, 91.0, 9.0, 8.0, 3.0, 8.0, 13.0, 6.0, 9.0, 33.0, 83.0, 82.0, 43.0, 74.0, 93.0, 80.0, 46.0, 20.0, 37.0, 39.0, 28.0, 66.0, 73.0, 85.0, 69.0, 87.0, 64.0, 56.0, 19.0, 5.0, 41.0, 28.0, 10.0, 27.0, 46.0, 45.0, 52.0, 0.0, 42.0, 40.0, 57.0, 57.0, 48.0]
v is: [0, 1, 2, 3, 4, 5, 6, 7, 8, 9, 10, 11, 12, 13, 14, 15, 16, 17, 18, 19, 20, 21, 22, 23, 24, 25, 26, 27, 28, 29, 30, 31, 32, 33, 34, 35, 36, 37, 38, 39, 40, 41, 42, 43, 44, 45, 46, 47, 48, 49, 50, 51, 52, 53, 54, 55, 56, 57, 58, 59, 60, 61, 62, 63, 64, 65, 66, 67, 68, 69, 70, 71, 72, 73, 74, 75, 76, 77, 78, 79, 80, 81, 82, 83, 84, 85, 86, 87, 88, 89, 90, 91, 92, 93, 94, 95, 96, 97, 98, 99]
m is: 1237
- error message: 

Rules:

1. Focus on exactly ONE method or function if possible.
2. The ""replace"" content must be the complete original buggy function or method copied exactly from the student code.
3. The ""with"" content must be the corrected complete version of that same function/method.
4. Do not include main code, test code, markdown, prose inside JSON values.
5. Do not return just a code fragment like a loop, an if block, statement or expression.
6. If you are unable to identify one exact full function/method to replace, then set:
    - ""target_function"" : ""UNKNOWN""
    - ""replace"" : """"
    - ""with"" : """"

Return valid JSON only with exactly these keys:
{
""diagnosis"": ""1-3 short sentences"",
""hints"": [""hint 1"", ""hint 2"", ""hint 3""],
""target_function"": ""function name or UNKNOWN"",
""replace"": ""exact original full function/method or empty string"",
""with"": ""corrected full function/method or empty string""
}","{
""diagnosis"": ""The bug is in the handling of items with zero volume. The code allows multiple zero-volume items to be included, which can over-count their value. To fix, iterate over capacities from high to low (reverse order) so each item is only considered once per capacity."",
""hints"": [
""Check how zero-volume items are handled in your DP update."",
""Try iterating the capacity index from high to low inside the item loop."",
""Review standard 0/1 knapsack DP update order to avoid over-counting items.""
],
""target_function"": ""knapSack"",
""replace"": ""public double knapSack(double[] values, int[] volumes, int capacity) {\n    assert values.length == volumes.length;\n\n    double[][] matrix = new double[capacity + 1][volumes.length + 1];\n\n    for(int i = 0; i <= volumes.length; i++) {\n      matrix[0][i] = 0.0;\n    }\n\n    for(int i = 1; i <= capacity; i++) {\n      matrix[i][0] = 0.0;\n    }\n\n    for(int i = 1; i < volumes.length + 1; i++) {\n       for(int w = 1; w < capacity + 1; w++) {\n         if(volumes[i-1] > w){\n           matrix[w][i] = matrix[w][i-1];\n         }\n         else {\n           if(matrix[w][i-1]>(values[i-1] + matrix[w - volumes[i-1]][i-1])) \n           {\n             matrix[w][i] = matrix[w][i-1];\n           } \n           else {\n             matrix[w][i] = values[i-1] + matrix[w - volumes[i-1]][i-1];\n           }\n         }\n       }\n    }\n\n    return matrix[capacity][volumes.length];\n}"",
""with"": ""public double knapSack(double[] values, int[] volumes, int capacity) {\n    assert values.length == volumes.length;\n\n    double[] dp = new double[capacity + 1];\n    int n = values.length;\n    for (int i = 0; i < n; i++) {\n        for (int w = capacity; w >= volumes[i]; w--) {\n            dp[w] = Math.max(dp[w], values[i] + dp[w - volumes[i]]);\n        }\n    }\n    return dp[capacity];\n}""
}",direct_json,"The bug is in the handling of items with zero volume. The code allows multiple zero-volume items to be included, which can over-count their value. To fix, iterate over capacities from high to low (reverse order) so each item is only considered once per capacity.","['Check how zero-volume items are handled in your DP update.', 'Try iterating the capacity index from high to low inside the item loop.', 'Review standard 0/1 knapsack DP update order to avoid over-counting items.']",knapSack,"public double knapSack(double[] values, int[] volumes, int capacity) {
    assert values.length == volumes.length;

    double[][] matrix = new double[capacity + 1][volumes.length + 1];

    for(int i = 0; i <= volumes.length; i++) {
      matrix[0][i] = 0.0;
    }

    for(int i = 1; i <= capacity; i++) {
      matrix[i][0] = 0.0;
    }

    for(int i = 1; i < volumes.length + 1; i++) {
       for(int w = 1; w < capacity + 1; w++) {
         if(volumes[i-1] > w){
           matrix[w][i] = matrix[w][i-1];
         }
         else {
           if(matrix[w][i-1]>(values[i-1] + matrix[w - volumes[i-1]][i-1])) 
           {
             matrix[w][i] = matrix[w][i-1];
           } 
           else {
             matrix[w][i] = values[i-1] + matrix[w - volumes[i-1]][i-1];
           }
         }
       }
    }

    return matrix[capacity][volumes.length];
}","public double knapSack(double[] values, int[] volumes, int capacity) {
    assert values.length == volumes.length;

    double[] dp = new double[capacity + 1];
    int n = values.length;
    for (int i = 0; i < n; i++) {
        for (int w = capacity; w >= volumes[i]; w--) {
            dp[w] = Math.max(dp[w], values[i] + dp[w - volumes[i]]);
        }
    }
    return dp[capacity];
}"
299,20_21-3-1-java,WURVTKED,java,1,0.0,wrong_output,"You are a programming tutor.

A student's solution failed tests. Your task is to identify ONE local bug and propose ONE small fix.

Attempt: 1
Approach: Choose the single most likely minimal fix.

Programming language: java
Guessed bug type: wrong_output


    For wrong-output bugs:
    - Check for edge cases such as empty input or first/last element.
    - Check for off-by-one errors.
    - Verify that comparison operators are correct (>, >=, <, <=).
    - Ensure return values and update steps.
    

Task title: Knapsack (Java) (revised version 2020/21)
Task description:
The Knapsack problem is an optimization problem. Which items from an existing
selection should be packed into a limited backpack(Knapsack) in order
to maximize the value to be transported? This problem is in general NP-complete
and therefore probably not efficiently solvable. Assuming that the volumes
of the objects are integers, we can find an algorithm that solves this problem
using dynamic programming. We are looking for an implementation of an algorithm,
which for a given list of objects and a list of items and a maximum backpack
volume outputs the value which can be transported at most. The list of items
consists of two lists, one contains the volumes and one the values. So the
input ([0.5, 0.3], [2, 5], 3 ) gives two items, the first with volume 2 and
value 0.5, the second with volume 5 and value 0.3. The last value indicates
the volume of the Knapsack, in this case the correct output of the algorithm
would be 0.5, because only the 1st item fits into the backpack at all. With a
larger volume of 7, the correct output would be 0.8. It is important to note
that the solution is NOT 1.5, so it is not possible to use the same object
more than once.

Your algorithm must have a run time of $O(n^2)$, where $n$ is the number of items.

Time: 1 CPU second

NOTE:

Items can also have a weight of 0!

Student code currently passes 20/21 tests and fails 1/21 tests.

Student code:
```java
double knapSack(double[] values, int[] volumes, int capacity)
{
    assert values.length == volumes.length;
    int n = volumes.length + 1;
    int W = capacity + 1;
    double[][] table = new double[n][W];

    if (capacity == 0) 
    {
        return 0.0;
    }

    for (int i = 1; i < n; i++)
    {
        for (int j = 1; j < W; j++)
        {
            if (volumes[i - 1] > j)
            {
                table[i][j] = table[i - 1][j];
            }
            else if(table[i - 1][j - volumes[i - 1]] + values[i - 1] > table[i - 1][j])
            {
                table[i][j] = table[i - 1][j - volumes[i - 1]] + values[i - 1];
            }
            else
            {
                table[i][j] = table[i - 1][j];
            }
        }
    }
            return table[volumes.length][capacity];
}

Task skeleton (if present):
public double knapSack(double[] values, int[] volumes, int capacity) {
    assert values.length == volumes.length;
    return 0.0;
}

Reference answer (for understanding intent only; do not copy whole program unless the whole student solution is only one function/method):
/* This function calculates and returns the max
 * value in knapsack with the capacity ""capacity"" wich is filled
 * with stuff of volume ""volumes"" and the value ""values"".
 */
public double knapSack(double[] values, int[] volumes, int capacity) {
    assert values.length == volumes.length;

    int n = values.length;
    double[][] Result = new double[n+1][];

    for(int i = 0; i < n+1; ++i) {
        Result[i] = new double[capacity+1];
    }

    for(int i = n-1; i > -1; --i) {
        for(int j = 0; j < capacity+1; ++j) {
            if (volumes[i] <= j) {
                Result[i][j] = Math.max(values[i] + Result[i+1][j-volumes[i]], Result[i+1][j]);
            } else {
                Result[i][j] = Result[i+1][j];
            }
        }
    }
    return Result[0][capacity];
}

First failed test:

- test number: 21.0
- expected output: true
- actual output: Expected: 2897.0 but got 2895.0
c is: [75.0, 86.0, 99.0, 27.0, 4.0, 0.0, 58.0, 68.0, 22.0, 1.0, 41.0, 71.0, 32.0, 8.0, 90.0, 3.0, 74.0, 75.0, 25.0, 20.0, 5.0, 24.0, 30.0, 40.0, 66.0, 79.0, 34.0, 95.0, 29.0, 86.0, 2.0, 7.0, 98.0, 23.0, 9.0, 74.0, 86.0, 11.0, 2.0, 89.0, 88.0, 88.0, 65.0, 71.0, 80.0, 70.0, 46.0, 62.0, 22.0, 43.0, 91.0, 26.0, 76.0, 94.0, 68.0, 88.0, 17.0, 96.0, 54.0, 49.0, 30.0, 42.0, 50.0, 97.0, 95.0, 23.0, 9.0, 67.0, 59.0, 65.0, 63.0, 47.0, 62.0, 41.0, 47.0, 63.0, 63.0, 20.0, 94.0, 27.0, 62.0, 97.0, 25.0, 40.0, 80.0, 64.0, 39.0, 28.0, 26.0, 41.0, 40.0, 52.0, 45.0, 83.0, 11.0, 98.0, 47.0, 12.0, 22.0, 82.0]
v is: [0, 1, 2, 3, 4, 5, 6, 7, 8, 9, 10, 11, 12, 13, 14, 15, 16, 17, 18, 19, 20, 21, 22, 23, 24, 25, 26, 27, 28, 29, 30, 31, 32, 33, 34, 35, 36, 37, 38, 39, 40, 41, 42, 43, 44, 45, 46, 47, 48, 49, 50, 51, 52, 53, 54, 55, 56, 57, 58, 59, 60, 61, 62, 63, 64, 65, 66, 67, 68, 69, 70, 71, 72, 73, 74, 75, 76, 77, 78, 79, 80, 81, 82, 83, 84, 85, 86, 87, 88, 89, 90, 91, 92, 93, 94, 95, 96, 97, 98, 99]
m is: 1237
- error message: 

Rules:

1. Focus on exactly ONE method or function if possible.
2. The ""replace"" content must be the complete original buggy function or method copied exactly from the student code.
3. The ""with"" content must be the corrected complete version of that same function/method.
4. Do not include main code, test code, markdown, prose inside JSON values.
5. Do not return just a code fragment like a loop, an if block, statement or expression.
6. If you are unable to identify one exact full function/method to replace, then set:
    - ""target_function"" : ""UNKNOWN""
    - ""replace"" : """"
    - ""with"" : """"

Return valid JSON only with exactly these keys:
{
""diagnosis"": ""1-3 short sentences"",
""hints"": [""hint 1"", ""hint 2"", ""hint 3""],
""target_function"": ""function name or UNKNOWN"",
""replace"": ""exact original full function/method or empty string"",
""with"": ""corrected full function/method or empty string""
}","{
""diagnosis"": ""The inner loop starts at j=1, which skips the case where the knapsack has zero capacity. This causes the DP table to miss valid combinations involving items with zero volume, leading to undercounting the optimal value. The fix is to start the inner loop at j=0."",
""hints"": [
""Check if your DP table covers the case where the knapsack has zero capacity."",
""Items with zero volume should be considered for all capacities, including zero."",
""Off-by-one errors in DP table initialization or loop bounds are common in knapsack problems.""
],
""target_function"": ""knapSack"",
""replace"": ""double knapSack(double[] values, int[] volumes, int capacity)\n{\n    assert values.length == volumes.length;\n    int n = volumes.length + 1;\n    int W = capacity + 1;\n    double[][] table = new double[n][W];\n\n    if (capacity == 0) \n    {\n        return 0.0;\n    }\n\n    for (int i = 1; i < n; i++)\n    {\n        for (int j = 1; j < W; j++)\n        {\n            if (volumes[i - 1] > j)\n            {\n                table[i][j] = table[i - 1][j];\n            }\n            else if(table[i - 1][j - volumes[i - 1]] + values[i - 1] > table[i - 1][j])\n            {\n                table[i][j] = table[i - 1][j - volumes[i - 1]] + values[i - 1];\n            }\n            else\n            {\n                table[i][j] = table[i - 1][j];\n            }\n        }\n    }\n            return table[volumes.length][capacity];\n}"",
""with"": ""double knapSack(double[] values, int[] volumes, int capacity)\n{\n    assert values.length == volumes.length;\n    int n = volumes.length + 1;\n    int W = capacity + 1;\n    double[][] table = new double[n][W];\n\n    if (capacity == 0) \n    {\n        return 0.0;\n    }\n\n    for (int i = 1; i < n; i++)\n    {\n        for (int j = 0; j < W; j++) // FIX: start at 0 instead of 1\n        {\n            if (volumes[i - 1] > j)\n            {\n                table[i][j] = table[i - 1][j];\n            }\n            else if(table[i - 1][j - volumes[i - 1]] + values[i - 1] > table[i - 1][j])\n            {\n                table[i][j] = table[i - 1][j - volumes[i - 1]] + values[i - 1];\n            }\n            else\n            {\n                table[i][j] = table[i - 1][j];\n            }\n        }\n    }\n            return table[volumes.length][capacity];\n}""
}",direct_json,"The inner loop starts at j=1, which skips the case where the knapsack has zero capacity. This causes the DP table to miss valid combinations involving items with zero volume, leading to undercounting the optimal value. The fix is to start the inner loop at j=0.","['Check if your DP table covers the case where the knapsack has zero capacity.', 'Items with zero volume should be considered for all capacities, including zero.', 'Off-by-one errors in DP table initialization or loop bounds are common in knapsack problems.']",knapSack,"double knapSack(double[] values, int[] volumes, int capacity)
{
    assert values.length == volumes.length;
    int n = volumes.length + 1;
    int W = capacity + 1;
    double[][] table = new double[n][W];

    if (capacity == 0) 
    {
        return 0.0;
    }

    for (int i = 1; i < n; i++)
    {
        for (int j = 1; j < W; j++)
        {
            if (volumes[i - 1] > j)
            {
                table[i][j] = table[i - 1][j];
            }
            else if(table[i - 1][j - volumes[i - 1]] + values[i - 1] > table[i - 1][j])
            {
                table[i][j] = table[i - 1][j - volumes[i - 1]] + values[i - 1];
            }
            else
            {
                table[i][j] = table[i - 1][j];
            }
        }
    }
            return table[volumes.length][capacity];
}","double knapSack(double[] values, int[] volumes, int capacity)
{
    assert values.length == volumes.length;
    int n = volumes.length + 1;
    int W = capacity + 1;
    double[][] table = new double[n][W];

    if (capacity == 0) 
    {
        return 0.0;
    }

    for (int i = 1; i < n; i++)
    {
        for (int j = 0; j < W; j++) // FIX: start at 0 instead of 1
        {
            if (volumes[i - 1] > j)
            {
                table[i][j] = table[i - 1][j];
            }
            else if(table[i - 1][j - volumes[i - 1]] + values[i - 1] > table[i - 1][j])
            {
                table[i][j] = table[i - 1][j - volumes[i - 1]] + values[i - 1];
            }
            else
            {
                table[i][j] = table[i - 1][j];
            }
        }
    }
            return table[volumes.length][capacity];
}"
299,20_21-3-1-java,WURVTKED,java,2,0.2,wrong_output,"You are a programming tutor.

A student's solution failed tests. Your task is to identify ONE local bug and propose ONE small fix.

Attempt: 2
Approach: Choose a different localized fix, prioritizing null checks, state updates, index updates, or base-case errors when relevant.

Programming language: java
Guessed bug type: wrong_output


    For wrong-output bugs:
    - Check for edge cases such as empty input or first/last element.
    - Check for off-by-one errors.
    - Verify that comparison operators are correct (>, >=, <, <=).
    - Ensure return values and update steps.
    

Task title: Knapsack (Java) (revised version 2020/21)
Task description:
The Knapsack problem is an optimization problem. Which items from an existing
selection should be packed into a limited backpack(Knapsack) in order
to maximize the value to be transported? This problem is in general NP-complete
and therefore probably not efficiently solvable. Assuming that the volumes
of the objects are integers, we can find an algorithm that solves this problem
using dynamic programming. We are looking for an implementation of an algorithm,
which for a given list of objects and a list of items and a maximum backpack
volume outputs the value which can be transported at most. The list of items
consists of two lists, one contains the volumes and one the values. So the
input ([0.5, 0.3], [2, 5], 3 ) gives two items, the first with volume 2 and
value 0.5, the second with volume 5 and value 0.3. The last value indicates
the volume of the Knapsack, in this case the correct output of the algorithm
would be 0.5, because only the 1st item fits into the backpack at all. With a
larger volume of 7, the correct output would be 0.8. It is important to note
that the solution is NOT 1.5, so it is not possible to use the same object
more than once.

Your algorithm must have a run time of $O(n^2)$, where $n$ is the number of items.

Time: 1 CPU second

NOTE:

Items can also have a weight of 0!

Student code currently passes 20/21 tests and fails 1/21 tests.

Student code:
```java
double knapSack(double[] values, int[] volumes, int capacity)
{
    assert values.length == volumes.length;
    int n = volumes.length + 1;
    int W = capacity + 1;
    double[][] table = new double[n][W];

    if (capacity == 0) 
    {
        return 0.0;
    }

    for (int i = 1; i < n; i++)
    {
        for (int j = 1; j < W; j++)
        {
            if (volumes[i - 1] > j)
            {
                table[i][j] = table[i - 1][j];
            }
            else if(table[i - 1][j - volumes[i - 1]] + values[i - 1] > table[i - 1][j])
            {
                table[i][j] = table[i - 1][j - volumes[i - 1]] + values[i - 1];
            }
            else
            {
                table[i][j] = table[i - 1][j];
            }
        }
    }
            return table[volumes.length][capacity];
}

Task skeleton (if present):
public double knapSack(double[] values, int[] volumes, int capacity) {
    assert values.length == volumes.length;
    return 0.0;
}

Reference answer (for understanding intent only; do not copy whole program unless the whole student solution is only one function/method):
/* This function calculates and returns the max
 * value in knapsack with the capacity ""capacity"" wich is filled
 * with stuff of volume ""volumes"" and the value ""values"".
 */
public double knapSack(double[] values, int[] volumes, int capacity) {
    assert values.length == volumes.length;

    int n = values.length;
    double[][] Result = new double[n+1][];

    for(int i = 0; i < n+1; ++i) {
        Result[i] = new double[capacity+1];
    }

    for(int i = n-1; i > -1; --i) {
        for(int j = 0; j < capacity+1; ++j) {
            if (volumes[i] <= j) {
                Result[i][j] = Math.max(values[i] + Result[i+1][j-volumes[i]], Result[i+1][j]);
            } else {
                Result[i][j] = Result[i+1][j];
            }
        }
    }
    return Result[0][capacity];
}

First failed test:

- test number: 21.0
- expected output: true
- actual output: Expected: 2897.0 but got 2895.0
c is: [75.0, 86.0, 99.0, 27.0, 4.0, 0.0, 58.0, 68.0, 22.0, 1.0, 41.0, 71.0, 32.0, 8.0, 90.0, 3.0, 74.0, 75.0, 25.0, 20.0, 5.0, 24.0, 30.0, 40.0, 66.0, 79.0, 34.0, 95.0, 29.0, 86.0, 2.0, 7.0, 98.0, 23.0, 9.0, 74.0, 86.0, 11.0, 2.0, 89.0, 88.0, 88.0, 65.0, 71.0, 80.0, 70.0, 46.0, 62.0, 22.0, 43.0, 91.0, 26.0, 76.0, 94.0, 68.0, 88.0, 17.0, 96.0, 54.0, 49.0, 30.0, 42.0, 50.0, 97.0, 95.0, 23.0, 9.0, 67.0, 59.0, 65.0, 63.0, 47.0, 62.0, 41.0, 47.0, 63.0, 63.0, 20.0, 94.0, 27.0, 62.0, 97.0, 25.0, 40.0, 80.0, 64.0, 39.0, 28.0, 26.0, 41.0, 40.0, 52.0, 45.0, 83.0, 11.0, 98.0, 47.0, 12.0, 22.0, 82.0]
v is: [0, 1, 2, 3, 4, 5, 6, 7, 8, 9, 10, 11, 12, 13, 14, 15, 16, 17, 18, 19, 20, 21, 22, 23, 24, 25, 26, 27, 28, 29, 30, 31, 32, 33, 34, 35, 36, 37, 38, 39, 40, 41, 42, 43, 44, 45, 46, 47, 48, 49, 50, 51, 52, 53, 54, 55, 56, 57, 58, 59, 60, 61, 62, 63, 64, 65, 66, 67, 68, 69, 70, 71, 72, 73, 74, 75, 76, 77, 78, 79, 80, 81, 82, 83, 84, 85, 86, 87, 88, 89, 90, 91, 92, 93, 94, 95, 96, 97, 98, 99]
m is: 1237
- error message: 

Rules:

1. Focus on exactly ONE method or function if possible.
2. The ""replace"" content must be the complete original buggy function or method copied exactly from the student code.
3. The ""with"" content must be the corrected complete version of that same function/method.
4. Do not include main code, test code, markdown, prose inside JSON values.
5. Do not return just a code fragment like a loop, an if block, statement or expression.
6. If you are unable to identify one exact full function/method to replace, then set:
    - ""target_function"" : ""UNKNOWN""
    - ""replace"" : """"
    - ""with"" : """"

Return valid JSON only with exactly these keys:
{
""diagnosis"": ""1-3 short sentences"",
""hints"": [""hint 1"", ""hint 2"", ""hint 3""],
""target_function"": ""function name or UNKNOWN"",
""replace"": ""exact original full function/method or empty string"",
""with"": ""corrected full function/method or empty string""
}","{
""diagnosis"": ""The bug is an off-by-one error in the inner loop: the code skips j=0, which is needed for items with volume 0. This can cause the DP table to miss optimal combinations involving zero-volume items."",
""hints"": [""Check if your DP table considers the case when the knapsack has zero capacity."", ""Items with volume 0 should be handled correctly; skipping j=0 may miss them."", ""Try starting the inner loop from j=0 instead of j=1.""],
""target_function"": ""knapSack"",
""replace"": ""double knapSack(double[] values, int[] volumes, int capacity)\n{\n    assert values.length == volumes.length;\n    int n = volumes.length + 1;\n    int W = capacity + 1;\n    double[][] table = new double[n][W];\n\n    if (capacity == 0) \n    {\n        return 0.0;\n    }\n\n    for (int i = 1; i < n; i++)\n    {\n        for (int j = 1; j < W; j++)\n        {\n            if (volumes[i - 1] > j)\n            {\n                table[i][j] = table[i - 1][j];\n            }\n            else if(table[i - 1][j - volumes[i - 1]] + values[i - 1] > table[i - 1][j])\n            {\n                table[i][j] = table[i - 1][j - volumes[i - 1]] + values[i - 1];\n            }\n            else\n            {\n                table[i][j] = table[i - 1][j];\n            }\n        }\n    }\n            return table[volumes.length][capacity];\n}"",
""with"": ""double knapSack(double[] values, int[] volumes, int capacity)\n{\n    assert values.length == volumes.length;\n    int n = volumes.length + 1;\n    int W = capacity + 1;\n    double[][] table = new double[n][W];\n\n    if (capacity == 0) \n    {\n        return 0.0;\n    }\n\n    for (int i = 1; i < n; i++)\n    {\n        for (int j = 0; j < W; j++) // FIX: start from j=0\n        {\n            if (volumes[i - 1] > j)\n            {\n                table[i][j] = table[i - 1][j];\n            }\n            else if(table[i - 1][j - volumes[i - 1]] + values[i - 1] > table[i - 1][j])\n            {\n                table[i][j] = table[i - 1][j - volumes[i - 1]] + values[i - 1];\n            }\n            else\n            {\n                table[i][j] = table[i - 1][j];\n            }\n        }\n    }\n            return table[volumes.length][capacity];\n}""
}",direct_json,"The bug is an off-by-one error in the inner loop: the code skips j=0, which is needed for items with volume 0. This can cause the DP table to miss optimal combinations involving zero-volume items.","['Check if your DP table considers the case when the knapsack has zero capacity.', 'Items with volume 0 should be handled correctly; skipping j=0 may miss them.', 'Try starting the inner loop from j=0 instead of j=1.']",knapSack,"double knapSack(double[] values, int[] volumes, int capacity)
{
    assert values.length == volumes.length;
    int n = volumes.length + 1;
    int W = capacity + 1;
    double[][] table = new double[n][W];

    if (capacity == 0) 
    {
        return 0.0;
    }

    for (int i = 1; i < n; i++)
    {
        for (int j = 1; j < W; j++)
        {
            if (volumes[i - 1] > j)
            {
                table[i][j] = table[i - 1][j];
            }
            else if(table[i - 1][j - volumes[i - 1]] + values[i - 1] > table[i - 1][j])
            {
                table[i][j] = table[i - 1][j - volumes[i - 1]] + values[i - 1];
            }
            else
            {
                table[i][j] = table[i - 1][j];
            }
        }
    }
            return table[volumes.length][capacity];
}","double knapSack(double[] values, int[] volumes, int capacity)
{
    assert values.length == volumes.length;
    int n = volumes.length + 1;
    int W = capacity + 1;
    double[][] table = new double[n][W];

    if (capacity == 0) 
    {
        return 0.0;
    }

    for (int i = 1; i < n; i++)
    {
        for (int j = 0; j < W; j++) // FIX: start from j=0
        {
            if (volumes[i - 1] > j)
            {
                table[i][j] = table[i - 1][j];
            }
            else if(table[i - 1][j - volumes[i - 1]] + values[i - 1] > table[i - 1][j])
            {
                table[i][j] = table[i - 1][j - volumes[i - 1]] + values[i - 1];
            }
            else
            {
                table[i][j] = table[i - 1][j];
            }
        }
    }
            return table[volumes.length][capacity];
}"
300,20_21-3-1-java,WXTSDXN6,java,1,0.0,wrong_output,"You are a programming tutor.

A student's solution failed tests. Your task is to identify ONE local bug and propose ONE small fix.

Attempt: 1
Approach: Choose the single most likely minimal fix.

Programming language: java
Guessed bug type: wrong_output


    For wrong-output bugs:
    - Check for edge cases such as empty input or first/last element.
    - Check for off-by-one errors.
    - Verify that comparison operators are correct (>, >=, <, <=).
    - Ensure return values and update steps.
    

Task title: Knapsack (Java) (revised version 2020/21)
Task description:
The Knapsack problem is an optimization problem. Which items from an existing
selection should be packed into a limited backpack(Knapsack) in order
to maximize the value to be transported? This problem is in general NP-complete
and therefore probably not efficiently solvable. Assuming that the volumes
of the objects are integers, we can find an algorithm that solves this problem
using dynamic programming. We are looking for an implementation of an algorithm,
which for a given list of objects and a list of items and a maximum backpack
volume outputs the value which can be transported at most. The list of items
consists of two lists, one contains the volumes and one the values. So the
input ([0.5, 0.3], [2, 5], 3 ) gives two items, the first with volume 2 and
value 0.5, the second with volume 5 and value 0.3. The last value indicates
the volume of the Knapsack, in this case the correct output of the algorithm
would be 0.5, because only the 1st item fits into the backpack at all. With a
larger volume of 7, the correct output would be 0.8. It is important to note
that the solution is NOT 1.5, so it is not possible to use the same object
more than once.

Your algorithm must have a run time of $O(n^2)$, where $n$ is the number of items.

Time: 1 CPU second

NOTE:

Items can also have a weight of 0!

Student code currently passes 19/21 tests and fails 2/21 tests.

Student code:
```java
public double knapSack(double[] values, int[] volumes, int capacity) {
    assert values.length == volumes.length;
    
    if (values.length <= 0 || capacity <= 0) {
        return 0.0;
    }

    double[][] m = new double[values.length + 1][capacity + 1];
    for (int j = 0; j <= capacity; j++) {
        m[0][j] = 0.0;
    }

    for (int i = 1; i <= values.length; i++) {
        for (int j = 1; j <= capacity; j++) { 
            if (volumes[i - 1] > j) {
                m[i][j] = m[i - 1][j];
            } else {
                m[i][j] = Math.max(
                  m[i - 1][j], 
                  m[i - 1][j - volumes[i - 1]] + values[i - 1]);
            }
        }
    }
    return m[values.length][capacity];
}

Task skeleton (if present):
public double knapSack(double[] values, int[] volumes, int capacity) {
    assert values.length == volumes.length;
    return 0.0;
}

Reference answer (for understanding intent only; do not copy whole program unless the whole student solution is only one function/method):
/* This function calculates and returns the max
 * value in knapsack with the capacity ""capacity"" wich is filled
 * with stuff of volume ""volumes"" and the value ""values"".
 */
public double knapSack(double[] values, int[] volumes, int capacity) {
    assert values.length == volumes.length;

    int n = values.length;
    double[][] Result = new double[n+1][];

    for(int i = 0; i < n+1; ++i) {
        Result[i] = new double[capacity+1];
    }

    for(int i = n-1; i > -1; --i) {
        for(int j = 0; j < capacity+1; ++j) {
            if (volumes[i] <= j) {
                Result[i][j] = Math.max(values[i] + Result[i+1][j-volumes[i]], Result[i+1][j]);
            } else {
                Result[i][j] = Result[i+1][j];
            }
        }
    }
    return Result[0][capacity];
}

First failed test:

- test number: 17.0
- expected output: true
- actual output: Expected: 3006.0 but got 3004.0
c is: [92.0, 8.0, 47.0, 47.0, 89.0, 4.0, 35.0, 76.0, 46.0, 80.0, 85.0, 77.0, 65.0, 83.0, 77.0, 27.0, 13.0, 66.0, 99.0, 77.0, 75.0, 52.0, 22.0, 5.0, 50.0, 8.0, 52.0, 61.0, 98.0, 99.0, 68.0, 52.0, 38.0, 16.0, 14.0, 14.0, 82.0, 21.0, 73.0, 8.0, 80.0, 36.0, 52.0, 4.0, 98.0, 82.0, 15.0, 57.0, 20.0, 99.0, 46.0, 48.0, 32.0, 48.0, 54.0, 27.0, 92.0, 39.0, 63.0, 3.0, 9.0, 38.0, 24.0, 94.0, 46.0, 67.0, 22.0, 57.0, 40.0, 58.0, 37.0, 69.0, 27.0, 67.0, 76.0, 93.0, 27.0, 28.0, 82.0, 72.0, 26.0, 77.0, 55.0, 25.0, 97.0, 88.0, 50.0, 87.0, 3.0, 76.0, 50.0, 76.0, 73.0, 17.0, 44.0, 34.0, 72.0, 76.0, 23.0, 58.0]
v is: [0, 1, 2, 3, 4, 5, 6, 7, 8, 9, 10, 11, 12, 13, 14, 15, 16, 17, 18, 19, 20, 21, 22, 23, 24, 25, 26, 27, 28, 29, 30, 31, 32, 33, 34, 35, 36, 37, 38, 39, 40, 41, 42, 43, 44, 45, 46, 47, 48, 49, 50, 51, 52, 53, 54, 55, 56, 57, 58, 59, 60, 61, 62, 63, 64, 65, 66, 67, 68, 69, 70, 71, 72, 73, 74, 75, 76, 77, 78, 79, 80, 81, 82, 83, 84, 85, 86, 87, 88, 89, 90, 91, 92, 93, 94, 95, 96, 97, 98, 99]
m is: 1237
- error message: 

Rules:

1. Focus on exactly ONE method or function if possible.
2. The ""replace"" content must be the complete original buggy function or method copied exactly from the student code.
3. The ""with"" content must be the corrected complete version of that same function/method.
4. Do not include main code, test code, markdown, prose inside JSON values.
5. Do not return just a code fragment like a loop, an if block, statement or expression.
6. If you are unable to identify one exact full function/method to replace, then set:
    - ""target_function"" : ""UNKNOWN""
    - ""replace"" : """"
    - ""with"" : """"

Return valid JSON only with exactly these keys:
{
""diagnosis"": ""1-3 short sentences"",
""hints"": [""hint 1"", ""hint 2"", ""hint 3""],
""target_function"": ""function name or UNKNOWN"",
""replace"": ""exact original full function/method or empty string"",
""with"": ""corrected full function/method or empty string""
}","{
""diagnosis"": ""The inner loop starts at j=1, which skips the case where the knapsack capacity is zero. This can cause incorrect results when items with zero volume are present, as they can be included even when capacity is zero. The fix is to start the inner loop at j=0."",
""hints"": [""Check if your DP table covers all capacities, including zero."", ""Items with zero volume should be considered even when capacity is zero."", ""Review the range of your inner loop indices.""],
""target_function"": ""knapSack"",
""replace"": ""public double knapSack(double[] values, int[] volumes, int capacity) {\n    assert values.length == volumes.length;\n    \n    if (values.length <= 0 || capacity <= 0) {\n        return 0.0;\n    }\n\n    double[][] m = new double[values.length + 1][capacity + 1];\n    for (int j = 0; j <= capacity; j++) {\n        m[0][j] = 0.0;\n    }\n\n    for (int i = 1; i <= values.length; i++) {\n        for (int j = 1; j <= capacity; j++) { \n            if (volumes[i - 1] > j) {\n                m[i][j] = m[i - 1][j];\n            } else {\n                m[i][j] = Math.max(\n                  m[i - 1][j], \n                  m[i - 1][j - volumes[i - 1]] + values[i - 1]);\n            }\n        }\n    }\n    return m[values.length][capacity];\n}"",
""with"": ""public double knapSack(double[] values, int[] volumes, int capacity) {\n    assert values.length == volumes.length;\n    \n    if (values.length <= 0 || capacity <= 0) {\n        return 0.0;\n    }\n\n    double[][] m = new double[values.length + 1][capacity + 1];\n    for (int j = 0; j <= capacity; j++) {\n        m[0][j] = 0.0;\n    }\n\n    for (int i = 1; i <= values.length; i++) {\n        for (int j = 0; j <= capacity; j++) { \n            if (volumes[i - 1] > j) {\n                m[i][j] = m[i - 1][j];\n            } else {\n                m[i][j] = Math.max(\n                  m[i - 1][j], \n                  m[i - 1][j - volumes[i - 1]] + values[i - 1]);\n            }\n        }\n    }\n    return m[values.length][capacity];\n}""
}",direct_json,"The inner loop starts at j=1, which skips the case where the knapsack capacity is zero. This can cause incorrect results when items with zero volume are present, as they can be included even when capacity is zero. The fix is to start the inner loop at j=0.","['Check if your DP table covers all capacities, including zero.', 'Items with zero volume should be considered even when capacity is zero.', 'Review the range of your inner loop indices.']",knapSack,"public double knapSack(double[] values, int[] volumes, int capacity) {
    assert values.length == volumes.length;
    
    if (values.length <= 0 || capacity <= 0) {
        return 0.0;
    }

    double[][] m = new double[values.length + 1][capacity + 1];
    for (int j = 0; j <= capacity; j++) {
        m[0][j] = 0.0;
    }

    for (int i = 1; i <= values.length; i++) {
        for (int j = 1; j <= capacity; j++) { 
            if (volumes[i - 1] > j) {
                m[i][j] = m[i - 1][j];
            } else {
                m[i][j] = Math.max(
                  m[i - 1][j], 
                  m[i - 1][j - volumes[i - 1]] + values[i - 1]);
            }
        }
    }
    return m[values.length][capacity];
}","public double knapSack(double[] values, int[] volumes, int capacity) {
    assert values.length == volumes.length;
    
    if (values.length <= 0 || capacity <= 0) {
        return 0.0;
    }

    double[][] m = new double[values.length + 1][capacity + 1];
    for (int j = 0; j <= capacity; j++) {
        m[0][j] = 0.0;
    }

    for (int i = 1; i <= values.length; i++) {
        for (int j = 0; j <= capacity; j++) { 
            if (volumes[i - 1] > j) {
                m[i][j] = m[i - 1][j];
            } else {
                m[i][j] = Math.max(
                  m[i - 1][j], 
                  m[i - 1][j - volumes[i - 1]] + values[i - 1]);
            }
        }
    }
    return m[values.length][capacity];
}"
300,20_21-3-1-java,WXTSDXN6,java,2,0.2,wrong_output,"You are a programming tutor.

A student's solution failed tests. Your task is to identify ONE local bug and propose ONE small fix.

Attempt: 2
Approach: Choose a different localized fix, prioritizing null checks, state updates, index updates, or base-case errors when relevant.

Programming language: java
Guessed bug type: wrong_output


    For wrong-output bugs:
    - Check for edge cases such as empty input or first/last element.
    - Check for off-by-one errors.
    - Verify that comparison operators are correct (>, >=, <, <=).
    - Ensure return values and update steps.
    

Task title: Knapsack (Java) (revised version 2020/21)
Task description:
The Knapsack problem is an optimization problem. Which items from an existing
selection should be packed into a limited backpack(Knapsack) in order
to maximize the value to be transported? This problem is in general NP-complete
and therefore probably not efficiently solvable. Assuming that the volumes
of the objects are integers, we can find an algorithm that solves this problem
using dynamic programming. We are looking for an implementation of an algorithm,
which for a given list of objects and a list of items and a maximum backpack
volume outputs the value which can be transported at most. The list of items
consists of two lists, one contains the volumes and one the values. So the
input ([0.5, 0.3], [2, 5], 3 ) gives two items, the first with volume 2 and
value 0.5, the second with volume 5 and value 0.3. The last value indicates
the volume of the Knapsack, in this case the correct output of the algorithm
would be 0.5, because only the 1st item fits into the backpack at all. With a
larger volume of 7, the correct output would be 0.8. It is important to note
that the solution is NOT 1.5, so it is not possible to use the same object
more than once.

Your algorithm must have a run time of $O(n^2)$, where $n$ is the number of items.

Time: 1 CPU second

NOTE:

Items can also have a weight of 0!

Student code currently passes 19/21 tests and fails 2/21 tests.

Student code:
```java
public double knapSack(double[] values, int[] volumes, int capacity) {
    assert values.length == volumes.length;
    
    if (values.length <= 0 || capacity <= 0) {
        return 0.0;
    }

    double[][] m = new double[values.length + 1][capacity + 1];
    for (int j = 0; j <= capacity; j++) {
        m[0][j] = 0.0;
    }

    for (int i = 1; i <= values.length; i++) {
        for (int j = 1; j <= capacity; j++) { 
            if (volumes[i - 1] > j) {
                m[i][j] = m[i - 1][j];
            } else {
                m[i][j] = Math.max(
                  m[i - 1][j], 
                  m[i - 1][j - volumes[i - 1]] + values[i - 1]);
            }
        }
    }
    return m[values.length][capacity];
}

Task skeleton (if present):
public double knapSack(double[] values, int[] volumes, int capacity) {
    assert values.length == volumes.length;
    return 0.0;
}

Reference answer (for understanding intent only; do not copy whole program unless the whole student solution is only one function/method):
/* This function calculates and returns the max
 * value in knapsack with the capacity ""capacity"" wich is filled
 * with stuff of volume ""volumes"" and the value ""values"".
 */
public double knapSack(double[] values, int[] volumes, int capacity) {
    assert values.length == volumes.length;

    int n = values.length;
    double[][] Result = new double[n+1][];

    for(int i = 0; i < n+1; ++i) {
        Result[i] = new double[capacity+1];
    }

    for(int i = n-1; i > -1; --i) {
        for(int j = 0; j < capacity+1; ++j) {
            if (volumes[i] <= j) {
                Result[i][j] = Math.max(values[i] + Result[i+1][j-volumes[i]], Result[i+1][j]);
            } else {
                Result[i][j] = Result[i+1][j];
            }
        }
    }
    return Result[0][capacity];
}

First failed test:

- test number: 17.0
- expected output: true
- actual output: Expected: 3006.0 but got 3004.0
c is: [92.0, 8.0, 47.0, 47.0, 89.0, 4.0, 35.0, 76.0, 46.0, 80.0, 85.0, 77.0, 65.0, 83.0, 77.0, 27.0, 13.0, 66.0, 99.0, 77.0, 75.0, 52.0, 22.0, 5.0, 50.0, 8.0, 52.0, 61.0, 98.0, 99.0, 68.0, 52.0, 38.0, 16.0, 14.0, 14.0, 82.0, 21.0, 73.0, 8.0, 80.0, 36.0, 52.0, 4.0, 98.0, 82.0, 15.0, 57.0, 20.0, 99.0, 46.0, 48.0, 32.0, 48.0, 54.0, 27.0, 92.0, 39.0, 63.0, 3.0, 9.0, 38.0, 24.0, 94.0, 46.0, 67.0, 22.0, 57.0, 40.0, 58.0, 37.0, 69.0, 27.0, 67.0, 76.0, 93.0, 27.0, 28.0, 82.0, 72.0, 26.0, 77.0, 55.0, 25.0, 97.0, 88.0, 50.0, 87.0, 3.0, 76.0, 50.0, 76.0, 73.0, 17.0, 44.0, 34.0, 72.0, 76.0, 23.0, 58.0]
v is: [0, 1, 2, 3, 4, 5, 6, 7, 8, 9, 10, 11, 12, 13, 14, 15, 16, 17, 18, 19, 20, 21, 22, 23, 24, 25, 26, 27, 28, 29, 30, 31, 32, 33, 34, 35, 36, 37, 38, 39, 40, 41, 42, 43, 44, 45, 46, 47, 48, 49, 50, 51, 52, 53, 54, 55, 56, 57, 58, 59, 60, 61, 62, 63, 64, 65, 66, 67, 68, 69, 70, 71, 72, 73, 74, 75, 76, 77, 78, 79, 80, 81, 82, 83, 84, 85, 86, 87, 88, 89, 90, 91, 92, 93, 94, 95, 96, 97, 98, 99]
m is: 1237
- error message: 

Rules:

1. Focus on exactly ONE method or function if possible.
2. The ""replace"" content must be the complete original buggy function or method copied exactly from the student code.
3. The ""with"" content must be the corrected complete version of that same function/method.
4. Do not include main code, test code, markdown, prose inside JSON values.
5. Do not return just a code fragment like a loop, an if block, statement or expression.
6. If you are unable to identify one exact full function/method to replace, then set:
    - ""target_function"" : ""UNKNOWN""
    - ""replace"" : """"
    - ""with"" : """"

Return valid JSON only with exactly these keys:
{
""diagnosis"": ""1-3 short sentences"",
""hints"": [""hint 1"", ""hint 2"", ""hint 3""],
""target_function"": ""function name or UNKNOWN"",
""replace"": ""exact original full function/method or empty string"",
""with"": ""corrected full function/method or empty string""
}","{
""diagnosis"": ""The inner loop starts from j=1, which skips the case where the knapsack capacity is zero. This can cause incorrect results when items with zero volume are present, as they can be included even when capacity is zero. The inner loop should start from j=0."",
""hints"": [
""Check if your DP table correctly considers the case when knapsack capacity is zero."",
""Items with zero volume should be handled carefully; they can always fit, even when capacity is zero."",
""Review the starting index of your inner loop over capacities.""
],
""target_function"": ""knapSack"",
""replace"": ""public double knapSack(double[] values, int[] volumes, int capacity) {\n    assert values.length == volumes.length;\n    \n    if (values.length <= 0 || capacity <= 0) {\n        return 0.0;\n    }\n\n    double[][] m = new double[values.length + 1][capacity + 1];\n    for (int j = 0; j <= capacity; j++) {\n        m[0][j] = 0.0;\n    }\n\n    for (int i = 1; i <= values.length; i++) {\n        for (int j = 1; j <= capacity; j++) { \n            if (volumes[i - 1] > j) {\n                m[i][j] = m[i - 1][j];\n            } else {\n                m[i][j] = Math.max(\n                  m[i - 1][j], \n                  m[i - 1][j - volumes[i - 1]] + values[i - 1]);\n            }\n        }\n    }\n    return m[values.length][capacity];\n}"",
""with"": ""public double knapSack(double[] values, int[] volumes, int capacity) {\n    assert values.length == volumes.length;\n    \n    if (values.length <= 0 || capacity <= 0) {\n        return 0.0;\n    }\n\n    double[][] m = new double[values.length + 1][capacity + 1];\n    for (int j = 0; j <= capacity; j++) {\n        m[0][j] = 0.0;\n    }\n\n    for (int i = 1; i <= values.length; i++) {\n        for (int j = 0; j <= capacity; j++) { // <-- changed from j=1 to j=0\n            if (volumes[i - 1] > j) {\n                m[i][j] = m[i - 1][j];\n            } else {\n                m[i][j] = Math.max(\n                  m[i - 1][j], \n                  m[i - 1][j - volumes[i - 1]] + values[i - 1]);\n            }\n        }\n    }\n    return m[values.length][capacity];\n}""
}",direct_json,"The inner loop starts from j=1, which skips the case where the knapsack capacity is zero. This can cause incorrect results when items with zero volume are present, as they can be included even when capacity is zero. The inner loop should start from j=0.","['Check if your DP table correctly considers the case when knapsack capacity is zero.', 'Items with zero volume should be handled carefully; they can always fit, even when capacity is zero.', 'Review the starting index of your inner loop over capacities.']",knapSack,"public double knapSack(double[] values, int[] volumes, int capacity) {
    assert values.length == volumes.length;
    
    if (values.length <= 0 || capacity <= 0) {
        return 0.0;
    }

    double[][] m = new double[values.length + 1][capacity + 1];
    for (int j = 0; j <= capacity; j++) {
        m[0][j] = 0.0;
    }

    for (int i = 1; i <= values.length; i++) {
        for (int j = 1; j <= capacity; j++) { 
            if (volumes[i - 1] > j) {
                m[i][j] = m[i - 1][j];
            } else {
                m[i][j] = Math.max(
                  m[i - 1][j], 
                  m[i - 1][j - volumes[i - 1]] + values[i - 1]);
            }
        }
    }
    return m[values.length][capacity];
}","public double knapSack(double[] values, int[] volumes, int capacity) {
    assert values.length == volumes.length;
    
    if (values.length <= 0 || capacity <= 0) {
        return 0.0;
    }

    double[][] m = new double[values.length + 1][capacity + 1];
    for (int j = 0; j <= capacity; j++) {
        m[0][j] = 0.0;
    }

    for (int i = 1; i <= values.length; i++) {
        for (int j = 0; j <= capacity; j++) { // <-- changed from j=1 to j=0
            if (volumes[i - 1] > j) {
                m[i][j] = m[i - 1][j];
            } else {
                m[i][j] = Math.max(
                  m[i - 1][j], 
                  m[i - 1][j - volumes[i - 1]] + values[i - 1]);
            }
        }
    }
    return m[values.length][capacity];
}"
321,20_21-3-2-java,RN3W2UJG,java,1,0.0,runtime_error,"You are a programming tutor.

A student's solution failed tests. Your task is to identify ONE local bug and propose ONE small fix.

Attempt: 1
Approach: Choose the single most likely minimal fix.

Programming language: java
Guessed bug type: runtime_error


    For runtime-error bugs:
    - Check the error message to identify the exact failing access or operation.
    - Check for missing base cases, null checks, invalid parent-child references, and bad index updates.
    - Prioritize fixing the root cause inside one method instead of adding code everywhere to fix it.
    - If the task is a list, tree or array structure then preserve structure invariants after the change.
    

Task title: Longest path DAG (Java)
Task description:
Input: Eine natürliche Zahl $1 \leq N \leq 2500$, die angibt wie viele
Ecken der Graph $G$ hat, und ein zwei dimensionales Array $A$  der
Größe $1 \leq M \leq 10^6$  von ganzen Zahlen
$A = [[a^{1}_1,a^{2}_1],[a^{1}_2,a^{2}_2],...,[a^{1}_M,a^{2}_M]]$  was
die Eckenmenge von $G$ codiert.  Falls  $[a,b] \in A$, dann gibt es eine
gerichtete Kante von der Ecke $a$ zur Ecke $b$. Sie dürfen annehmen,
dass es keine gerichteten Zyklen in $G$ gibt. Ein Beispiel: Sei $N = 3$
und $A = [[1,2],[2,3]]$ dann entsteht der folgende Graph:

[]

Output: Die Länge des längsten gerichteten Pfades in $G$. Hierbei muss
Ihr Algorithmus die Lösung in $O(N+M)$ berechnen.

Zeitbegrenzung: 1 CPU-Sekunde

Hinweis:

(1) Die Libraries  java.util.Arrays, java.util.ArrayList, java.lang.Math
werden schon automatisch importiert.

(2) Falls Sie Schwierigkeiten bei dieser Aufgabe haben: Ignorieren Sie
die Laufzeiteinschränkungen und implementieren Sie zuerst eine naive
rekursive Lösung. Verwenden Sie dann dynamische Programmierung
(Memoisierung) um die gewünschte Laufzeit zu erreichen.
(3) Einige Test-Cases wurden verborgen und werden nicht angezeigt um
Hardcoding der Lösungen zu verhindern.


Student code currently passes 0/10 tests and fails 10/10 tests.

Student code:
```java
int calc(int N, int[][] A){
    return null;
}
private boolean isCorrect(double[] c, int[] v, int m, double solution) {

        assert c.length == v.length;



        int n = c.length;

        double[][] Result = new double[n+1][];

    

        for(int i = 0; i < n+1; ++i) {

            Result[i] = new double[m+1];

        }

    

        for(int i = n-1; i > -1; --i) {

            for(int j = 0; j < m+1; ++j) {

                result = computeResult (Musterlösung);

                }

            }

        }

        return Math.abs(Result[0][m] - solution) < 0.01;

    }

Task skeleton (if present):
int calc(int N, int[][] A){
    return null;
}

Reference answer (for understanding intent only; do not copy whole program unless the whole student solution is only one function/method):
int dfs(int node,ArrayList<ArrayList<Integer>> graph,int[] memo){
    if(graph.get(node).size() == 0){
        return 0;
    }
    else if(memo[node] != -1)
        return memo[node];
    else
    {
        int sol = 0;
        for (int i = 0; i < graph.get(node).size(); i++) {
            sol = Math.max(sol,dfs(graph.get(node).get(i),graph,memo) + 1);
        }
        memo[node] = sol;
        return memo[node];
    }
}

int calc(int N, int[][] A){
    ArrayList<ArrayList<Integer>> graph = new ArrayList<>(N+1);
    for (int i = 0; i <= N; i++) {
      graph.add(new ArrayList<>());
      if(i != 0)
          graph.get(0).add(i); 
    }
    for (int i = 0; i < A.length; i++) {
      int start,end;
      start = A[i][0];
      end = A[i][1];
      graph.get(start).add(end);
    }
    int[] memo = new int[N+1];
    for (int i = 0; i <= N; i++) {
      memo[i] = -1;
    }
    return dfs(0,graph,memo)-1;
}

First failed test:

- test number: 1.0
- expected output: 2
- actual output: 
- error message: /var/folders/f2/p7mgl7_s7719pq33zs5dcrh00000gn/T/tmp6ktvx4os/Main.java:63: error: statements not expected outside of methods and initializers
        return Math.abs(Result[0][m] - solution) < 0.01;
        ^
/var/folders/f2/p7mgl7_s7719pq33zs5dcrh00000gn/T/tmp6ktvx4os/Main.java:75: error: class, interface, annotation type, enum, record, method or field expected
}
^
2 errors

Rules:

1. Focus on exactly ONE method or function if possible.
2. The ""replace"" content must be the complete original buggy function or method copied exactly from the student code.
3. The ""with"" content must be the corrected complete version of that same function/method.
4. Do not include main code, test code, markdown, prose inside JSON values.
5. Do not return just a code fragment like a loop, an if block, statement or expression.
6. If you are unable to identify one exact full function/method to replace, then set:
    - ""target_function"" : ""UNKNOWN""
    - ""replace"" : """"
    - ""with"" : """"

Return valid JSON only with exactly these keys:
{
""diagnosis"": ""1-3 short sentences"",
""hints"": [""hint 1"", ""hint 2"", ""hint 3""],
""target_function"": ""function name or UNKNOWN"",
""replace"": ""exact original full function/method or empty string"",
""with"": ""corrected full function/method or empty string""
}","{
""diagnosis"": ""The calc function is not implemented and just returns null, which is invalid for an int return type. This causes a compile-time error. You need to implement the function to compute and return the longest path length as an int."",
""hints"": [
""Returning null from a function that should return int causes a compile error."",
""Implement the logic to compute the longest path in the DAG."",
""Use dynamic programming or DFS with memoization for efficiency.""
],
""target_function"": ""calc"",
""replace"": ""int calc(int N, int[][] A){\n    return null;\n}"",
""with"": ""int calc(int N, int[][] A){\n    ArrayList<ArrayList<Integer>> graph = new ArrayList<>(N+1);\n    for (int i = 0; i <= N; i++) {\n        graph.add(new ArrayList<>());\n    }\n    for (int i = 0; i < A.length; i++) {\n        int start = A[i][0];\n        int end = A[i][1];\n        graph.get(start).add(end);\n    }\n    int[] memo = new int[N+1];\n    for (int i = 0; i <= N; i++) {\n        memo[i] = -1;\n    }\n    int res = 0;\n    for (int i = 1; i <= N; i++) {\n        res = Math.max(res, dfs(i, graph, memo));\n    }\n    return res;\n}\n\nint dfs(int node, ArrayList<ArrayList<Integer>> graph, int[] memo) {\n    if (memo[node] != -1) return memo[node];\n    int maxLen = 0;\n    for (int next : graph.get(node)) {\n        maxLen = Math.max(maxLen, 1 + dfs(next, graph, memo));\n    }\n    memo[node] = maxLen;\n    return maxLen;\n}\n""
}",direct_json,"The calc function is not implemented and just returns null, which is invalid for an int return type. This causes a compile-time error. You need to implement the function to compute and return the longest path length as an int.","['Returning null from a function that should return int causes a compile error.', 'Implement the logic to compute the longest path in the DAG.', 'Use dynamic programming or DFS with memoization for efficiency.']",calc,"int calc(int N, int[][] A){
    return null;
}","int calc(int N, int[][] A){
    ArrayList<ArrayList<Integer>> graph = new ArrayList<>(N+1);
    for (int i = 0; i <= N; i++) {
        graph.add(new ArrayList<>());
    }
    for (int i = 0; i < A.length; i++) {
        int start = A[i][0];
        int end = A[i][1];
        graph.get(start).add(end);
    }
    int[] memo = new int[N+1];
    for (int i = 0; i <= N; i++) {
        memo[i] = -1;
    }
    int res = 0;
    for (int i = 1; i <= N; i++) {
        res = Math.max(res, dfs(i, graph, memo));
    }
    return res;
}

int dfs(int node, ArrayList<ArrayList<Integer>> graph, int[] memo) {
    if (memo[node] != -1) return memo[node];
    int maxLen = 0;
    for (int next : graph.get(node)) {
        maxLen = Math.max(maxLen, 1 + dfs(next, graph, memo));
    }
    memo[node] = maxLen;
    return maxLen;
}
"
321,20_21-3-2-java,RN3W2UJG,java,2,0.2,runtime_error,"You are a programming tutor.

A student's solution failed tests. Your task is to identify ONE local bug and propose ONE small fix.

Attempt: 2
Approach: Choose a different localized fix, prioritizing null checks, state updates, index updates, or base-case errors when relevant.

Programming language: java
Guessed bug type: runtime_error


    For runtime-error bugs:
    - Check the error message to identify the exact failing access or operation.
    - Check for missing base cases, null checks, invalid parent-child references, and bad index updates.
    - Prioritize fixing the root cause inside one method instead of adding code everywhere to fix it.
    - If the task is a list, tree or array structure then preserve structure invariants after the change.
    

Task title: Longest path DAG (Java)
Task description:
Input: Eine natürliche Zahl $1 \leq N \leq 2500$, die angibt wie viele
Ecken der Graph $G$ hat, und ein zwei dimensionales Array $A$  der
Größe $1 \leq M \leq 10^6$  von ganzen Zahlen
$A = [[a^{1}_1,a^{2}_1],[a^{1}_2,a^{2}_2],...,[a^{1}_M,a^{2}_M]]$  was
die Eckenmenge von $G$ codiert.  Falls  $[a,b] \in A$, dann gibt es eine
gerichtete Kante von der Ecke $a$ zur Ecke $b$. Sie dürfen annehmen,
dass es keine gerichteten Zyklen in $G$ gibt. Ein Beispiel: Sei $N = 3$
und $A = [[1,2],[2,3]]$ dann entsteht der folgende Graph:

[]

Output: Die Länge des längsten gerichteten Pfades in $G$. Hierbei muss
Ihr Algorithmus die Lösung in $O(N+M)$ berechnen.

Zeitbegrenzung: 1 CPU-Sekunde

Hinweis:

(1) Die Libraries  java.util.Arrays, java.util.ArrayList, java.lang.Math
werden schon automatisch importiert.

(2) Falls Sie Schwierigkeiten bei dieser Aufgabe haben: Ignorieren Sie
die Laufzeiteinschränkungen und implementieren Sie zuerst eine naive
rekursive Lösung. Verwenden Sie dann dynamische Programmierung
(Memoisierung) um die gewünschte Laufzeit zu erreichen.
(3) Einige Test-Cases wurden verborgen und werden nicht angezeigt um
Hardcoding der Lösungen zu verhindern.


Student code currently passes 0/10 tests and fails 10/10 tests.

Student code:
```java
int calc(int N, int[][] A){
    return null;
}
private boolean isCorrect(double[] c, int[] v, int m, double solution) {

        assert c.length == v.length;



        int n = c.length;

        double[][] Result = new double[n+1][];

    

        for(int i = 0; i < n+1; ++i) {

            Result[i] = new double[m+1];

        }

    

        for(int i = n-1; i > -1; --i) {

            for(int j = 0; j < m+1; ++j) {

                result = computeResult (Musterlösung);

                }

            }

        }

        return Math.abs(Result[0][m] - solution) < 0.01;

    }

Task skeleton (if present):
int calc(int N, int[][] A){
    return null;
}

Reference answer (for understanding intent only; do not copy whole program unless the whole student solution is only one function/method):
int dfs(int node,ArrayList<ArrayList<Integer>> graph,int[] memo){
    if(graph.get(node).size() == 0){
        return 0;
    }
    else if(memo[node] != -1)
        return memo[node];
    else
    {
        int sol = 0;
        for (int i = 0; i < graph.get(node).size(); i++) {
            sol = Math.max(sol,dfs(graph.get(node).get(i),graph,memo) + 1);
        }
        memo[node] = sol;
        return memo[node];
    }
}

int calc(int N, int[][] A){
    ArrayList<ArrayList<Integer>> graph = new ArrayList<>(N+1);
    for (int i = 0; i <= N; i++) {
      graph.add(new ArrayList<>());
      if(i != 0)
          graph.get(0).add(i); 
    }
    for (int i = 0; i < A.length; i++) {
      int start,end;
      start = A[i][0];
      end = A[i][1];
      graph.get(start).add(end);
    }
    int[] memo = new int[N+1];
    for (int i = 0; i <= N; i++) {
      memo[i] = -1;
    }
    return dfs(0,graph,memo)-1;
}

First failed test:

- test number: 1.0
- expected output: 2
- actual output: 
- error message: /var/folders/f2/p7mgl7_s7719pq33zs5dcrh00000gn/T/tmp6ktvx4os/Main.java:63: error: statements not expected outside of methods and initializers
        return Math.abs(Result[0][m] - solution) < 0.01;
        ^
/var/folders/f2/p7mgl7_s7719pq33zs5dcrh00000gn/T/tmp6ktvx4os/Main.java:75: error: class, interface, annotation type, enum, record, method or field expected
}
^
2 errors

Rules:

1. Focus on exactly ONE method or function if possible.
2. The ""replace"" content must be the complete original buggy function or method copied exactly from the student code.
3. The ""with"" content must be the corrected complete version of that same function/method.
4. Do not include main code, test code, markdown, prose inside JSON values.
5. Do not return just a code fragment like a loop, an if block, statement or expression.
6. If you are unable to identify one exact full function/method to replace, then set:
    - ""target_function"" : ""UNKNOWN""
    - ""replace"" : """"
    - ""with"" : """"

Return valid JSON only with exactly these keys:
{
""diagnosis"": ""1-3 short sentences"",
""hints"": [""hint 1"", ""hint 2"", ""hint 3""],
""target_function"": ""function name or UNKNOWN"",
""replace"": ""exact original full function/method or empty string"",
""with"": ""corrected full function/method or empty string""
}","{
""diagnosis"": ""The calc function returns null, which is invalid for an int return type and causes a runtime error. You should return an integer value, such as 0 for an empty graph. This will fix the immediate runtime error."",
""hints"": [""Check the return type of calc and what it returns."", ""Returning null for an int is not allowed in Java."", ""Try returning 0 or another integer instead of null.""],
""target_function"": ""calc"",
""replace"": ""int calc(int N, int[][] A){\n    return null;\n}"",
""with"": ""int calc(int N, int[][] A){\n    return 0;\n}""
}",direct_json,"The calc function returns null, which is invalid for an int return type and causes a runtime error. You should return an integer value, such as 0 for an empty graph. This will fix the immediate runtime error.","['Check the return type of calc and what it returns.', 'Returning null for an int is not allowed in Java.', 'Try returning 0 or another integer instead of null.']",calc,"int calc(int N, int[][] A){
    return null;
}","int calc(int N, int[][] A){
    return 0;
}"
